gene,site,fel_pval,composition,fel_qval,substitutions,prime_qval,majority_residue,fel_beta,fel_selection,meme_pval,meme_qval,fel_alpha,prime_marker
capsid_protein_C,1,1.0,"M:1078,?:154,L:1",1.0,L:M:1,1.0,M,0.000,neutral,1.0,1.0,0.000,-
capsid_protein_C,2,4.518416789844881e-05,"N:1082,?:149,I:2",0.00019645290390629918,"N:N:23,I:N:1",1.0,N,0.130,negative,0.6666666666666666,0.6734006734006733,1.975,-
capsid_protein_C,11,0.9954954164119373,"T:1112,?:98,P:5,S:4,A:12,K:1,L:1",1.0,"P:T:3,S:T:4,A:T:4,T:T:3,K:T:1,L:T:1",1.0,T,0.265,neutral,0.6237837630842766,0.6734006734006733,0.267,-
capsid_protein_C,12,0.8899049626765125,"P:1144,?:81,S:5,H:1,L:1,A:1",1.0,"P:S:2,H:P:1,L:P:1,A:P:1",1.0,P,0.070,neutral,0.6008251268338353,0.6734006734006733,0.057,-
capsid_protein_C,13,1.0,"F:1156,?:76,I:1",1.0,F:I:1,1.0,F,0.000,neutral,0.6666666666666666,0.6734006734006733,0.000,-
capsid_protein_C,14,0.7356367025615921,"N:1159,?:71,S:1,D:2",0.8553915146065024,"N:S:1,N:N:1,D:N:1",1.0,N,0.129,neutral,0.5332306179268507,0.6734006734006733,0.080,-
capsid_protein_C,15,1.0,"M:1169,?:62,R:1,V:1",1.0,"M:R:1,M:V:1",1.0,M,0.000,neutral,0.6666666666666666,0.6734006734006733,0.031,-
capsid_protein_C,16,0.07965503574327326,"L:1180,?:47,V:2,M:4",0.12254620883580501,"L:V:2,L:M:3",1.0,L,0.154,neutral,0.0917385324550598,0.6734006734006733,0.000,-
capsid_protein_C,17,0.6056882219825251,"K:1176,?:45,R:10,T:1,N:1",0.7210574071220537,"K:R:3,K:T:1,K:N:1,K:K:1",1.0,K,0.230,neutral,0.4656493705992877,0.6734006734006733,0.113,-
capsid_protein_C,18,0.0008091077069517505,"R:1191,?:42",0.0019734334315896353,R:R:10,1.0,R,0.000,negative,0.6666666666666666,0.6734006734006733,0.859,-
capsid_protein_C,19,0.2064269710768422,"E:1185,?:44,K:1,V:1,A:2",0.27523596143578954,"E:K:1,E:V:1,A:E:1",1.0,E,0.121,neutral,0.2079958678555172,0.6734006734006733,0.000,-
capsid_protein_C,20,0.1019795878548524,"R:1191,?:42",0.15220834008186923,R:R:3,1.0,R,0.000,neutral,0.6666666666666666,0.6734006734006733,0.303,-
capsid_protein_C,3,1.0,"N:1087,?:143,T:1,I:1,S:1",1.0,"N:T:1,I:N:1,N:S:1",1.0,N,0.000,neutral,0.6666666666666666,0.6734006734006733,0.000,-
capsid_protein_C,21,0.2741562382813584,"N:1217,?:14,I:1,S:1",0.3468813711821087,"I:N:1,N:S:1",1.0,N,0.000,neutral,0.6666666666666666,0.6734006734006733,0.112,-
capsid_protein_C,22,0.1336730005427208,"R:1220,?:11,H:1,S:1",0.19657794197458942,"H:R:1,R:S:1,R:R:2",1.0,R,0.000,neutral,0.6666666666666666,0.6734006734006733,0.169,-
capsid_protein_C,23,0.2588031542277495,"V:1223,?:10",0.33179891567660197,V:V:1,1.0,V,0.000,neutral,0.6666666666666666,0.6734006734006733,0.086,-
capsid_protein_C,24,4.042417671712428e-06,"S:1225,?:8",2.8874411940803058e-05,S:S:12,1.0,S,0.000,negative,0.6666666666666666,0.6734006734006733,1.095,-
capsid_protein_C,25,0.1569813096124687,"T:1221,S:2,?:10",0.2150428898800941,"S:T:2,T:T:2",1.0,T,0.000,neutral,0.6666666666666666,0.6734006734006733,0.112,-
capsid_protein_C,26,0.005403513536003657,"V:1201,A:6,E:1,?:12,M:11,T:2",0.011027578644905422,"V:V:15,A:V:2,E:V:1,?:V:1,M:V:3,M:T:1",1.0,V,0.289,negative,0.6666666666666666,0.6734006734006733,1.340,-
capsid_protein_C,27,0.01985370217221594,"Q:1223,H:2,?:6,R:1,K:1",0.03609764031311989,"H:Q:2,Q:Q:6,Q:R:1,K:Q:1",1.0,Q,0.000,negative,0.6666666666666666,0.6734006734006733,0.661,-
capsid_protein_C,28,0.3700585376035951,"Q:1228,?:5",0.44585365976336755,Q:Q:1,1.0,Q,0.000,neutral,0.6666666666666666,0.6734006734006733,0.098,-
capsid_protein_C,29,0.0007015219995524236,"L:1227,?:6",0.001753804998881059,L:L:24,1.0,L,0.000,negative,0.6666666666666666,0.6734006734006733,0.985,-
capsid_protein_C,30,1.246904229856849e-05,"T:1224,A:1,?:7,K:1",7.031955707355783e-05,"T:T:13,A:T:1,K:T:1",1.0,T,0.000,negative,0.6666666666666666,0.6734006734006733,1.221,-
capsid_protein_C,4,1.0,"Q:1089,H:2,?:140,A:1,P:1",1.0,"H:Q:2,A:Q:1,P:Q:1",1.0,Q,0.000,neutral,0.6666666666666666,0.6734006734006733,0.000,-
capsid_protein_C,31,1.0,"K:1227,Q:1,?:5",1.0,K:Q:1,1.0,K,0.000,neutral,0.6666666666666666,0.6734006734006733,0.000,-
capsid_protein_C,32,1.0,"R:1227,G:1,?:5",1.0,G:R:1,1.0,R,0.000,neutral,0.6666666666666666,0.6734006734006733,0.000,-
capsid_protein_C,33,0.9999999524423742,"F:1228,?:5",1.0,NA,1.0,F,0.000,neutral,0.6666666666666666,0.6734006734006733,0.000,-
capsid_protein_C,34,0.05921988288299962,"S:1228,?:5",0.09551594013387037,S:S:2,1.0,S,0.000,neutral,0.6666666666666666,0.6734006734006733,0.184,-
capsid_protein_C,35,3.792970841154375e-05,"L:1221,F:5,I:1,?:6",0.00017657716421259906,"L:L:17,F:L:5,I:L:1",1.0,L,0.000,negative,0.6666666666666666,0.6734006734006733,0.982,-
capsid_protein_C,36,0.143622310943336,"G:1227,R:1,?:5",0.20292153640799326,"G:G:2,G:R:1",1.0,G,0.000,neutral,0.6666666666666666,0.6734006734006733,0.184,-
capsid_protein_C,37,1.0,"M:1224,I:2,K:1,T:1,?:5",1.0,"I:M:2,K:M:1,M:T:1",1.0,M,0.000,neutral,0.6666666666666666,0.6734006734006733,0.000,-
capsid_protein_C,38,0.004138389222222982,"L:1228,F:1,?:4",0.008621644212964547,"L:L:16,F:L:1",1.0,L,0.000,negative,0.6666666666666666,0.6734006734006733,0.705,-
capsid_protein_C,39,0.0001311670884660554,"Q:1227,H:1,?:5",0.0004372236282201847,"Q:Q:17,H:Q:1",1.0,Q,0.000,negative,0.6666666666666666,0.6734006734006733,1.806,-
capsid_protein_C,40,0.001123703954649669,"G:1226,D:1,?:5,R:1",0.0025538726242037933,"G:G:9,D:G:1,G:R:1",1.0,G,0.000,negative,0.6666666666666666,0.6734006734006733,0.924,-
capsid_protein_C,5,1.516129000123101e-09,"R:1087,?:145,S:1",7.580645000615505e-08,"R:R:42,R:S:1",1.0,R,0.000,negative,0.6666666666666666,0.6734006734006733,3.522,-
capsid_protein_C,41,7.079611481630721e-05,"R:1223,?:6,Q:1,G:1,P:1,H:1",0.00028318445926522884,"R:R:24,Q:R:1,G:R:1,P:R:1,H:R:1",1.0,R,0.000,negative,0.6666666666666666,0.6734006734006733,1.950,-
capsid_protein_C,42,0.02052461573858766,"G:1229,?:4",0.03617205994408128,G:G:5,1.0,G,0.000,negative,0.6666666666666666,0.6734006734006733,0.464,-
capsid_protein_C,43,3.688796094136748e-07,"P:1223,?:5,T:5",4.317322197275628e-06,"P:P:19,P:T:3",1.0,P,0.068,negative,0.6666666666666666,0.6734006734006733,1.794,-
capsid_protein_C,44,6.320497717426932e-07,"L:1230,?:3",6.320497717426932e-06,L:L:50,1.0,L,0.000,negative,0.6666666666666666,0.6734006734006733,2.124,-
capsid_protein_C,45,0.02061807416812633,"K:1223,R:4,N:1,?:5",0.03617205994408128,"K:R:4,K:N:1,K:K:5",1.0,K,0.000,negative,0.6666666666666666,0.6734006734006733,0.563,-
capsid_protein_C,46,0.0001694355121854008,"L:1228,?:4,G:1",0.0005465661683400026,"L:L:28,G:L:1",1.0,L,0.000,negative,0.6666666666666666,0.6734006734006733,1.214,-
capsid_protein_C,47,9.038897405866386e-05,"F:1229,I:1,?:3",0.00032281776449522806,"F:F:8,F:I:1",1.0,F,0.000,negative,0.6666666666666666,0.6734006734006733,0.922,-
capsid_protein_C,48,0.9999999663716803,"M:1227,?:6",1.0,NA,1.0,M,0.000,neutral,0.6666666666666666,0.6734006734006733,0.153,-
capsid_protein_C,49,0.0001959662586782374,"A:1225,T:1,G:1,?:6",0.0005875432687482206,"A:A:9,A:T:1,A:G:1",1.0,A,0.000,negative,0.6666666666666666,0.6734006734006733,0.766,-
capsid_protein_C,50,0.01089730649516707,"L:1205,?:12,M:1,G:1,F:14",0.02136726763758249,"L:L:30,L:M:1,G:L:1,F:L:10",1.0,L,0.374,negative,0.6666666666666666,0.6734006734006733,1.379,-
capsid_protein_C,6,0.0714674441199632,"K:1116,?:115,S:1,R:1",0.11344038749200508,"K:K:3,K:S:1,K:R:1",1.0,K,0.000,neutral,0.6666666666666666,0.6734006734006733,0.352,-
capsid_protein_C,51,5.600709576447649e-06,"V:1220,A:2,L:1,?:8,E:1,G:1",3.5004434852797806e-05,"A:V:2,V:V:16,L:V:1,E:V:1,G:V:1",1.0,V,0.000,negative,0.6666666666666666,0.6734006734006733,1.416,-
capsid_protein_C,52,1.276164400487723e-06,"A:1198,T:24,?:9,V:2",1.0634703337397694e-05,"A:T:10,A:A:23,A:V:2",1.0,A,0.146,negative,0.6666666666666666,0.6734006734006733,1.934,-
capsid_protein_C,53,1.265752027324041e-05,"F:1223,?:9,L:1",7.031955707355783e-05,"F:F:10,F:L:1",1.0,F,0.000,negative,0.6666666666666666,0.6734006734006733,1.156,-
capsid_protein_C,54,0.0002157372995424955,"L:1225,F:1,?:7",0.0006163922844071299,"L:L:14,F:L:1",1.0,L,0.000,negative,0.6666666666666666,0.6734006734006733,0.788,-
capsid_protein_C,55,1.0,"R:1226,?:7",1.0,NA,1.0,R,0.000,neutral,0.6666666666666666,0.6734006734006733,0.000,-
capsid_protein_C,56,1.481067579467421e-06,"F:1223,?:8,L:1,Y:1",1.1392827534364778e-05,"F:F:12,F:L:1,F:Y:1",1.0,F,0.000,negative,0.6666666666666666,0.6734006734006733,1.414,-
capsid_protein_C,57,0.002958087450047775,"L:1219,?:13,N:1",0.006293803085208032,"L:L:17,L:N:1",1.0,L,0.000,negative,0.6666666666666666,0.6734006734006733,0.764,-
capsid_protein_C,58,0.277505096945687,"T:1224,S:2,?:7",0.3468813711821087,"T:T:3,S:T:1",1.0,T,0.086,neutral,0.6597362019104085,0.6734006734006733,0.276,-
capsid_protein_C,59,0.243545604898178,"I:1219,V:5,?:8,L:1",0.31629299337425715,"I:I:4,I:V:3,I:L:1",1.0,I,0.115,neutral,0.6666666666666666,0.6734006734006733,0.376,-
capsid_protein_C,60,0.0002329874753863592,"P:1218,S:3,?:11,L:1",0.0006296958794225924,"P:P:8,P:S:3,L:P:1",1.0,P,0.000,negative,0.6666666666666666,0.6734006734006733,0.731,-
capsid_protein_C,7,0.3305772489702936,"K:1119,?:111,E:2,R:1",0.4081200604571526,"E:K:2,K:K:1,K:R:1",1.0,K,0.000,neutral,0.6666666666666666,0.6734006734006733,0.101,-
capsid_protein_C,61,0.008940786615869056,"P:1223,?:10",0.017881573231738113,P:P:4,1.0,P,0.000,negative,0.6666666666666666,0.6734006734006733,0.368,-
capsid_protein_C,62,0.1706813899353816,"T:1220,K:1,A:1,?:10,R:1",0.23065052693970486,"K:T:1,A:T:1,T:T:1,R:T:1",1.0,T,0.000,neutral,0.6666666666666666,0.6734006734006733,0.183,-
capsid_protein_C,63,0.2230447981709429,"A:1198,V:14,T:15,?:6",0.2934799975933459,"A:V:9,A:A:11,A:T:9",1.0,A,0.586,neutral,0.6666666666666666,0.6734006734006733,1.031,-
capsid_protein_C,64,0.02163216376474542,"G:1224,V:1,E:1,?:6,R:1",0.037296834077147276,"G:G:4,G:V:1,E:G:1,G:R:1",1.0,G,0.000,negative,0.6666666666666666,0.6734006734006733,0.433,-
capsid_protein_C,65,0.01451240437446555,"I:1217,M:7,?:6,T:1,E:1,V:1",0.027381895046161415,"I:M:6,I:I:2,I:T:1,E:I:1,I:V:1",1.0,I,0.087,negative,0.6666666666666666,0.6734006734006733,1.439,-
capsid_protein_C,66,4.547112794406338e-06,"L:1228,?:4,R:1",3.0314085296042254e-05,"L:L:43,L:R:1",1.0,L,0.000,negative,0.6666666666666666,0.6734006734006733,1.918,-
capsid_protein_C,67,3.884697612677179e-05,"K:1225,R:4,?:4",0.00017657716421259906,"K:K:16,K:R:4",1.0,K,0.000,negative,0.6666666666666666,0.6734006734006733,1.798,-
capsid_protein_C,68,0.346297124787204,"R:1230,?:3",0.4223135668136634,R:R:1,1.0,R,0.000,neutral,0.6666666666666666,0.6734006734006733,0.099,-
capsid_protein_C,69,1.0,"W:1229,C:1,?:3",1.0,C:W:1,1.0,W,0.000,neutral,0.6666666666666666,0.6734006734006733,0.000,-
capsid_protein_C,70,0.03866226092963987,"G:1229,?:3,R:1",0.06552925581294892,"G:G:4,G:R:1",1.0,G,0.000,neutral,0.6666666666666666,0.6734006734006733,0.369,-
capsid_protein_C,8,0.6685540829579538,"A:1117,?:107,V:3,E:1,T:4,S:1",0.7865342152446516,"A:V:2,A:E:1,A:T:1,A:S:1",1.0,A,0.150,neutral,0.4917695104926039,0.6734006734006733,0.090,-
capsid_protein_C,71,3.580858117802066e-07,"T:1219,I:3,K:1,A:4,M:1,?:5",4.317322197275628e-06,"I:T:3,T:T:18,K:T:1,A:T:4,M:T:1",1.0,T,0.000,negative,0.6666666666666666,0.6734006734006733,1.645,-
capsid_protein_C,72,1.15199106454078e-06,"I:1185,V:41,?:6,T:1",1.0472646041279818e-05,"I:V:5,I:I:34,V:V:1,I:T:1",1.0,I,0.343,negative,0.6666666666666666,0.6734006734006733,3.116,-
capsid_protein_C,73,0.04559275770626348,"K:1216,?:7,R:10",0.07474222574797292,"K:K:8,K:R:2",1.0,K,0.159,neutral,0.6666666666666666,0.6734006734006733,0.896,-
capsid_protein_C,74,3.609504881507686e-05,"K:1225,R:2,?:6",0.00017657716421259906,"K:K:16,K:R:2",1.0,K,0.000,negative,0.6666666666666666,0.6734006734006733,1.817,-
capsid_protein_C,75,0.001096791273828779,"S:1220,?:6,P:2,L:4,T:1",0.002550677380997161,"S:S:6,P:S:2,L:S:4,S:T:1",1.0,S,0.000,negative,0.6666666666666666,0.6734006734006733,0.553,-
capsid_protein_C,76,0.0002282109392305331,"K:1222,R:5,?:6",0.0006296958794225924,"K:R:4,K:K:19",1.0,K,0.160,negative,0.6666666666666666,0.6734006734006733,2.108,-
capsid_protein_C,77,2.61858312811114e-11,"A:1227,T:1,?:5",2.61858312811114e-09,"A:A:35,A:T:1",1.0,A,0.000,negative,0.6666666666666666,0.6734006734006733,2.284,-
capsid_protein_C,78,1.437195329412333e-08,"I:1219,V:6,T:3,H:1,?:4",2.874390658824666e-07,"I:I:34,I:V:5,I:T:3,H:I:1",1.0,I,0.114,negative,0.6666666666666666,0.6734006734006733,3.122,-
capsid_protein_C,79,0.09080302450331923,"N:1213,S:10,?:5,K:5",0.13758034015654427,"N:N:10,N:S:6,K:N:3",1.0,N,0.252,neutral,0.6570342053501813,0.6734006734006733,0.811,-
capsid_protein_C,80,3.885589977548065e-07,"V:1219,I:8,?:5,A:1",4.317322197275628e-06,"V:V:31,I:V:7,A:V:1",1.0,V,0.096,negative,0.6666666666666666,0.6734006734006733,2.122,-
capsid_protein_C,9,0.04181945906969564,"K:326,?:101,E:2,I:1,R:796,G:4,W:1,S:2",0.06969909844949274,"E:K:2,K:K:2,I:K:1,K:R:21,R:R:1,G:R:2,G:G:1,R:W:1,R:S:1",1.0,R,1.621,neutral,0.03367879411964503,0.6734006734006733,0.526,-
capsid_protein_C,81,8.683124081609872e-05,"L:1229,M:1,?:3",0.00032159718820777306,"L:L:32,L:M:1",1.0,L,0.000,negative,0.6666666666666666,0.6734006734006733,1.265,-
capsid_protein_C,82,0.1519011447536363,"R:1225,K:5,?:3",0.2109738121578282,K:R:4,1.0,R,0.177,neutral,0.1604033907845922,0.6734006734006733,0.000,-
capsid_protein_C,83,3.41312226124213e-05,"G:1228,?:3,E:2",0.00017657716421259906,"G:G:16,E:G:2",1.0,G,0.000,negative,0.6666666666666666,0.6734006734006733,1.422,-
capsid_protein_C,84,5.034951233717777e-09,"F:1228,?:3,L:1,S:1",1.4932821090773984e-07,"F:F:18,F:L:1,F:S:1",1.0,F,0.000,negative,0.6666666666666666,0.6734006734006733,2.085,-
capsid_protein_C,85,0.000199764711374395,"R:1222,K:6,G:1,?:4",0.0005875432687482206,"K:R:6,R:R:16,G:R:1",1.0,R,0.000,negative,0.6666666666666666,0.6734006734006733,1.447,-
capsid_protein_C,86,0.07292356911024878,"K:1220,R:8,?:5",0.11394307673476371,"K:K:7,K:R:7",1.0,K,0.158,neutral,0.6645190237318408,0.6734006734006733,0.787,-
capsid_protein_C,87,7.056627060142429e-05,"E:1229,?:4",0.00028318445926522884,E:E:13,1.0,E,0.000,negative,0.6666666666666666,0.6734006734006733,1.299,-
capsid_protein_C,88,0.0001893734887904452,"I:1226,V:3,?:3,L:1",0.0005875432687482206,"I:I:15,I:V:3,I:L:1",1.0,I,0.000,negative,0.6666666666666666,0.6734006734006733,1.005,-
capsid_protein_C,89,0.1440742908496752,"G:1229,E:1,?:3",0.20292153640799326,"E:G:1,G:G:2",1.0,G,0.000,neutral,0.6666666666666666,0.6734006734006733,0.184,-
capsid_protein_C,90,0.01962389999064951,"R:1216,?:8,K:9",0.03609764031311989,"K:R:7,R:R:16",1.0,R,0.333,negative,0.655438918679321,0.6734006734006733,1.449,-
capsid_protein_C,10,0.002610779764805504,"N:709,?:105,T:19,K:3,R:3,F:1,S:392,I:1",0.005675608184359791,"N:N:27,N:T:1,K:N:3,K:R:1,F:N:1,N:S:11,S:S:2,R:S:1,I:S:1",1.0,N,0.840,negative,0.2056013472694607,0.6734006734006733,2.832,-
capsid_protein_C,91,0.1367264442923659,"M:1227,?:5,I:1",0.1981542670903854,I:M:1,1.0,M,0.000,neutral,0.6666666666666666,0.6734006734006733,10000.000,-
capsid_protein_C,92,0.0001085228704857943,"L:1224,?:6,M:2,P:1",0.0003742167947786011,"L:L:30,L:M:2,L:P:1",1.0,L,0.000,negative,0.6666666666666666,0.6734006734006733,1.284,-
capsid_protein_C,93,7.77224447048308e-05,"N:1223,D:2,?:5,T:1,S:1,Y:1",0.0002989324796339646,"N:N:13,D:N:2,N:T:1,N:S:1,N:Y:1",1.0,N,0.000,negative,0.6666666666666666,0.6734006734006733,1.475,-
capsid_protein_C,94,0.0002490182149257336,"I:1227,T:2,?:4",0.0006553110919098253,"I:I:11,I:T:2",1.0,I,0.000,negative,0.6666666666666666,0.6734006734006733,1.070,-
capsid_protein_C,95,0.002594429985193103,"L:1222,?:8,E:1,M:2",0.005675608184359791,"L:L:19,E:L:1,L:M:2",1.0,L,0.000,negative,0.6666666666666666,0.6734006734006733,0.738,-
capsid_protein_C,96,2.293591818691709e-07,"N:1225,S:2,?:6",3.822653031152848e-06,"N:N:24,N:S:2",1.0,N,0.000,negative,0.6666666666666666,0.6734006734006733,2.406,-
capsid_protein_C,97,0.01312626194008348,"R:1209,?:6,K:18",0.02524281142323746,"R:R:16,K:R:3,K:K:1",1.0,R,0.334,negative,0.6666666666666666,0.6734006734006733,1.557,-
capsid_protein_C,98,0.001026442550312701,"R:1228,?:5",0.0024439108340778594,R:R:12,1.0,R,0.000,negative,0.6666666666666666,0.6734006734006733,1.206,-
capsid_protein_C,99,5.973128436309594e-09,"R:1225,H:2,E:1,?:5",1.4932821090773984e-07,"R:R:30,H:R:2,E:R:1",1.0,R,0.000,negative,0.6666666666666666,0.6734006734006733,2.554,-
capsid_protein_C,100,0.000441877066828078,"R:1227,?:5,K:1",0.0011330181200719948,"R:R:14,K:R:1",1.0,R,0.000,negative,0.6666666666666666,0.6734006734006733,1.341,-
nonstructural_protein_NS4A,1,1.0,"S:1809,I:1,?:28,Y:1,T:2",1.0,"S:S:28,I:S:1,S:Y:1,S:T:2",1.0,S,0.000,neutral,1.0,1.0,0.000,-
nonstructural_protein_NS4A,2,1.069043957024896e-06,"L:1814,P:1,?:26",3.0856496032309497e-06,"L:L:38,L:P:1",1.0,L,0.000,negative,0.6666666666666666,0.6719576719576719,1.013,-
nonstructural_protein_NS4A,11,8.898469661122732e-08,"G:1808,?:33",3.645502086976087e-07,G:G:40,1.0,G,0.000,negative,0.6666666666666666,0.6719576719576719,1.424,-
nonstructural_protein_NS4A,101,1.137010084439893e-05,"Q:1817,?:24",2.3672177167846955e-05,Q:Q:22,1.0,Q,0.000,negative,0.6666666666666666,0.6719576719576719,1.569,-
nonstructural_protein_NS4A,102,8.049820990230216e-06,"P:1825,?:15,L:1",1.8255844031414954e-05,"P:P:10,L:P:1",1.0,P,0.000,negative,0.6666666666666666,0.6719576719576719,0.602,-
nonstructural_protein_NS4A,103,6.887658443588407e-09,"H:1821,?:19,Q:1",3.644719259732199e-08,"H:H:29,H:Q:1",1.0,H,0.000,negative,0.6666666666666666,0.6719576719576719,1.386,-
nonstructural_protein_NS4A,104,0.9999999663716803,"W:1836,?:5",1.0,NA,1.0,W,0.000,neutral,0.6666666666666666,0.6719576719576719,0.153,-
nonstructural_protein_NS4A,105,0.004610402847043504,"I:1835,?:5,K:1",0.0055763920149954765,"I:I:2,I:K:1",1.0,I,0.000,negative,0.6666666666666666,0.6719576719576719,0.566,-
nonstructural_protein_NS4A,106,3.691705959818492e-07,"A:1839,?:2",1.2021709151203807e-06,A:A:14,1.0,A,0.000,negative,0.6666666666666666,0.6719576719576719,0.843,-
nonstructural_protein_NS4A,107,3.238767631863482e-08,"A:1834,V:5,D:1,?:1",1.418356859471249e-07,"A:A:25,A:V:5,A:D:1",1.0,A,0.000,negative,0.6666666666666666,0.6719576719576719,0.839,-
nonstructural_protein_NS4A,108,0.001279861909729618,"S:1838,?:3",0.0016931506514131405,S:S:5,1.0,S,0.000,negative,0.6666666666666666,0.6719576719576719,0.299,-
nonstructural_protein_NS4A,109,0.9999999211345997,"I:1840,?:1",1.0,NA,1.0,I,0.000,neutral,0.6666666666666666,0.6719576719576719,0.000,-
nonstructural_protein_NS4A,110,0.04342648594254683,"I:1839,T:1,?:1",0.04880675853719865,I:T:1,1.0,I,0.000,negative,0.6666666666666666,0.6719576719576719,0.293,-
nonstructural_protein_NS4A,12,0.07252307752959819,"R:1778,?:36,K:27",0.08009070301094756,"R:R:16,K:R:11",1.0,R,0.438,neutral,0.6666666666666666,0.6719576719576719,1.034,-
nonstructural_protein_NS4A,111,9.660364899677365e-05,"L:1835,?:6",0.00015529953699481333,L:L:26,1.0,L,0.000,negative,0.6666666666666666,0.6719576719576719,0.644,-
nonstructural_protein_NS4A,112,3.751538610097249e-06,"E:1836,?:5",9.342066734948052e-06,E:E:18,1.0,E,0.000,negative,0.6666666666666666,0.6719576719576719,1.195,-
nonstructural_protein_NS4A,113,1.004251282132884e-08,"F:1829,?:10,V:1,C:1",5.101596513235051e-08,"F:F:21,F:V:1,C:F:1,?:F:1",1.0,F,0.000,negative,0.6666666666666666,0.6719576719576719,0.911,-
nonstructural_protein_NS4A,114,1.45283785002448e-12,"F:1836,?:5",3.075173449218483e-11,F:F:33,1.0,F,0.000,negative,0.6666666666666666,0.6719576719576719,1.416,-
nonstructural_protein_NS4A,115,6.15822750571482e-08,"L:1836,P:1,?:4",2.6069829774192734e-07,"L:P:1,L:L:24",1.0,L,0.000,negative,0.6666666666666666,0.6719576719576719,0.931,-
nonstructural_protein_NS4A,116,9.576134437083716e-06,"I:1831,M:2,T:1,L:2,?:5",2.0616442149110775e-05,"I:M:2,I:I:5,I:T:1,I:L:2",1.0,I,0.000,negative,0.6666666666666666,0.6719576719576719,1.350,-
nonstructural_protein_NS4A,117,3.40950323529654e-09,"V:1831,G:1,L:1,?:7,A:1",2.2789837414876872e-08,"V:V:34,G:V:1,L:V:1,A:V:1",1.0,V,0.000,negative,0.6666666666666666,0.6719576719576719,1.230,-
nonstructural_protein_NS4A,118,4.114378911124206e-06,"L:1830,F:3,?:8",1.0048579263707194e-05,"F:L:3,L:L:38",1.0,L,0.000,negative,0.6666666666666666,0.6719576719576719,0.870,-
nonstructural_protein_NS4A,119,5.662137425588298e-15,"L:1828,?:10,I:3",2.5849692756689063e-13,"L:L:58,I:L:2",1.0,L,0.045,negative,0.6666666666666666,0.6719576719576719,2.256,-
nonstructural_protein_NS4A,120,0.00215397894196323,"I:1830,L:1,F:1,?:5,M:1,T:3",0.002708468570587428,"I:L:1,F:I:1,I:I:15,I:M:1,I:T:1",1.0,I,0.054,negative,0.6666666666666666,0.6719576719576719,0.530,-
nonstructural_protein_NS4A,13,2.647307583147906e-07,"L:1806,?:35",9.086704407021191e-07,L:L:23,1.0,L,0.000,negative,0.6666666666666666,0.6719576719576719,0.822,-
nonstructural_protein_NS4A,121,0.01470995520394103,"P:1814,?:27",0.01698331191727737,P:P:3,1.0,P,0.000,negative,0.6666666666666666,0.6719576719576719,0.178,-
nonstructural_protein_NS4A,122,0.03806606509699884,"E:1792,A:15,P:1,?:26,G:1,Q:1,V:4,D:1",0.0431641988153469,"E:E:12,A:E:3,A:P:1,E:G:1,E:Q:1,E:V:2,A:V:1,D:E:1",1.0,E,0.318,negative,0.2652867551208742,0.6719576719576719,0.966,-
nonstructural_protein_NS4A,123,9.577717218878234e-06,"P:1812,K:1,T:2,?:26",2.0616442149110775e-05,"P:P:13,P:T:2,K:T:1",1.0,P,0.035,negative,0.6666666666666666,0.6719576719576719,0.782,-
nonstructural_protein_NS4A,124,0.0002539077882279805,"E:1814,?:26,D:1",0.0003793681071171003,"E:E:10,D:E:1",1.0,E,0.000,negative,0.6666666666666666,0.6719576719576719,0.766,-
nonstructural_protein_NS4A,125,1.64034871241725e-08,"K:1810,Q:1,?:26,R:1,M:1,N:2",8.012472556807336e-08,"K:K:25,K:Q:1,K:R:1,K:M:1,K:N:2",1.0,K,0.000,negative,0.6666666666666666,0.6719576719576719,2.019,-
nonstructural_protein_NS4A,126,0.01081926130595057,"Q:1815,?:26",0.012841553138838528,Q:Q:8,1.0,Q,0.000,negative,0.6666666666666666,0.6719576719576719,0.521,-
nonstructural_protein_NS4A,127,0.01978875828472459,"R:1816,?:25",0.02264119191135156,R:R:5,1.0,R,0.000,negative,0.6666666666666666,0.6719576719576719,0.329,-
nonstructural_protein_NS4A,14,0.001485421051290237,"P:1805,?:36",0.0019249844236108175,P:P:5,1.0,P,0.000,negative,0.6666666666666666,0.6719576719576719,0.306,-
nonstructural_protein_NS4A,15,3.855851193890203e-10,"T:1804,?:34,A:3",3.0605818851503486e-09,"T:T:34,A:T:2",1.0,T,0.041,negative,0.6666666666666666,0.6719576719576719,1.415,-
nonstructural_protein_NS4A,16,1.431672558283026e-10,"F:1800,?:37,S:1,L:3",1.2121494326796288e-09,"F:S:1,F:F:25,F:L:3",1.0,F,0.000,negative,0.6666666666666666,0.6719576719576719,1.206,-
nonstructural_protein_NS4A,17,0.001008713859600774,"M:1807,?:33,R:1",0.0013628368103116842,M:R:1,1.0,M,0.000,negative,0.6666666666666666,0.6719576719576719,42.554,-
nonstructural_protein_NS4A,18,4.002764786292801e-11,"T:1805,?:35,A:1",5.083511278591857e-10,"T:T:35,A:T:1",1.0,T,0.000,negative,0.6666666666666666,0.6719576719576719,1.266,-
nonstructural_protein_NS4A,19,0.005082545408101602,"Q:1802,?:34,H:3,L:1,S:1",0.006089464781404749,"H:Q:3,L:Q:1,Q:Q:9,Q:S:1",1.0,Q,0.000,negative,0.6666666666666666,0.6719576719576719,0.635,-
nonstructural_protein_NS4A,20,1.370773217401755e-05,"K:1804,?:37",2.8078741711294015e-05,K:K:16,1.0,K,0.000,negative,0.6666666666666666,0.6719576719576719,1.172,-
nonstructural_protein_NS4A,3,2.000776560007189e-05,"T:1792,A:29,?:19,N:1",3.9702909862642653e-05,"A:T:12,T:T:22,N:T:1",1.0,T,0.082,negative,0.6666666666666666,0.6719576719576719,0.857,-
nonstructural_protein_NS4A,21,0.001382199997557509,"A:1270,T:533,?:36,V:1,I:1",0.0018096845328845737,"A:T:8,A:A:8,A:V:1,I:T:1,T:T:4",1.0,A,0.119,negative,0.6666666666666666,0.6719576719576719,0.733,-
nonstructural_protein_NS4A,22,0.001589712462719439,"R:1776,?:35,I:1,K:28,G:1",0.0020393281087410986,"R:R:16,I:R:1,K:R:4,?:K:1,G:R:1",1.0,R,0.179,negative,0.6666666666666666,0.6719576719576719,1.171,-
nonstructural_protein_NS4A,23,0.0008033509879864509,"D:701,N:1100,?:37,S:2,E:1",0.0011211601700470248,"D:D:14,D:N:15,N:N:19,N:S:2,D:E:1",1.0,N,0.385,negative,0.6666666666666666,0.6719576719576719,1.552,-
nonstructural_protein_NS4A,24,0.002195257057964861,"A:1803,?:36,T:1,D:1",0.002733310258446445,"A:A:5,A:T:1,A:D:1",1.0,A,0.000,negative,0.6666666666666666,0.6719576719576719,0.306,-
nonstructural_protein_NS4A,25,1.335420053427683e-07,"L:1805,?:36",4.988186670156346e-07,L:L:46,1.0,L,0.000,negative,0.6666666666666666,0.6719576719576719,1.189,-
nonstructural_protein_NS4A,26,8.235158528435704e-07,"D:1806,?:35",2.530356146023313e-06,D:D:24,1.0,D,0.000,negative,0.6666666666666666,0.6719576719576719,1.178,-
nonstructural_protein_NS4A,27,0.0004943632422481636,"N:1804,?:36,D:1",0.0007054396827586156,"N:N:13,D:N:1",1.0,N,0.000,negative,0.6666666666666666,0.6719576719576719,0.623,-
nonstructural_protein_NS4A,28,5.942781240220185e-06,"L:1805,?:36",1.3976541064962287e-05,"L:L:33,?:L:1",1.0,L,0.000,negative,0.6666666666666666,0.6719576719576719,0.863,-
nonstructural_protein_NS4A,29,3.695472111320264e-06,"A:1796,?:41,V:1,S:2,L:1",9.342066734948052e-06,"A:A:16,A:V:1,A:S:1,A:L:1",1.0,A,0.039,negative,0.6666666666666666,0.6719576719576719,0.862,-
nonstructural_protein_NS4A,30,9.331543507418161e-05,"V:1802,?:36,L:1,F:1,G:1",0.0001519366699284752,"V:V:11,L:V:1,F:V:1,G:V:1",1.0,V,0.000,negative,0.6666666666666666,0.6719576719576719,0.572,-
nonstructural_protein_NS4A,4,0.0005522705984098986,"L:1727,?:17,M:96,Q:1",0.0007793151777561902,"L:L:28,L:M:2,L:Q:1",1.0,L,0.070,negative,0.6666666666666666,0.6719576719576719,0.757,-
nonstructural_protein_NS4A,31,4.174723295813365e-05,"L:1807,?:33,S:1",7.68391099374344e-05,"L:L:26,L:S:1",1.0,L,0.000,negative,0.6666666666666666,0.6719576719576719,0.715,-
nonstructural_protein_NS4A,32,0.0,"H:1802,?:37,L:1,R:1",0.0,"H:H:58,?:H:1,H:L:1,H:R:1",1.0,H,0.000,negative,0.6666666666666666,0.6719576719576719,2.921,-
nonstructural_protein_NS4A,33,3.910305412802018e-11,"T:1805,?:32,A:1,M:1,C:1,G:1",5.083511278591857e-10,"T:T:22,A:T:1,M:T:1,C:T:1,G:T:1",1.0,T,0.000,negative,0.6666666666666666,0.6719576719576719,1.459,-
nonstructural_protein_NS4A,34,0.0001257122776765485,"A:1805,?:33,C:1,S:1,P:1",0.00019710443536940318,"A:A:10,A:C:1,A:S:1,A:P:1",1.0,A,0.000,negative,0.6666666666666666,0.6719576719576719,0.400,-
nonstructural_protein_NS4A,35,5.262554509499751e-06,"E:1805,?:34,I:1,Q:1",1.2610272126537141e-05,"E:E:15,E:I:1,E:Q:1",1.0,E,0.000,negative,0.6666666666666666,0.6719576719576719,1.178,-
nonstructural_protein_NS4A,36,0.001072191460578242,"A:1525,?:42,T:9,V:263,I:1,R:1",0.0014333506894045971,"A:A:12,A:T:7,A:V:12,I:V:1,A:R:1",1.0,A,0.161,negative,0.6666666666666666,0.6719576719576719,0.855,-
nonstructural_protein_NS4A,37,4.464969093276316e-05,"G:1806,?:32,L:1,T:1,F:1",8.100729640658459e-05,"G:G:21,G:L:1,G:T:1,F:G:1",1.0,G,0.000,negative,0.6666666666666666,0.6719576719576719,0.828,-
nonstructural_protein_NS4A,38,0.0009536875720952409,"G:1809,?:29,T:1,A:1,S:1",0.0013023475446892,"G:G:8,G:T:1,A:G:1,G:S:1",1.0,G,0.000,negative,0.6666666666666666,0.6719576719576719,0.619,-
nonstructural_protein_NS4A,39,0.2586028919496348,"R:1676,?:35,G:1,S:1,K:127,L:1",0.2759879603159968,"G:R:1,R:R:17,R:S:1,K:R:25,K:K:3,L:R:1",0.7371139062447805,R,0.793,neutral,0.6666666666666666,0.6719576719576719,1.238,-
nonstructural_protein_NS4A,40,1.932132231985406e-11,"A:1805,?:34,I:1,L:1",3.067259918276832e-10,"A:A:23,A:I:1,A:L:1",1.0,A,0.000,negative,0.6666666666666666,0.6719576719576719,1.451,-
nonstructural_protein_NS4A,5,0.06638897804972654,"N:1813,S:12,?:15,D:1",0.07395965098522167,"N:N:12,N:S:7,D:N:1",1.0,N,0.159,neutral,0.6373656372575556,0.6719576719576719,0.543,-
nonstructural_protein_NS4A,41,8.368106939604658e-07,"Y:1661,?:42,L:1,H:136,D:1",2.530356146023313e-06,"Y:Y:27,L:Y:1,H:Y:7,D:Y:1",1.0,Y,0.112,negative,0.6666666666666666,0.6719576719576719,1.422,-
nonstructural_protein_NS4A,42,5.750284756644852e-05,"N:1719,?:34,D:3,L:1,K:5,T:79",9.737148854585283e-05,"N:N:33,D:N:2,L:N:1,K:N:1,N:T:1,T:T:1",1.0,N,0.230,negative,0.6666666666666666,0.6719576719576719,1.513,-
nonstructural_protein_NS4A,43,3.401125178159603e-07,"H:1805,?:35,W:1",1.1366918358586042e-06,"H:W:1,H:H:23",1.0,H,0.000,negative,0.6666666666666666,0.6719576719576719,1.029,-
nonstructural_protein_NS4A,44,3.186791380349607e-05,"A:1804,?:36,Y:1",6.04063440752836e-05,"A:Y:1,A:A:14",1.0,A,0.000,negative,0.6666666666666666,0.6719576719576719,0.473,-
nonstructural_protein_NS4A,45,1.073769961834614e-10,"L:1795,?:45,A:1",1.048990655023046e-09,"L:L:34,A:L:1",1.0,L,0.000,negative,0.6666666666666666,0.6719576719576719,1.330,-
nonstructural_protein_NS4A,46,0.6600333254554993,"S:1776,?:36,D:1,Q:1,G:1,N:25,C:1",0.6927622506846977,"S:S:9,D:S:1,Q:S:1,G:S:1,N:S:6,C:S:1",1.0,S,0.303,neutral,0.6666666666666666,0.6719576719576719,0.394,-
nonstructural_protein_NS4A,47,0.004319874378702182,"E:1800,?:40,I:1",0.005275231212453626,"E:I:1,E:E:6",1.0,E,0.000,negative,0.6666666666666666,0.6719576719576719,0.465,-
nonstructural_protein_NS4A,48,4.541225026022389e-07,"L:1804,?:37",1.4418389457621086e-06,L:L:42,1.0,L,0.000,negative,0.6666666666666666,0.6719576719576719,1.096,-
nonstructural_protein_NS4A,49,1.367905788640655e-12,"P:1806,?:34,A:1",3.075173449218483e-11,"P:P:26,A:P:1",1.0,P,0.000,negative,0.6666666666666666,0.6719576719576719,1.506,-
nonstructural_protein_NS4A,50,1.07213883050461e-05,"E:1806,?:34,N:1",2.269360524568091e-05,"E:E:16,E:N:1",1.0,E,0.000,negative,0.6666666666666666,0.6719576719576719,1.086,-
nonstructural_protein_NS4A,6,5.657022439675696e-05,"L:1805,?:35,Q:1",9.708673646470451e-05,"L:L:26,L:Q:1",1.0,L,0.000,negative,0.6666666666666666,0.6719576719576719,0.695,-
nonstructural_protein_NS4A,51,2.327206893859568e-08,"T:1809,?:32",1.0946491685932042e-07,T:T:24,1.0,T,0.000,negative,0.6666666666666666,0.6719576719576719,0.914,-
nonstructural_protein_NS4A,52,8.623936747054195e-06,"L:1807,?:30,M:1,I:1,W:1,V:1",1.9214736260980398e-05,"L:M:1,I:L:1,L:L:31,L:W:1,L:V:1",1.0,L,0.000,negative,0.6666666666666666,0.6719576719576719,0.849,-
nonstructural_protein_NS4A,53,0.0002257930297747679,"E:1809,?:29,S:1,Q:2",0.00034137755692137525,"E:S:1,E:E:11,E:Q:2",1.0,E,0.000,negative,0.6666666666666666,0.6719576719576719,0.764,-
nonstructural_protein_NS4A,54,0.01297736380018066,"T:1811,?:26,S:1,I:3",0.015260418542805035,"S:T:1,T:T:5,I:T:1",1.0,T,0.041,negative,0.6666666666666666,0.6719576719576719,0.365,-
nonstructural_protein_NS4A,55,3.764470751954629e-05,"L:1810,?:27,M:2,S:2",7.030702727915263e-05,"L:L:40,L:M:2,L:S:1",1.0,L,0.071,negative,0.6666666666666666,0.6719576719576719,0.993,-
nonstructural_protein_NS4A,56,3.818818372636201e-09,"L:1815,?:26",2.424949666623988e-08,L:L:31,1.0,L,0.000,negative,0.6666666666666666,0.6719576719576719,1.072,-
nonstructural_protein_NS4A,57,5.312010036540027e-05,"L:1811,?:30",9.241442118364157e-05,L:L:28,1.0,L,0.000,negative,0.6666666666666666,0.6719576719576719,0.681,-
nonstructural_protein_NS4A,58,8.13645285243636e-05,"L:1808,?:33",0.00013419863795576854,L:L:26,1.0,L,0.000,negative,0.6666666666666666,0.6719576719576719,0.660,-
nonstructural_protein_NS4A,59,0.4285872023992179,"T:1777,?:27,S:13,A:21,L:1,I:2",0.45358812253917224,"S:T:3,A:T:10,L:S:1,T:T:5,I:T:2",1.0,T,0.206,neutral,0.6666666666666666,0.6719576719576719,0.339,-
nonstructural_protein_NS4A,60,1.378945846397528e-10,"L:1812,?:29",1.2121494326796288e-09,L:L:36,1.0,L,0.000,negative,0.6666666666666666,0.6719576719576719,1.305,-
nonstructural_protein_NS4A,7,2.942269061723124e-08,"I:1811,?:28,S:1,M:1",1.334529181567274e-07,"I:I:26,I:S:1,I:M:1",1.0,I,0.000,negative,0.6666666666666666,0.6719576719576719,1.142,-
nonstructural_protein_NS4A,61,2.566183942454003e-06,"L:1805,?:36",6.789695014409549e-06,L:L:38,1.0,L,0.000,negative,0.6666666666666666,0.6719576719576719,0.928,-
nonstructural_protein_NS4A,62,6.106226635438361e-15,"A:1800,?:37,V:2,G:1,T:1",2.5849692756689063e-13,"A:A:43,A:V:2,A:G:1,A:T:1",1.0,A,0.000,negative,0.6666666666666666,0.6719576719576719,1.782,-
nonstructural_protein_NS4A,63,0.01441562868627766,"T:1725,?:30,A:86",0.016796191221626264,"A:T:8,T:T:8,A:A:1",1.0,T,0.123,negative,0.3585802121995683,0.6719576719576719,0.553,-
nonstructural_protein_NS4A,64,7.833529970802111e-06,"V:1800,?:28,I:12,G:1",1.808833284167033e-05,"V:V:24,I:V:3,G:V:1",1.0,V,0.053,negative,0.6666666666666666,0.6719576719576719,0.956,-
nonstructural_protein_NS4A,65,2.310382885006845e-09,"T:1813,?:27,P:1",1.6301034799770516e-08,"T:T:20,P:T:1",1.0,T,0.000,negative,0.6666666666666666,0.6719576719576719,1.199,-
nonstructural_protein_NS4A,66,0.0001227171415023598,"G:1818,?:22,R:1",0.00019481346213499618,"G:G:15,G:R:1",1.0,G,0.000,negative,0.6666666666666666,0.6719576719576719,0.789,-
nonstructural_protein_NS4A,67,0.0003260134779100587,"G:1816,?:24,V:1",0.0004759047321215799,"G:G:12,G:V:1",1.0,G,0.000,negative,0.6666666666666666,0.6719576719576719,0.725,-
nonstructural_protein_NS4A,68,2.148515334532419e-07,"I:1823,?:14,T:1,V:3",7.79604135673192e-07,"I:I:22,I:T:1,I:V:3",1.0,I,0.000,negative,0.6666666666666666,0.6719576719576719,0.993,-
nonstructural_protein_NS4A,69,9.49846407083399e-08,"F:1824,?:16,L:1",3.7697029281122396e-07,"F:F:18,F:L:1",1.0,F,0.000,negative,0.6666666666666666,0.6719576719576719,0.811,-
nonstructural_protein_NS4A,70,1.902706290746181e-05,"L:1818,?:21,I:2",3.8356142686470634e-05,"L:L:31,I:L:2",1.0,L,0.000,negative,0.6666666666666666,0.6719576719576719,0.769,-
nonstructural_protein_NS4A,8,2.191412717567065e-05,"T:1805,?:31,A:3,S:2",4.281683309707958e-05,"T:T:14,A:T:3,S:T:1",1.0,T,0.041,negative,0.6666666666666666,0.6719576719576719,0.801,-
nonstructural_protein_NS4A,71,1.792788140164703e-12,"F:1825,?:14,I:1,L:1",3.252629911441675e-11,"F:F:30,F:I:1,F:L:1",1.0,F,0.000,negative,0.6666666666666666,0.6719576719576719,1.472,-
nonstructural_protein_NS4A,72,5.108447307600184e-05,"L:1822,?:19",9.13764518401723e-05,L:L:28,1.0,L,0.000,negative,0.6666666666666666,0.6719576719576719,0.673,-
nonstructural_protein_NS4A,73,1.0,"M:1828,?:12,V:1",1.0,M:V:1,1.0,M,0.000,neutral,0.6666666666666666,0.6719576719576719,0.000,-
nonstructural_protein_NS4A,74,5.735479757795758e-09,"S:1822,?:17,N:2",3.310936042000279e-08,"S:S:35,N:S:2",1.0,S,0.000,negative,0.6666666666666666,0.6719576719576719,1.710,-
nonstructural_protein_NS4A,75,0.00350425105167218,"G:1829,?:11,V:1",0.004320775568566668,"G:G:8,G:V:1",1.0,G,0.000,negative,0.6666666666666666,0.6719576719576719,0.476,-
nonstructural_protein_NS4A,76,2.393023567082153e-07,"R:576,K:1250,?:15",8.442055361650929e-07,"K:R:8,K:K:32,R:R:9",1.0,K,0.448,negative,0.6666666666666666,0.6719576719576719,3.183,-
nonstructural_protein_NS4A,77,1.226357565498049e-07,"G:1829,?:10,V:1,S:1",4.719618509644007e-07,"G:G:38,G:V:1,G:S:1",1.0,G,0.000,negative,0.6666666666666666,0.6719576719576719,1.403,-
nonstructural_protein_NS4A,78,0.0002683664730954716,"I:1694,?:9,V:129,L:1,M:8",0.0003963086288735453,"I:V:17,I:L:1,I:I:5,I:M:4,V:V:4",1.0,I,0.314,negative,0.6666666666666666,0.6719576719576719,2.115,-
nonstructural_protein_NS4A,79,0.000165247856163897,"G:1831,?:8,R:1,D:1",0.00025284912931102313,"G:G:13,G:R:1,D:G:1",1.0,G,0.000,negative,0.6666666666666666,0.6719576719576719,0.765,-
nonstructural_protein_NS4A,80,1.439115605350594e-06,"K:1832,?:8,T:1",4.061504041767232e-06,"K:K:21,K:T:1",1.0,K,0.000,negative,0.6666666666666666,0.6719576719576719,1.426,-
nonstructural_protein_NS4A,9,2.209788190654649e-06,"E:1807,?:34",6.1009369611552264e-06,E:E:17,1.0,E,0.000,negative,0.6666666666666666,0.6719576719576719,1.281,-
nonstructural_protein_NS4A,81,0.9999999588138879,"M:1835,?:6",1.0,NA,1.0,M,0.000,neutral,0.6666666666666666,0.6719576719576719,0.153,-
nonstructural_protein_NS4A,82,6.195687185517329e-09,"T:1821,?:19,S:1",3.421096837220438e-08,"T:T:26,S:T:1",1.0,T,0.000,negative,0.6666666666666666,0.6719576719576719,0.993,-
nonstructural_protein_NS4A,83,1.016162958777933e-06,"L:1829,?:9,M:2,R:1",3.0012254829022676e-06,"L:L:39,L:M:2,L:R:1",1.0,L,0.000,negative,0.6666666666666666,0.6719576719576719,1.025,-
nonstructural_protein_NS4A,84,0.00199817611214248,"G:1835,?:6",0.00253768366242095,G:G:9,1.0,G,0.000,negative,0.6666666666666666,0.6719576719576719,0.538,-
nonstructural_protein_NS4A,85,0.208504189322998,"M:1831,?:7,I:1,T:2",0.2244070512205148,"I:M:1,M:T:2",1.0,M,0.000,neutral,0.6666666666666666,0.6719576719576719,53.971,-
nonstructural_protein_NS4A,86,1.288769202467677e-09,"C:1824,?:15,F:1,W:1",9.627864041964411e-09,"C:C:29,C:F:1,C:W:1",1.0,C,0.000,negative,0.6666666666666666,0.6719576719576719,1.367,-
nonstructural_protein_NS4A,87,3.015369210879193e-06,"C:1832,?:8,G:1",7.815344689421581e-06,"C:C:17,C:G:1",1.0,C,0.000,negative,0.6666666666666666,0.6719576719576719,0.805,-
nonstructural_protein_NS4A,88,0.0009110317028817594,"I:1832,?:7,H:1,L:1",0.0012576198507172113,"H:I:1,I:L:1,I:I:2",1.0,I,0.000,negative,0.6666666666666666,0.6719576719576719,0.818,-
nonstructural_protein_NS4A,89,3.090129448224399e-05,"I:1545,V:279,?:8,A:2,S:1,T:6",5.946158180674223e-05,"I:V:10,A:V:2,V:V:4,S:V:1,I:I:33,I:T:4",1.0,I,0.325,negative,0.6666666666666666,0.6719576719576719,1.578,-
nonstructural_protein_NS4A,90,5.294853444581804e-11,"T:1834,?:6,A:1",5.603719895515743e-10,"T:T:25,A:T:1",1.0,T,0.000,negative,0.6666666666666666,0.6719576719576719,1.430,-
nonstructural_protein_NS4A,10,0.07649301162948952,"M:1783,?:32,I:24,V:2",0.08374665928401007,"I:M:9,M:V:2",1.0,M,0.081,neutral,0.6666666666666666,0.6719576719576719,4.809,-
nonstructural_protein_NS4A,91,8.889555758173628e-13,"A:1831,?:7,G:3",2.822433953220127e-11,"A:A:40,A:G:3",1.0,A,0.000,negative,0.6666666666666666,0.6719576719576719,1.434,-
nonstructural_protein_NS4A,92,4.552191956719298e-11,"S:1832,?:8,P:1",5.255712531848644e-10,"S:S:46,P:S:1",1.0,S,0.000,negative,0.6666666666666666,0.6719576719576719,2.162,-
nonstructural_protein_NS4A,93,0.1324442463908546,"I:1684,V:124,?:10,T:22,S:1",0.143764267449902,"I:V:16,I:I:21,I:T:9,V:V:1,I:S:1",1.0,I,0.491,neutral,0.6666666666666666,0.6719576719576719,0.879,-
nonstructural_protein_NS4A,94,4.532010322577662e-09,"L:1832,?:9",2.7407871950826814e-08,L:L:29,1.0,L,0.000,negative,0.6666666666666666,0.6719576719576719,1.084,-
nonstructural_protein_NS4A,95,5.199329279081955e-05,"L:1830,?:9,P:2",9.171039145047338e-05,"L:L:27,L:P:2",1.0,L,0.000,negative,0.6666666666666666,0.6719576719576719,0.699,-
nonstructural_protein_NS4A,96,0.9999999663716803,"W:1834,?:7",1.0,NA,1.0,W,0.000,neutral,0.6666666666666666,0.6719576719576719,0.153,-
nonstructural_protein_NS4A,97,0.0001469965164367926,"Y:1806,?:11,H:18,C:4,D:1,N:1",0.00022766533643259342,"Y:Y:25,H:Y:10,C:Y:4,D:Y:1,N:Y:1",1.0,Y,0.167,negative,0.5074877729806733,0.6719576719576719,1.098,-
nonstructural_protein_NS4A,98,2.543344193028929e-06,"A:1833,?:8",6.789695014409549e-06,A:A:12,1.0,A,0.000,negative,0.6666666666666666,0.6719576719576719,0.721,-
nonstructural_protein_NS4A,99,0.0004123297908521506,"Q:1832,K:1,?:6,L:1,E:1",0.0005950668572525356,"K:Q:1,Q:Q:13,L:Q:1,E:Q:1",1.0,Q,0.000,negative,0.6666666666666666,0.6719576719576719,1.015,-
nonstructural_protein_NS4A,100,5.959705326696874e-05,"I:1834,?:5,V:1,P:1",9.958981269611881e-05,"I:I:4,I:V:1,I:P:1",1.0,I,0.000,negative,0.6666666666666666,0.6719576719576719,1.148,-
nonstructural_protein_NS2B,1,1.0,"S:1662,?:28,I:1",1.0,"S:S:13,I:S:1",1.0,S,0.000,neutral,1.0,1.0,0.000,-
nonstructural_protein_NS2B,2,0.0002164048426029908,"W:1667,?:23,G:1",0.0003693709935933172,G:W:1,1.0,W,0.000,negative,0.6666666666666666,0.6718346253229973,220.829,-
nonstructural_protein_NS2B,11,5.687117443642364e-11,"V:1672,I:2,A:1,?:16",1.4786505353470145e-09,"V:V:39,I:V:2,A:V:1",1.0,V,0.000,negative,0.6666666666666666,0.6718346253229973,1.615,-
nonstructural_protein_NS2B,101,5.513159928582922e-10,"T:1665,?:26",6.7259016538075275e-09,T:T:21,1.0,T,0.000,negative,0.6666666666666666,0.6718346253229973,1.430,-
nonstructural_protein_NS2B,102,0.009532591024765558,"G:1668,?:23",0.011915738780956947,G:G:6,1.0,G,0.000,negative,0.6666666666666666,0.6718346253229973,0.447,-
nonstructural_protein_NS2B,103,5.722346358982833e-07,"L:1664,?:27",1.957644807020443e-06,L:L:39,1.0,L,0.000,negative,0.6666666666666666,0.6718346253229973,1.032,-
nonstructural_protein_NS2B,104,1.074169340797848e-05,"L:1667,?:24",2.538945714613095e-05,L:L:30,1.0,L,0.000,negative,0.6666666666666666,0.6718346253229973,0.781,-
nonstructural_protein_NS2B,105,0.0002201769105233398,"V:1665,?:24,E:1,G:1",0.0003693709935933172,"E:V:1,V:V:9,G:V:1",1.0,V,0.000,negative,0.6666666666666666,0.6718346253229973,0.540,-
nonstructural_protein_NS2B,106,5.256828776278866e-06,"I:1659,?:24,V:7,M:1",1.3232830192722035e-05,"I:I:16,I:V:5,I:M:1",1.0,I,0.048,negative,0.6666666666666666,0.6718346253229973,1.052,-
nonstructural_protein_NS2B,107,4.182182069789597e-05,"S:1665,?:25,R:1",8.23763134958557e-05,"S:S:7,R:S:1",1.0,S,0.000,negative,0.6666666666666666,0.6718346253229973,0.601,-
nonstructural_protein_NS2B,108,0.1817637572717692,"G:1663,?:24,D:3,E:1",0.20370076245974134,"G:G:4,D:G:1,D:D:1,E:G:1",1.0,G,0.120,neutral,0.008854690282658506,0.3837032455818686,0.436,-
nonstructural_protein_NS2B,109,1.852356865672533e-07,"L:1140,?:27,F:2,P:1,V:516,I:4,A:1",7.767948146368687e-07,"L:L:27,F:L:1,F:P:1,L:V:4,V:V:8,I:V:3,A:V:1",1.0,L,0.142,negative,0.6666666666666666,0.6718346253229973,1.439,-
nonstructural_protein_NS2B,110,3.950157097198925e-06,"F:1662,?:25,L:2,S:1,I:1",1.1411564947463563e-05,"F:F:12,F:L:2,F:S:1,F:I:1",1.0,F,0.000,negative,0.6666666666666666,0.6718346253229973,0.667,-
nonstructural_protein_NS2B,12,0.01036371985950013,"G:1681,V:1,?:9",0.01283127220700016,"G:G:7,G:V:1",1.0,G,0.000,negative,0.6666666666666666,0.6718346253229973,0.398,-
nonstructural_protein_NS2B,111,1.110223024625157e-16,"P:1662,?:28,R:1",1.443289932012704e-14,"P:P:41,P:R:1",1.0,P,0.000,negative,0.6666666666666666,0.6718346253229973,2.022,-
nonstructural_protein_NS2B,112,0.0003105820417762528,"V:1306,A:3,?:26,M:11,L:2,I:341,T:2",0.000498465005319912,"V:V:18,A:V:3,M:V:4,L:V:2,I:V:9,I:M:3,I:T:1",1.0,V,0.266,negative,0.3272853487647506,0.6718346253229973,1.381,-
nonstructural_protein_NS2B,113,1.521176180019346e-06,"S:1662,?:26,Q:1,T:2",4.9438225850628745e-06,"S:S:15,Q:S:1,S:T:1",1.0,S,0.040,negative,0.6666666666666666,0.6718346253229973,1.027,-
nonstructural_protein_NS2B,114,0.6097966065927425,"I:1655,?:26,T:5,L:2,Y:1,M:2",0.6551533789839382,"I:T:5,I:L:2,L:Y:1,I:M:2",1.0,I,0.044,neutral,0.4783034239692357,0.6718346253229973,0.000,-
nonstructural_protein_NS2B,115,0.000183126058116545,"P:1663,?:26,Q:2",0.00032170793993447093,"P:P:9,P:Q:1",1.0,P,0.037,negative,0.6666666666666666,0.6718346253229973,0.670,-
nonstructural_protein_NS2B,116,5.691147553221754e-10,"I:1633,?:30,V:25,L:2,A:1",6.7259016538075275e-09,"I:V:10,I:I:45,?:I:1,I:L:1,L:L:1,A:V:1",1.0,I,0.154,negative,0.6666666666666666,0.6718346253229973,2.045,-
nonstructural_protein_NS2B,117,2.993383318994347e-12,"T:1663,?:28",1.297132771564217e-10,T:T:30,1.0,T,0.000,negative,0.6666666666666666,0.6718346253229973,1.709,-
nonstructural_protein_NS2B,118,1.192971552210764e-05,"A:1661,?:28,T:2",2.7693982462035595e-05,"A:A:10,A:T:2",1.0,A,0.000,negative,0.6666666666666666,0.6718346253229973,0.750,-
nonstructural_protein_NS2B,119,0.0002216225961559903,"A:1635,V:20,?:30,T:3,E:1,S:2",0.0003693709935933172,"A:A:14,A:V:4,A:T:3,A:E:1,A:S:1",1.0,A,0.093,negative,0.6666666666666666,0.6718346253229973,0.857,-
nonstructural_protein_NS2B,120,3.445642207111632e-07,"A:1659,?:32",1.2798099626414633e-06,A:A:14,1.0,A,0.000,negative,0.6666666666666666,0.6718346253229973,1.000,-
nonstructural_protein_NS2B,13,1.0,"M:1682,?:9",1.0,NA,1.0,M,0.000,neutral,0.6666666666666666,0.6718346253229973,0.153,-
nonstructural_protein_NS2B,121,1.0,"W:1658,?:33",1.0,NA,1.0,W,0.000,neutral,0.6666666666666666,0.6718346253229973,0.153,-
nonstructural_protein_NS2B,122,2.443431376930594e-05,"Y:1655,?:33,C:1,H:2",5.1233238548544717e-05,"C:Y:1,H:Y:2,Y:Y:16",1.0,Y,0.000,negative,0.6666666666666666,0.6718346253229973,0.804,-
nonstructural_protein_NS2B,123,1.369050453514653e-05,"L:1651,?:40",3.0165518467272017e-05,L:L:32,1.0,L,0.000,negative,0.6666666666666666,0.6718346253229973,0.769,-
nonstructural_protein_NS2B,124,1.0,"W:1633,?:57,L:1",1.0,L:W:1,1.0,W,0.000,neutral,0.6666666666666666,0.6718346253229973,0.095,-
nonstructural_protein_NS2B,125,0.001336964967540322,"E:1631,?:60",0.001848994104045126,E:E:7,1.0,E,0.000,negative,0.6666666666666666,0.6718346253229973,0.684,-
nonstructural_protein_NS2B,126,2.643469212360028e-05,"V:1630,?:61",5.454777739790534e-05,V:V:13,1.0,V,0.000,negative,0.6666666666666666,0.6718346253229973,0.700,-
nonstructural_protein_NS2B,127,4.16868851660368e-08,"K:1619,?:69,R:3",2.1677180286339138e-07,"K:K:25,K:R:3",1.0,K,0.000,negative,0.6666666666666666,0.6718346253229973,1.815,-
nonstructural_protein_NS2B,128,0.0005113011305080128,"K:1632,?:59",0.0007553312155232008,K:K:8,1.0,K,0.000,negative,0.6666666666666666,0.6718346253229973,0.782,-
nonstructural_protein_NS2B,129,0.001365911093052619,"Q:1631,?:60",0.0018691414957562155,Q:Q:9,1.0,Q,0.000,negative,0.6666666666666666,0.6718346253229973,0.886,-
nonstructural_protein_NS2B,130,4.146055656129022e-06,"R:1631,?:60",1.1574255937193042e-05,R:R:21,1.0,R,0.000,negative,0.6666666666666666,0.6718346253229973,1.084,-
nonstructural_protein_NS2B,14,0.002044820331380204,"V:1682,?:9",0.0027690275320773595,V:V:7,1.0,V,0.000,negative,0.6666666666666666,0.6718346253229973,0.374,-
nonstructural_protein_NS2B,15,3.329951236707984e-05,"S:1682,?:9",6.659902473415968e-05,S:S:17,1.0,S,0.000,negative,0.6666666666666666,0.6718346253229973,0.851,-
nonstructural_protein_NS2B,16,2.526832942884027e-08,"I:1681,?:10",1.397712718250362e-07,I:I:26,1.0,I,0.000,negative,0.6666666666666666,0.6718346253229973,1.097,-
nonstructural_protein_NS2B,17,5.646038100382e-07,"L:1683,I:1,?:7",1.957644807020443e-06,"L:L:33,I:L:1",1.0,L,0.000,negative,0.6666666666666666,0.6718346253229973,1.071,-
nonstructural_protein_NS2B,18,2.580392710616053e-08,"A:1681,?:10",1.397712718250362e-07,A:A:25,1.0,A,0.000,negative,0.6666666666666666,0.6718346253229973,1.004,-
nonstructural_protein_NS2B,19,2.350733119715898e-06,"S:1683,?:8",6.945347853706062e-06,S:S:21,1.0,S,0.000,negative,0.6666666666666666,0.6718346253229973,1.084,-
nonstructural_protein_NS2B,20,2.336637314748202e-07,"S:1684,?:7",9.204934876280796e-07,S:S:19,1.0,S,0.000,negative,0.6666666666666666,0.6718346253229973,0.754,-
nonstructural_protein_NS2B,3,1.624899881313979e-09,"P:1664,?:25,L:1,T:1",1.7603082047568105e-08,"P:P:18,L:P:1,P:T:1",1.0,P,0.000,negative,0.6666666666666666,0.6718346253229973,1.183,-
nonstructural_protein_NS2B,21,0.004504117494351312,"L:1461,F:222,?:8",0.005684808488016219,"F:L:8,L:L:15",1.0,L,0.128,negative,0.6666666666666666,0.6718346253229973,0.608,-
nonstructural_protein_NS2B,22,5.574511063866083e-08,"L:1681,?:10",2.5924461593313755e-07,L:L:43,1.0,L,0.000,negative,0.6666666666666666,0.6718346253229973,1.246,-
nonstructural_protein_NS2B,23,1.628961410204965e-10,"K:1678,?:12,E:1",2.647062291583068e-09,"K:K:35,E:K:1",1.0,K,0.000,negative,0.6666666666666666,0.6718346253229973,2.478,-
nonstructural_protein_NS2B,24,0.0003763055424055306,"N:1680,D:2,?:9",0.0005845588768546572,"D:N:2,N:N:12",1.0,N,0.000,negative,0.6666666666666666,0.6718346253229973,0.614,-
nonstructural_protein_NS2B,25,1.457722831332831e-13,"D:1678,?:13",9.475198403663402e-12,D:D:53,1.0,D,0.000,negative,0.6666666666666666,0.6718346253229973,2.883,-
nonstructural_protein_NS2B,26,0.0002320350631012102,"I:1673,?:10,V:7,T:1",0.00038182985067287755,"I:I:20,I:V:4,I:T:1",1.0,I,0.102,negative,0.6666666666666666,0.6718346253229973,0.835,-
nonstructural_protein_NS2B,27,1.683916173167432e-08,"P:1671,S:6,?:14",1.0424242976750769e-07,"P:P:27,P:S:2",1.0,P,0.037,negative,0.6666666666666666,0.6718346253229973,1.083,-
nonstructural_protein_NS2B,28,0.224855625165006,"M:1678,I:3,?:9,V:1",0.24772229891059985,"I:M:3,M:V:1",1.0,M,0.000,neutral,0.6666666666666666,0.6718346253229973,62.713,-
nonstructural_protein_NS2B,29,0.0002184329152442599,"T:1682,?:9",0.0003693709935933172,T:T:7,1.0,T,0.000,negative,0.6666666666666666,0.6718346253229973,0.520,-
nonstructural_protein_NS2B,30,0.0001716214368694402,"G:1681,?:10",0.0003056272163428387,G:G:15,1.0,G,0.000,negative,0.6666666666666666,0.6718346253229973,0.881,-
nonstructural_protein_NS2B,4,5.583730189329117e-08,"L:1677,?:14",2.5924461593313755e-07,L:L:45,1.0,L,0.000,negative,0.6666666666666666,0.6718346253229973,1.239,-
nonstructural_protein_NS2B,31,9.080599005795165e-05,"P:1683,?:8",0.0001686396958219102,P:P:7,1.0,P,0.000,negative,0.6666666666666666,0.6718346253229973,0.520,-
nonstructural_protein_NS2B,32,2.686754041469896e-07,"L:1679,I:1,?:11",1.0272883099737837e-06,"L:L:36,I:L:1",1.0,L,0.000,negative,0.6666666666666666,0.6718346253229973,1.122,-
nonstructural_protein_NS2B,33,4.198859149262546e-09,"V:1677,L:2,G:1,?:9,M:1,A:1",3.639011262694206e-08,"V:V:25,L:V:2,G:V:1,M:V:1,A:V:1",1.0,V,0.000,negative,0.6666666666666666,0.6718346253229973,1.385,-
nonstructural_protein_NS2B,34,0.0001315636034537881,"A:1682,?:9",0.00024089110491538665,A:A:12,1.0,A,0.000,negative,0.6666666666666666,0.6718346253229973,0.467,-
nonstructural_protein_NS2B,35,0.2897934100694796,"G:1683,?:8",0.3139428609086029,G:G:1,1.0,G,0.000,neutral,0.6666666666666666,0.6718346253229973,0.074,-
nonstructural_protein_NS2B,36,0.0005895911891415917,"G:1683,?:8",0.0008516317176489658,G:G:13,1.0,G,0.000,negative,0.6666666666666666,0.6718346253229973,0.705,-
nonstructural_protein_NS2B,37,9.583885351993615e-09,"L:1681,?:9,F:1",6.557395240837736e-08,"L:L:25,F:L:1",1.0,L,0.000,negative,0.6666666666666666,0.6718346253229973,1.004,-
nonstructural_protein_NS2B,38,7.585983252678119e-08,"L:1680,?:11",3.287259409493852e-07,L:L:22,1.0,L,0.000,negative,0.6666666666666666,0.6718346253229973,0.880,-
nonstructural_protein_NS2B,39,3.463179298890395e-09,"T:1669,?:10,I:12",3.2158093489696523e-08,"T:T:32,I:T:3,I:I:1",1.0,T,0.045,negative,0.6666666666666666,0.6718346253229973,1.354,-
nonstructural_protein_NS2B,40,4.337526449671447e-05,"V:1679,A:1,?:9,I:2",8.416096096377434e-05,"A:V:1,V:V:16,I:V:1",1.0,V,0.055,negative,0.6666666666666666,0.6718346253229973,0.932,-
nonstructural_protein_NS2B,5,0.0003777149665830093,"N:1676,D:1,?:14",0.0005845588768546572,"D:N:1,N:N:12",1.0,N,0.000,negative,0.6666666666666666,0.6718346253229973,0.613,-
nonstructural_protein_NS2B,41,6.595117113539217e-07,"C:1683,?:8",2.198372371179739e-06,C:C:21,1.0,C,0.000,negative,0.6666666666666666,0.6718346253229973,1.086,-
nonstructural_protein_NS2B,42,2.40568898135507e-10,"Y:1684,?:7",3.474884084179546e-09,"Y:Y:35,?:Y:1",1.0,Y,0.000,negative,0.6666666666666666,0.6718346253229973,1.844,-
nonstructural_protein_NS2B,43,0.0004502035976781116,"V:1678,M:2,A:2,?:8,L:1",0.0006805403220715641,"M:V:2,A:V:2,V:V:9,L:V:1",1.0,V,0.000,negative,0.6666666666666666,0.6718346253229973,0.486,-
nonstructural_protein_NS2B,44,4.432396349951517e-08,"L:1679,F:2,?:9,P:1",2.2161981749757587e-07,"L:L:22,F:L:2,L:P:1",1.0,L,0.000,negative,0.6666666666666666,0.6718346253229973,0.922,-
nonstructural_protein_NS2B,45,4.273571422963585e-06,"T:1681,A:1,?:7,P:1,S:1",1.1574255937193042e-05,"T:T:15,A:T:1,P:T:1,S:T:1",1.0,T,0.000,negative,0.6666666666666666,0.6718346253229973,0.660,-
nonstructural_protein_NS2B,46,0.002885953757794324,"G:1683,?:7,L:1",0.0038283060052373683,"G:G:7,G:L:1",1.0,G,0.000,negative,0.6666666666666666,0.6718346253229973,0.586,-
nonstructural_protein_NS2B,47,0.004202560392426391,"R:1678,G:2,?:9,L:1,P:1",0.00535620442171991,"R:R:14,G:R:2,L:R:1,L:P:1",1.0,R,0.110,negative,0.6666666666666666,0.6718346253229973,1.050,-
nonstructural_protein_NS2B,48,1.000121867766879e-05,"S:1674,A:5,?:11,P:1",2.4077007927721163e-05,"S:S:14,A:S:3,?:S:1,P:S:1",1.0,S,0.040,negative,0.6666666666666666,0.6718346253229973,0.825,-
nonstructural_protein_NS2B,49,5.585796101326146e-06,"A:1665,T:2,V:5,?:17,L:1,Q:1",1.3701009305139604e-05,"A:A:26,A:T:1,A:V:5,A:L:1,L:Q:1",1.0,A,0.110,negative,0.02982209577307282,0.6461454084165777,1.119,-
nonstructural_protein_NS2B,50,4.257043485167422e-06,"D:1679,?:10,L:1,S:1",1.1574255937193042e-05,"D:D:25,D:L:1,D:S:1",1.0,D,0.000,negative,0.6666666666666666,0.6718346253229973,1.289,-
nonstructural_protein_NS2B,6,1.221787070448954e-05,"E:1678,?:13",2.786531915059018e-05,E:E:17,1.0,E,0.000,negative,0.6666666666666666,0.6718346253229973,1.178,-
nonstructural_protein_NS2B,51,7.225036279245867e-05,"L:1679,?:12",0.00013812569357381804,L:L:24,1.0,L,0.000,negative,0.6666666666666666,0.6718346253229973,0.645,-
nonstructural_protein_NS2B,52,0.03643745234132179,"E:1680,?:10,A:1",0.042293471467605655,"E:E:3,A:E:1",1.0,E,0.000,negative,0.6666666666666666,0.6718346253229973,0.287,-
nonstructural_protein_NS2B,53,4.616597985562798e-06,"L:1679,?:11,D:1",1.2248117104554363e-05,"L:L:34,D:L:1",1.0,L,0.000,negative,0.6666666666666666,0.6718346253229973,0.859,-
nonstructural_protein_NS2B,54,0.0004399165085002821,"E:1678,?:11,G:1,D:1",0.0006728134835886667,"E:E:12,E:G:1,D:E:1",1.0,E,0.000,negative,0.6666666666666666,0.6718346253229973,0.745,-
nonstructural_protein_NS2B,55,0.1486246566765009,"R:1644,K:32,G:1,?:14",0.16948425761355368,"K:R:21,R:R:8,G:R:1",1.0,R,0.269,neutral,0.6666666666666666,0.6718346253229973,0.681,-
nonstructural_protein_NS2B,56,2.014701405705921e-09,"A:1672,V:3,?:15,T:1",2.014701405705921e-08,"A:A:27,A:V:3,A:T:1",1.0,A,0.000,negative,0.6666666666666666,0.6718346253229973,1.197,-
nonstructural_protein_NS2B,57,1.716213888613982e-05,"A:1166,V:1,T:508,?:15,I:1",3.718463425330295e-05,"A:A:23,A:V:1,A:T:9,T:T:7,I:T:1",1.0,A,0.185,negative,0.6666666666666666,0.6718346253229973,1.195,-
nonstructural_protein_NS2B,58,0.001310791420300106,"D:1647,?:14,Y:1,E:27,N:1,G:1",0.0018322890821399333,"D:D:20,D:Y:1,D:E:3,D:N:1,D:G:1",1.0,D,0.157,negative,0.6666666666666666,0.6718346253229973,1.029,-
nonstructural_protein_NS2B,59,6.593614432226502e-09,"V:1453,L:2,I:221,K:1,?:14",5.042175742290855e-08,"V:V:26,I:V:5,I:L:1,I:K:1,L:V:1",1.0,V,0.054,negative,0.6666666666666666,0.6718346253229973,1.703,-
nonstructural_protein_NS2B,60,0.9420759144780804,"K:1051,R:627,E:2,?:10,N:1",0.9956899909117923,"K:R:10,E:K:2,R:R:1,K:K:4,K:N:1",1.0,K,0.436,neutral,0.6657380182793268,0.6718346253229973,0.456,-
nonstructural_protein_NS2B,7,1.854521114452723e-08,"A:1677,?:14",1.0958533858129726e-07,A:A:26,1.0,A,0.000,negative,0.6666666666666666,0.6718346253229973,1.019,-
nonstructural_protein_NS2B,61,1.0,"W:1681,R:1,?:8,S:1",1.0,"R:W:1,S:W:1",1.0,W,0.000,neutral,0.6666666666666666,0.6718346253229973,0.000,-
nonstructural_protein_NS2B,62,0.1663294337182426,"E:1662,?:8,A:1,D:20",0.18802457724670904,"E:E:3,A:E:1,D:E:1",1.0,E,0.089,neutral,0.6666666666666666,0.6718346253229973,0.365,-
nonstructural_protein_NS2B,63,0.02830778094196629,"D:1239,E:441,?:10,N:1",0.034339349458772754,"D:D:18,D:E:11,E:E:1,D:N:1",1.0,D,0.405,negative,0.6666666666666666,0.6718346253229973,1.119,-
nonstructural_protein_NS2B,64,0.02852807493498044,"Q:1673,H:5,?:8,E:4,R:1",0.034339349458772754,"Q:Q:17,H:Q:2,E:Q:2,Q:R:1",1.0,Q,0.265,negative,0.6505015422945394,0.6718346253229973,1.052,-
nonstructural_protein_NS2B,65,1.64682118175552e-06,"A:1682,V:1,?:7,P:1",5.2216281372736e-06,"A:V:1,A:A:12,A:P:1",1.0,A,0.000,negative,0.6666666666666666,0.6718346253229973,0.897,-
nonstructural_protein_NS2B,66,0.0004910183115059974,"E:1680,?:10,G:1",0.0007337055229399961,"E:E:11,E:G:1",1.0,E,0.000,negative,0.6666666666666666,0.6718346253229973,0.744,-
nonstructural_protein_NS2B,67,0.04005692947643291,"I:1683,V:2,?:5,T:1",0.046083193202975915,"I:I:1,I:V:2,I:T:1",1.0,I,0.000,negative,0.6666666666666666,0.6718346253229973,0.316,-
nonstructural_protein_NS2B,68,2.019627164395743e-07,"S:1686,?:5",8.204735355357706e-07,S:S:13,1.0,S,0.000,negative,0.6666666666666666,0.6718346253229973,0.965,-
nonstructural_protein_NS2B,69,0.0002433909649930399,"G:1673,?:9,L:5,S:1,D:1,A:1,P:1",0.00039551031811368975,"G:G:21,G:L:1,G:S:1,D:G:1,A:G:1,G:P:1",0.4922656324599659,G,0.197,negative,0.01274927442105278,0.4143514186842154,1.562,-
nonstructural_protein_NS2B,70,4.809850820075567e-06,"S:1677,?:9,L:4,T:1",1.2505612132196475e-05,"S:S:33,L:S:1,S:T:1",0.04632741721483535,S,0.167,negative,3.805525644196006e-05,0.004947183337454808,1.734,"overall,charge"
nonstructural_protein_NS2B,8,0.001167340362564051,"I:1592,V:88,?:11",0.0016676290893772158,"I:I:25,I:V:15",1.0,I,0.260,negative,0.633751595858085,0.6718346253229973,1.067,-
nonstructural_protein_NS2B,71,0.02177374793106635,"S:1625,T:51,?:10,I:5",0.0267036531230059,"S:S:17,S:T:7,I:T:1,T:T:1",1.0,S,0.290,negative,0.6666666666666666,0.6718346253229973,0.912,-
nonstructural_protein_NS2B,72,0.002966412865170298,"P:1679,?:6,Q:2,A:2,T:1,S:1",0.0038952896209306946,"P:Q:2,P:P:5,A:P:1,A:A:1,A:T:1,P:S:1",1.0,P,0.046,negative,0.6666666666666666,0.6718346253229973,0.521,-
nonstructural_protein_NS2B,73,1.609183830630911e-08,"I:1677,?:6,F:1,V:1,G:5,D:1",1.0424242976750769e-07,"I:I:33,F:I:1,I:V:1,G:I:1,G:G:3,D:I:1",1.0,I,0.103,negative,0.02704090539267245,0.6461454084165777,1.605,-
nonstructural_protein_NS2B,74,4.182311044154119e-07,"L:1685,?:6",1.510278988166765e-06,L:L:42,1.0,L,0.000,negative,0.6666666666666666,0.6718346253229973,1.047,-
nonstructural_protein_NS2B,75,6.307621602807956e-08,"S:1682,?:6,L:3",2.827554511603566e-07,"S:S:18,L:S:2",1.0,S,0.040,negative,0.6666666666666666,0.6718346253229973,1.269,-
nonstructural_protein_NS2B,76,0.2612646477858279,"I:1663,?:5,V:23",0.2854151614467028,"I:V:9,V:V:1,I:I:1",1.0,I,0.220,neutral,0.6666666666666666,0.6718346253229973,0.614,-
nonstructural_protein_NS2B,77,0.0005341663023580301,"T:1674,A:2,I:11,?:4",0.0007802429135566731,"A:T:2,I:T:6,T:T:9",1.0,T,0.045,negative,0.6666666666666666,0.6718346253229973,0.680,-
nonstructural_protein_NS2B,78,0.8508452118613579,"I:1670,V:16,?:4,Y:1",0.9066383405080042,"I:V:9,I:Y:1",0.5942231797121735,I,0.176,neutral,0.6130794465385672,0.6718346253229973,0.109,-
nonstructural_protein_NS2B,79,7.336419804993e-09,"S:1672,?:5,W:1,L:1,A:12",5.2985254147171666e-08,"S:S:21,S:W:1,L:S:1,A:S:1",1.0,S,0.040,negative,0.6666666666666666,0.6718346253229973,1.392,-
nonstructural_protein_NS2B,80,0.003115595928688264,"E:1674,A:2,G:1,?:14",0.004050274707294743,"A:E:2,E:G:1,E:E:6",1.0,E,0.000,negative,0.6666666666666666,0.6718346253229973,0.575,-
nonstructural_protein_NS2B,9,1.0,"M:1681,?:10",1.0,NA,1.0,M,0.000,neutral,0.6666666666666666,0.6718346253229973,0.153,-
nonstructural_protein_NS2B,81,0.002576777921018292,"D:1676,?:15",0.0034534137085812165,D:D:9,1.0,D,0.000,negative,0.6666666666666666,0.6718346253229973,0.460,-
nonstructural_protein_NS2B,82,5.293132077088814e-06,"G:1671,?:20",1.3232830192722035e-05,G:G:29,1.0,G,0.000,negative,0.6666666666666666,0.6718346253229973,1.180,-
nonstructural_protein_NS2B,83,2.347634419641587e-06,"S:1675,?:15,G:1",6.945347853706062e-06,"S:S:22,G:S:1",1.0,S,0.000,negative,0.6666666666666666,0.6718346253229973,1.109,-
nonstructural_protein_NS2B,84,1.0,"M:1677,?:14",1.0,NA,1.0,M,0.000,neutral,0.6666666666666666,0.6718346253229973,0.153,-
nonstructural_protein_NS2B,85,3.441091855904688e-11,"S:1670,?:18,T:2,A:1",1.1183548531690235e-09,"S:S:25,S:T:2,A:S:1",1.0,S,0.000,negative,0.6666666666666666,0.6718346253229973,1.413,-
nonstructural_protein_NS2B,86,0.003627280278564293,"I:1669,?:21,V:1",0.004668776596171862,"I:I:2,I:V:1",1.0,I,0.000,negative,0.6666666666666666,0.6718346253229973,0.639,-
nonstructural_protein_NS2B,87,0.03212873204748734,"K:1650,?:23,R:18",0.038318671249296825,"K:K:10,K:R:6",1.0,K,0.259,negative,0.6666666666666666,0.6718346253229973,0.945,-
nonstructural_protein_NS2B,88,0.001187990357133129,"N:1670,?:20,Y:1",0.0016786820263837692,"N:N:10,N:Y:1",1.0,N,0.000,negative,0.6666666666666666,0.6718346253229973,0.511,-
nonstructural_protein_NS2B,89,0.0361831141812764,"E:1671,?:19,Q:1",0.042293471467605655,"E:E:3,E:Q:1",1.0,E,0.000,negative,0.6666666666666666,0.6718346253229973,0.292,-
nonstructural_protein_NS2B,90,8.274369156713313e-05,"E:1668,?:23",0.00015589391164822183,E:E:14,1.0,E,0.000,negative,0.6666666666666666,0.6718346253229973,0.951,-
nonstructural_protein_NS2B,10,1.825915866171535e-06,"A:1682,?:9",5.651644347673799e-06,A:A:12,1.0,A,0.000,negative,0.6666666666666666,0.6718346253229973,0.884,-
nonstructural_protein_NS2B,91,0.03609000997099221,"E:1664,?:24,K:2,D:1",0.042293471467605655,"E:K:2,E:E:3,D:E:1",1.0,E,0.000,negative,0.6666666666666666,0.6718346253229973,0.290,-
nonstructural_protein_NS2B,92,0.000135982888777697,"E:1665,?:25,K:1",0.000245524660293064,"E:E:10,E:K:1",1.0,E,0.000,negative,0.6666666666666666,0.6718346253229973,0.964,-
nonstructural_protein_NS2B,93,0.1938963414379361,"Q:1624,?:23,E:1,L:10,P:1,T:2,H:28,K:2",0.21544037937548458,"E:Q:1,Q:Q:10,L:Q:1,P:Q:1,Q:T:1,H:Q:2,H:H:1,K:Q:2",1.0,Q,0.502,neutral,0.005119856674931977,0.33279068387057853,1.040,-
nonstructural_protein_NS2B,94,1.354345646653599e-05,"T:1647,?:25,I:19",3.0165518467272017e-05,"I:T:17,T:T:15",1.0,T,0.090,negative,0.6666666666666666,0.6718346253229973,1.137,-
nonstructural_protein_NS2B,95,1.966896193250633e-05,"L:1666,?:25",4.1917459856161036e-05,L:L:31,1.0,L,0.000,negative,0.6666666666666666,0.6718346253229973,0.745,-
nonstructural_protein_NS2B,96,4.598815106504617e-09,"T:1665,?:26",3.736537274035001e-08,T:T:27,1.0,T,0.000,negative,0.6666666666666666,0.6718346253229973,1.089,-
nonstructural_protein_NS2B,97,0.0003498414925269255,"I:1665,?:25,T:1",0.0005546267564451257,"I:I:3,I:T:1",1.0,I,0.000,negative,0.6666666666666666,0.6718346253229973,0.975,-
nonstructural_protein_NS2B,98,1.559293805186712e-10,"L:1666,?:25",2.647062291583068e-09,L:L:34,1.0,L,0.000,negative,0.6666666666666666,0.6718346253229973,1.268,-
nonstructural_protein_NS2B,99,1.270051841473219e-10,"I:1658,?:27,V:6",2.647062291583068e-09,"I:I:34,I:V:6",1.0,I,0.000,negative,0.6666666666666666,0.6718346253229973,1.483,-
nonstructural_protein_NS2B,100,3.3122647825512e-05,"R:1666,?:24,K:1",6.659902473415968e-05,"R:R:13,K:R:1",1.0,R,0.000,negative,0.6666666666666666,0.6718346253229973,1.097,-
membrane_glycoprotein_precursor_prM,1,1.0,"F:2027,?:8,S:1",1.0,"F:F:22,F:S:1",1.0,F,0.000,neutral,1.0,1.0,0.000,-
membrane_glycoprotein_precursor_prM,2,0.005425923242522557,"H:2009,?:9,P:1,R:17",0.00738281359228479,"H:H:21,H:P:1,H:R:4",1.0,H,0.246,negative,0.6324028223357818,0.6707070707070707,0.928,-
membrane_glycoprotein_precursor_prM,11,1.158871299689057e-05,"H:2016,?:19,Q:1",3.629672372611009e-05,"H:H:17,H:Q:1",1.0,H,0.000,negative,0.6666666666666666,0.6707070707070707,0.825,-
membrane_glycoprotein_precursor_prM,101,0.9999999211345997,"M:2033,?:3",1.0,NA,1.0,M,0.000,neutral,0.6666666666666666,0.6707070707070707,0.153,-
membrane_glycoprotein_precursor_prM,102,0.01282319548042032,"G:2031,?:4,E:1",0.016501166277130025,"G:G:5,E:G:1",1.0,G,0.000,negative,0.6666666666666666,0.6707070707070707,0.387,-
membrane_glycoprotein_precursor_prM,103,7.164153895755643e-05,"L:2030,?:6",0.00015648020351255747,L:L:28,1.0,L,0.000,negative,0.6666666666666666,0.6707070707070707,0.705,-
membrane_glycoprotein_precursor_prM,104,0.0004156175540251938,"E:2030,?:6",0.0006763971957664918,E:E:11,1.0,E,0.000,negative,0.6666666666666666,0.6707070707070707,0.749,-
membrane_glycoprotein_precursor_prM,105,1.07855089270803e-06,"T:2029,?:7",5.302406706800104e-06,T:T:15,1.0,T,0.000,negative,0.6666666666666666,0.6707070707070707,1.083,-
membrane_glycoprotein_precursor_prM,106,0.006401231947224084,"R:2021,?:13,Q:2",0.008569391155154822,"R:R:10,Q:R:2",1.0,R,0.000,negative,0.6666666666666666,0.6707070707070707,0.748,-
membrane_glycoprotein_precursor_prM,107,1.181591533727655e-06,"T:2020,?:13,A:2,S:1",5.604119845679736e-06,"T:T:25,A:T:2,S:T:1",1.0,T,0.000,negative,0.6666666666666666,0.6707070707070707,0.901,-
membrane_glycoprotein_precursor_prM,108,8.872189429842692e-05,"E:2023,?:13",0.00018111331291670578,E:E:10,1.0,E,0.000,negative,0.6666666666666666,0.6707070707070707,1.022,-
membrane_glycoprotein_precursor_prM,109,0.001485138033185951,"T:2022,?:13,I:1",0.0022412083046260715,"I:T:1,T:T:6",1.0,T,0.000,negative,0.6666666666666666,0.6707070707070707,0.470,-
membrane_glycoprotein_precursor_prM,110,1.0,"W:2024,?:12",1.0,NA,1.0,W,0.000,neutral,0.6666666666666666,0.6707070707070707,0.153,-
membrane_glycoprotein_precursor_prM,12,0.1632795219720669,"M:2015,?:19,V:1,I:1",0.1869269010162973,"M:V:1,I:M:1",1.0,M,0.000,neutral,0.6666666666666666,0.6707070707070707,52.283,-
membrane_glycoprotein_precursor_prM,111,0.9834087640164367,"M:2020,?:12,I:4",1.0,I:M:1,1.0,M,0.043,neutral,0.6666666666666666,0.6707070707070707,0.000,-
membrane_glycoprotein_precursor_prM,112,3.411499017724751e-07,"S:2024,?:12",2.0974401368233655e-06,S:S:14,1.0,S,0.000,negative,0.6666666666666666,0.6707070707070707,1.105,-
membrane_glycoprotein_precursor_prM,113,0.1512065045678708,"S:2018,?:14,A:4",0.17676253350891938,"A:S:1,S:S:3",1.0,S,0.051,neutral,0.6616103092802796,0.6707070707070707,0.234,-
membrane_glycoprotein_precursor_prM,114,0.03144051176058071,"E:2023,Q:1,?:12",0.0395388253958818,"E:E:3,E:Q:1",1.0,E,0.000,negative,0.6666666666666666,0.6707070707070707,0.307,-
membrane_glycoprotein_precursor_prM,115,8.94656124046378e-05,"G:2023,?:12,R:1",0.00018111331291670578,"G:G:15,G:R:1",1.0,G,0.000,negative,0.6666666666666666,0.6707070707070707,0.862,-
membrane_glycoprotein_precursor_prM,116,3.757415378180529e-05,"A:2022,P:1,?:12,T:1",9.431645578880281e-05,"A:P:1,A:A:16,A:T:1",1.0,A,0.000,negative,0.6666666666666666,0.6707070707070707,0.631,-
membrane_glycoprotein_precursor_prM,117,0.9021164285283969,"W:2023,G:1,C:1,?:11",0.9599444047161148,"G:W:1,C:W:1",1.0,W,0.000,neutral,0.6666666666666666,0.6707070707070707,2.401,-
membrane_glycoprotein_precursor_prM,118,4.735690430845985e-05,"K:2024,?:11,R:1",0.00011393110311890342,"K:K:16,K:R:1",1.0,K,0.097,negative,0.6666666666666666,0.6707070707070707,1.637,-
membrane_glycoprotein_precursor_prM,119,1.086035108621708e-06,"H:2011,Q:12,?:11,Y:2",5.302406706800104e-06,"H:H:29,H:Q:2,H:Y:2",1.0,H,0.062,negative,0.6666666666666666,0.6707070707070707,1.266,-
membrane_glycoprotein_precursor_prM,120,0.0003365907742881591,"V:579,A:1440,?:11,I:5,T:1",0.0005681234517141509,"A:V:9,A:A:18,I:V:3,V:V:8,A:T:1",1.0,A,0.231,negative,0.6666666666666666,0.6707070707070707,1.169,-
membrane_glycoprotein_precursor_prM,13,3.613801480284451e-10,"I:2011,?:22,V:3",1.1997820914544376e-08,"I:I:34,I:V:3",1.0,I,0.000,negative,0.6666666666666666,0.6707070707070707,1.560,-
membrane_glycoprotein_precursor_prM,121,0.1368818843447126,"Q:2024,H:1,?:11",0.16230280572301636,"Q:Q:3,H:Q:1",1.0,Q,0.000,neutral,0.6666666666666666,0.6707070707070707,0.198,-
membrane_glycoprotein_precursor_prM,122,0.1694105316356928,"R:2020,K:4,?:11,T:1",0.19261745377756853,"K:R:3,R:R:4,R:T:1",1.0,R,0.093,neutral,0.6569634613402094,0.6707070707070707,0.370,-
membrane_glycoprotein_precursor_prM,123,2.907515261107996e-06,"I:2022,V:1,?:11,T:1,L:1",1.0725500740976163e-05,"I:I:22,I:V:1,I:T:1,I:L:1",1.0,I,0.000,negative,0.6666666666666666,0.6707070707070707,0.816,-
membrane_glycoprotein_precursor_prM,124,0.003197333867029695,"E:2023,K:2,?:11",0.0045037961210161745,"E:K:1,E:E:9",1.0,E,0.088,negative,0.6666666666666666,0.6707070707070707,0.930,-
membrane_glycoprotein_precursor_prM,125,8.80874946400656e-05,"T:2007,I:8,?:14,N:7",0.00018111331291670578,"T:T:27,I:T:7,N:T:5",1.0,T,0.119,negative,0.6666666666666666,0.6707070707070707,1.017,-
membrane_glycoprotein_precursor_prM,126,1.0,"W:2025,?:11",1.0,NA,1.0,W,0.000,neutral,0.6666666666666666,0.6707070707070707,0.153,-
membrane_glycoprotein_precursor_prM,127,0.001664438119999168,"I:1525,V:493,A:1,L:5,M:1,?:11",0.0024891597109897466,"I:V:8,V:V:2,A:V:1,L:V:1,I:I:20,I:M:1",1.0,I,0.231,negative,0.6666666666666666,0.6707070707070707,1.007,-
membrane_glycoprotein_precursor_prM,128,0.0009200529763313536,"L:2019,M:4,?:13",0.0014141555006574509,"L:M:3,L:L:27",1.0,L,0.075,negative,0.6666666666666666,0.6707070707070707,0.754,-
membrane_glycoprotein_precursor_prM,129,9.547038959412113e-05,"R:2024,?:12",0.00019094077918824226,R:R:11,1.0,R,0.000,negative,0.6666666666666666,0.6707070707070707,1.032,-
membrane_glycoprotein_precursor_prM,130,0.0001502500585012223,"H:2024,?:12",0.0002804726710526982,H:H:14,1.0,H,0.000,negative,0.6666666666666666,0.6707070707070707,0.576,-
membrane_glycoprotein_precursor_prM,14,3.529042780225922e-08,"V:2017,?:19",3.661381884484394e-07,V:V:28,1.0,V,0.000,negative,0.6666666666666666,0.6707070707070707,1.140,-
membrane_glycoprotein_precursor_prM,131,0.0001975561140045157,"P:2024,?:12",0.0003564599448342349,P:P:7,1.0,P,0.000,negative,0.6666666666666666,0.6707070707070707,0.549,-
membrane_glycoprotein_precursor_prM,132,2.246317723941793e-06,"G:2019,?:16,S:1",9.094847370105796e-06,"G:G:28,G:S:1",1.0,G,0.000,negative,0.6666666666666666,0.6707070707070707,1.180,-
membrane_glycoprotein_precursor_prM,133,9.646901166782129e-09,"F:2021,?:15",1.3344879947381946e-07,F:F:24,1.0,F,0.000,negative,0.6666666666666666,0.6707070707070707,1.091,-
membrane_glycoprotein_precursor_prM,134,1.227311354101701e-06,"T:1980,A:39,?:16,S:1",5.659269021691177e-06,"T:T:33,A:T:5,S:T:1",1.0,T,0.118,negative,0.6666666666666666,0.6707070707070707,1.407,-
membrane_glycoprotein_precursor_prM,135,0.9746348425330296,"M:8,I:1978,V:8,L:16,T:9,?:17",1.0,"I:M:5,I:V:3,I:L:4,I:T:4,I:I:1",1.0,I,0.295,neutral,0.6593120474816869,0.6707070707070707,0.306,-
membrane_glycoprotein_precursor_prM,136,0.9783131634670087,"M:2014,V:1,I:5,?:16",1.0,"M:V:1,I:M:2",1.0,M,0.043,neutral,0.657353841915426,0.6707070707070707,0.000,-
membrane_glycoprotein_precursor_prM,137,1.40532565757745e-05,"A:2014,V:3,?:19",4.022138950997529e-05,"A:V:3,A:A:11",1.0,A,0.000,negative,0.6666666666666666,0.6707070707070707,0.840,-
membrane_glycoprotein_precursor_prM,138,0.0003294091693560874,"A:2006,V:4,S:4,T:5,?:16,D:1",0.0005637311558052629,"A:V:3,A:S:1,A:T:3,A:A:14,A:D:1",1.0,A,0.168,negative,0.3668047307736578,0.6707070707070707,1.167,-
membrane_glycoprotein_precursor_prM,139,0.1233496931296504,"I:1948,L:41,F:15,V:13,?:16,T:3",0.1473097054641868,"I:L:5,F:L:1,F:I:1,I:I:17,I:V:10,I:T:3,V:V:1",0.05611249528492523,I,0.405,neutral,0.2711895872319725,0.6707070707070707,0.788,-
membrane_glycoprotein_precursor_prM,140,0.0002123044564041887,"L:2017,P:1,Q:3,?:15",0.00037492063577760986,"L:L:34,L:P:1,L:Q:1",1.0,L,0.076,negative,0.6666666666666666,0.6707070707070707,0.900,-
membrane_glycoprotein_precursor_prM,15,0.0003420557948324854,"S:942,G:1065,?:26,K:1,R:1,I:1",0.0005681234517141509,"S:S:24,G:S:11,K:S:1,R:S:1,I:S:1,G:G:17,?:G:3",1.0,G,0.418,negative,0.6666666666666666,0.6707070707070707,1.743,-
membrane_glycoprotein_precursor_prM,141,1.338368793990519e-05,"A:2020,T:1,?:15",3.980510248420753e-05,"A:A:10,A:T:1",1.0,A,0.000,negative,0.6666666666666666,0.6707070707070707,0.846,-
membrane_glycoprotein_precursor_prM,142,9.511324809974298e-07,"Y:2006,H:11,?:15,F:2,N:1,C:1",5.076870746988094e-06,"H:Y:11,Y:Y:24,F:Y:2,N:Y:1,C:Y:1",1.0,Y,0.000,negative,0.6666666666666666,0.6707070707070707,1.171,-
membrane_glycoprotein_precursor_prM,143,6.929637566321922e-05,"T:2019,?:15,A:1,S:1",0.00015337597813459188,"T:T:15,A:T:1,S:T:1",1.0,T,0.000,negative,0.6666666666666666,0.6707070707070707,0.621,-
membrane_glycoprotein_precursor_prM,144,0.2098779314257369,"I:2007,V:14,?:14,T:1",0.2322649107778155,"I:V:3,I:T:1,I:I:1",1.0,I,0.049,neutral,0.6666666666666666,0.6707070707070707,0.324,-
membrane_glycoprotein_precursor_prM,145,0.0002103317214230405,"G:2021,?:15",0.00037492063577760986,G:G:12,1.0,G,0.000,negative,0.6666666666666666,0.6707070707070707,0.826,-
membrane_glycoprotein_precursor_prM,146,2.3789054059975e-09,"T:2021,?:15",4.3877588599509444e-08,T:T:26,1.0,T,0.000,negative,0.6666666666666666,0.6707070707070707,1.534,-
membrane_glycoprotein_precursor_prM,147,5.754362504273303e-06,"T:2018,I:1,?:15,N:1,A:1",1.9132113761259896e-05,"T:T:11,I:T:1,N:T:1,A:T:1",1.0,T,0.000,negative,0.6666666666666666,0.6707070707070707,0.973,-
membrane_glycoprotein_precursor_prM,148,0.3909679875398331,"H:1349,Y:662,?:18,N:6,C:1",0.4298058670967701,"H:Y:23,H:H:15,Y:Y:9,N:Y:1,C:Y:1,H:N:1",1.0,H,0.796,neutral,0.6666666666666666,0.6707070707070707,1.075,-
membrane_glycoprotein_precursor_prM,149,5.803293434691881e-08,"F:2011,L:9,?:16",5.070245842941327e-07,"F:L:6,F:F:29",1.0,F,0.092,negative,0.6666666666666666,0.6707070707070707,1.427,-
membrane_glycoprotein_precursor_prM,150,0.00320149362819222,"Q:2021,?:15",0.0045037961210161745,Q:Q:9,1.0,Q,0.000,negative,0.6666666666666666,0.6707070707070707,0.809,-
membrane_glycoprotein_precursor_prM,16,0.1972263878422913,"R:1399,K:24,I:567,?:27,T:1,G:1,M:17",0.21972872739476748,"K:R:14,I:R:2,R:R:9,R:T:1,G:R:1,?:R:1,I:M:2",1.0,R,0.467,neutral,0.6666666666666666,0.6707070707070707,0.919,-
membrane_glycoprotein_precursor_prM,151,0.8690451824341598,"R:1991,?:16,I:1,K:28",0.9307193566714228,"I:R:1,R:R:5,K:R:17",1.0,R,0.370,neutral,0.6561759203398221,0.6707070707070707,0.414,-
membrane_glycoprotein_precursor_prM,152,0.01192666014750821,"A:775,V:1157,I:77,?:19,T:8",0.01546738737879971,"A:V:14,V:V:17,I:V:7,I:I:1,A:A:12,A:T:2",1.0,V,0.568,negative,0.6666666666666666,0.6707070707070707,1.354,-
membrane_glycoprotein_precursor_prM,153,1.384648666347132e-05,"L:2018,?:17,V:1",4.022138950997529e-05,"L:L:33,L:V:1",1.0,L,0.000,negative,0.6666666666666666,0.6707070707070707,0.846,-
membrane_glycoprotein_precursor_prM,154,3.044143699670876e-06,"I:2017,?:17,F:1,T:1",1.09853881335949e-05,"I:I:21,F:I:1,I:T:1",1.0,I,0.000,negative,0.6666666666666666,0.6707070707070707,0.820,-
membrane_glycoprotein_precursor_prM,155,4.319222757231955e-11,"F:2014,L:5,?:17",2.0087499996712666e-09,"F:F:30,F:L:5",1.0,F,0.000,negative,0.6666666666666666,0.6707070707070707,1.500,-
membrane_glycoprotein_precursor_prM,156,2.073872995178583e-05,"I:1979,T:32,?:19,M:1,V:4,L:1",5.643654380322046e-05,"I:I:26,I:T:8,I:M:1,I:V:3,I:L:1",1.0,I,0.116,negative,0.6666666666666666,0.6707070707070707,1.146,-
membrane_glycoprotein_precursor_prM,157,1.418212750570191e-07,"L:2018,?:17,V:1",9.809304858110488e-07,"L:L:38,L:V:1",1.0,L,0.000,negative,0.6666666666666666,0.6707070707070707,1.288,-
membrane_glycoprotein_precursor_prM,158,5.164394681989037e-05,"L:2017,M:1,?:18",0.00012246993103002572,"L:L:30,L:M:1",1.0,L,0.000,negative,0.6666666666666666,0.6707070707070707,0.736,-
membrane_glycoprotein_precursor_prM,159,0.008862841988259706,"T:2005,?:17,A:14",0.011584502126386703,"T:T:7,A:T:3",1.0,T,0.059,negative,0.6666666666666666,0.6707070707070707,0.546,-
membrane_glycoprotein_precursor_prM,160,1.330205336991241e-07,"A:2012,T:5,?:19",9.809304858110488e-07,"A:T:5,A:A:28",1.0,A,0.000,negative,0.6666666666666666,0.6707070707070707,1.016,-
membrane_glycoprotein_precursor_prM,17,6.679025557676521e-05,"Q:2009,?:26,E:1",0.00015183312274105368,"Q:Q:17,E:Q:1",1.0,Q,0.000,negative,0.6666666666666666,0.6707070707070707,1.485,-
membrane_glycoprotein_precursor_prM,161,8.934894213386002e-08,"V:1973,I:43,?:19,L:1",7.415962197110382e-07,"V:V:39,I:V:10,I:I:1,L:V:1",1.0,V,0.168,negative,0.6666666666666666,0.6707070707070707,1.733,-
membrane_glycoprotein_precursor_prM,162,0.0001051867338898171,"T:56,A:1961,?:19",0.00020786902173463854,"A:T:7,A:A:22",1.0,A,0.056,negative,0.6666666666666666,0.6707070707070707,0.777,-
membrane_glycoprotein_precursor_prM,163,2.181330090111899e-06,"P:2016,?:19,L:1",9.05251987396438e-06,"P:P:20,L:P:1",1.0,P,0.000,negative,0.6666666666666666,0.6707070707070707,0.699,-
membrane_glycoprotein_precursor_prM,164,0.000312663811638858,"S:2015,T:1,?:19,P:1",0.0005406478409588587,"S:T:1,S:S:7,P:S:1",1.0,S,0.000,negative,0.6666666666666666,0.6707070707070707,0.549,-
membrane_glycoprotein_precursor_prM,165,0.7857949637781312,"M:1984,?:19,L:33",0.8525618561252927,L:M:1,1.0,M,0.043,neutral,0.5863643444902807,0.6707070707070707,0.000,-
membrane_glycoprotein_precursor_prM,166,0.002027902136371273,"T:1977,?:19,S:1,A:39",0.0030056406664074227,"T:T:10,S:T:1,A:T:7",1.0,T,0.118,negative,0.6666666666666666,0.6707070707070707,0.858,-
membrane_glycoprotein_precursor_prM,18,3.157150453236834e-05,"E:2005,?:26,S:1,Q:1,D:3",8.188858988083038e-05,"E:E:15,E:S:1,E:Q:1,D:E:3",1.0,E,0.000,negative,0.6666666666666666,0.6707070707070707,1.052,-
membrane_glycoprotein_precursor_prM,19,3.11942289104028e-05,"K:2006,?:29,T:1",8.188858988083038e-05,"K:K:11,K:T:1",1.0,K,0.000,negative,0.6666666666666666,0.6707070707070707,1.256,-
membrane_glycoprotein_precursor_prM,20,2.045348519996715e-06,"G:2001,?:33,Y:1,R:1",8.705842418447556e-06,"G:G:21,G:Y:1,G:R:1",1.0,G,0.000,negative,0.6666666666666666,0.6707070707070707,1.285,-
membrane_glycoprotein_precursor_prM,3,1.09777931189825e-09,"L:2025,?:10,I:1",2.2778920721888686e-08,"L:L:52,I:L:1",1.0,L,0.000,negative,0.6666666666666666,0.6707070707070707,1.738,-
membrane_glycoprotein_precursor_prM,21,0.002916175045977853,"K:2004,?:31,N:1",0.0042094352837593356,"K:K:6,K:N:1",1.0,K,0.000,negative,0.6666666666666666,0.6707070707070707,0.638,-
membrane_glycoprotein_precursor_prM,22,4.489312965483272e-06,"S:2003,?:30,R:1,C:1,T:1",1.5855871324898365e-05,"R:S:1,S:S:25,C:S:1,S:T:1",1.0,S,0.000,negative,0.6666666666666666,0.6707070707070707,1.066,-
membrane_glycoprotein_precursor_prM,23,5.827398119606642e-09,"L:2003,?:29,F:1,P:1,V:1,S:1",8.794073525951843e-08,"L:L:29,F:L:1,L:P:1,L:V:1,L:S:1",1.0,L,0.000,negative,0.6666666666666666,0.6707070707070707,1.080,-
membrane_glycoprotein_precursor_prM,24,0.0001606700113683246,"L:2004,?:30,N:1,F:1",0.00029634690985713203,"L:L:28,L:N:1,F:L:1",1.0,L,0.000,negative,0.6666666666666666,0.6707070707070707,0.792,-
membrane_glycoprotein_precursor_prM,25,1.110223024625157e-15,"F:2010,?:25,L:1",1.3822276656583201e-13,"F:F:47,F:L:1",1.0,F,0.000,negative,0.6666666666666666,0.6707070707070707,2.193,-
membrane_glycoprotein_precursor_prM,26,0.006164938555424548,"K:2010,?:25,Q:1",0.008320160977239635,"K:K:6,K:Q:1",1.0,K,0.000,negative,0.6666666666666666,0.6707070707070707,0.542,-
membrane_glycoprotein_precursor_prM,27,0.0006236737548545035,"T:2011,?:25",0.000985998507674739,T:T:7,1.0,T,0.000,negative,0.6666666666666666,0.6707070707070707,0.545,-
membrane_glycoprotein_precursor_prM,28,0.0002956426532861878,"E:1982,?:26,V:1,K:25,G:2",0.0005165966362684966,"E:E:17,E:V:1,E:K:2,E:G:2",1.0,E,0.090,negative,0.6666666666666666,0.6707070707070707,1.157,-
membrane_glycoprotein_precursor_prM,29,0.05697607443223962,"D:1467,N:537,?:25,E:2,K:1,G:4",0.0705823011623267,"D:N:8,N:N:8,D:E:2,D:D:13,D:K:1,D:G:1",1.0,D,0.411,neutral,0.6116543509596895,0.6707070707070707,0.989,-
membrane_glycoprotein_precursor_prM,30,1.744644139156648e-07,"G:2011,?:23,S:1,I:1",1.11388818115386e-06,"G:G:37,G:S:1,G:I:1",1.0,G,0.000,negative,0.6666666666666666,0.6707070707070707,1.424,-
membrane_glycoprotein_precursor_prM,4,2.4136526957097e-06,"T:2023,?:12,S:1",9.539674940185958e-06,"T:T:21,S:T:1",1.0,T,0.000,negative,0.6666666666666666,0.6707070707070707,0.877,-
membrane_glycoprotein_precursor_prM,31,0.00207318459682615,"V:1951,M:7,?:23,A:1,L:3,I:26,D:1,T:23,H:1",0.0030455632130366454,"M:V:3,A:V:1,V:V:22,L:V:1,I:V:9,D:V:1,T:V:1,H:T:1",0.461083853012566,V,0.338,negative,0.3611508225275173,0.6707070707070707,1.222,-
membrane_glycoprotein_precursor_prM,32,2.477553695423573e-06,"N:2010,?:23,K:1,C:1,D:1",9.54042062257193e-06,"N:N:25,K:N:1,C:N:1,D:N:1",1.0,N,0.000,negative,0.6666666666666666,0.6707070707070707,1.273,-
membrane_glycoprotein_precursor_prM,33,0.8052118322809337,"M:2004,?:23,Q:1,W:1,T:1,V:6",0.8679556114197079,"M:Q:1,M:W:1,M:T:1,M:V:2",1.0,M,0.101,neutral,0.5956910490978667,0.6707070707070707,0.000,-
membrane_glycoprotein_precursor_prM,34,4.840361444991004e-11,"C:2012,?:23,Y:1",2.0087499996712666e-09,"C:C:41,C:Y:1",1.0,C,0.000,negative,0.6666666666666666,0.6707070707070707,1.969,-
membrane_glycoprotein_precursor_prM,35,6.592759065660037e-05,"T:2010,I:2,?:23,N:1",0.00015183312274105368,"I:T:2,T:T:15,N:T:1",1.0,T,0.000,negative,0.6666666666666666,0.6707070707070707,0.628,-
membrane_glycoprotein_precursor_prM,36,3.246410373858311e-08,"L:2012,?:23,S:1",3.661381884484394e-07,"L:L:24,L:S:1",1.0,L,0.000,negative,0.6666666666666666,0.6707070707070707,1.010,-
membrane_glycoprotein_precursor_prM,37,1.0,"M:2013,?:22,T:1",1.0,M:T:1,1.0,M,0.000,neutral,0.6666666666666666,0.6707070707070707,0.000,-
membrane_glycoprotein_precursor_prM,38,9.774345632318493e-06,"A:2013,?:22,S:1",3.120271874932442e-05,"A:A:18,A:S:1",1.0,A,0.000,negative,0.6666666666666666,0.6707070707070707,0.733,-
membrane_glycoprotein_precursor_prM,39,0.1750913907085331,"M:1419,?:21,I:593,L:3",0.19638628957848986,"I:M:15,L:M:2,I:L:1,I:I:1",1.0,M,0.178,neutral,0.6666666666666666,0.6707070707070707,1.125,-
membrane_glycoprotein_precursor_prM,40,5.476382215030551e-05,"D:2011,?:23,N:1,A:1",0.00012803935883029175,"D:D:18,D:N:1,A:D:1",1.0,D,0.000,negative,0.6666666666666666,0.6707070707070707,0.856,-
membrane_glycoprotein_precursor_prM,5,0.09241292872331175,"T:2022,?:9,I:1,P:2,A:2",0.11197478954795438,"I:T:1,P:T:2,T:T:4,A:T:1",1.0,T,0.059,neutral,0.6666666666666666,0.6707070707070707,0.311,-
membrane_glycoprotein_precursor_prM,41,0.0005127813148610993,"L:2010,?:22,M:1,I:2,F:1",0.0008184778679513701,"L:L:16,I:L:2,I:M:1,F:L:1",1.0,L,0.045,negative,0.6666666666666666,0.6707070707070707,0.568,-
membrane_glycoprotein_precursor_prM,42,0.002506117072337721,"G:2013,?:22,N:1",0.0036492581930531727,"G:G:14,G:N:1",1.0,G,0.000,negative,0.6666666666666666,0.6707070707070707,0.483,-
membrane_glycoprotein_precursor_prM,43,8.865494434373566e-05,"E:2010,?:24,D:2",0.00018111331291670578,"D:E:2,E:E:10",1.0,E,0.000,negative,0.6666666666666666,0.6707070707070707,1.025,-
membrane_glycoprotein_precursor_prM,44,9.775269937950526e-08,"L:2008,?:25,V:1,F:1,M:1",7.727118141427559e-07,"L:L:45,L:V:1,F:L:1,L:M:1",1.0,L,0.000,negative,0.6666666666666666,0.6707070707070707,1.286,-
membrane_glycoprotein_precursor_prM,45,0.001109163627937226,"C:2012,?:23,W:1",0.0016891849746566926,"C:C:11,C:W:1",1.0,C,0.000,negative,0.6666666666666666,0.6707070707070707,0.461,-
membrane_glycoprotein_precursor_prM,46,0.0004153128825825636,"E:2013,?:23",0.0006763971957664918,E:E:8,1.0,E,0.000,negative,0.6666666666666666,0.6707070707070707,0.834,-
membrane_glycoprotein_precursor_prM,47,2.401982956978799e-08,"D:2010,?:22,C:1,N:2,E:1",3.067147468142159e-07,"D:D:34,C:D:1,D:N:2,D:E:1",1.0,D,0.000,negative,0.6666666666666666,0.6707070707070707,1.653,-
membrane_glycoprotein_precursor_prM,48,3.806748516776981e-05,"T:2011,?:25",9.431645578880281e-05,T:T:10,1.0,T,0.000,negative,0.6666666666666666,0.6707070707070707,0.796,-
membrane_glycoprotein_precursor_prM,49,0.02705576464083703,"I:1962,V:49,?:23,A:1,T:1",0.034284404048694254,"I:V:9,I:I:14,A:I:1,I:T:1",1.0,I,0.174,negative,0.6289412439451717,0.6707070707070707,0.612,-
membrane_glycoprotein_precursor_prM,50,4.61634968029756e-08,"T:2014,?:22",4.257300260718861e-07,T:T:26,1.0,T,0.000,negative,0.6666666666666666,0.6707070707070707,1.208,-
membrane_glycoprotein_precursor_prM,6,4.95222976182319e-07,"R:2025,?:10,S:1",2.783168477430801e-06,"R:R:26,R:S:1",1.0,R,0.000,negative,0.6666666666666666,0.6707070707070707,1.070,-
membrane_glycoprotein_precursor_prM,51,3.352215249829982e-08,"Y:2010,?:25,G:1",3.661381884484394e-07,"Y:Y:30,G:Y:1",1.0,Y,0.000,negative,0.6666666666666666,0.6707070707070707,1.484,-
membrane_glycoprotein_precursor_prM,52,0.006646125202787401,"K:1234,N:773,?:23,E:1,R:2,S:3",0.008826054269301668,"K:N:2,N:N:11,E:N:1,N:R:1,N:S:1,K:K:9,K:R:1",1.0,K,0.287,negative,0.6666666666666666,0.6707070707070707,1.200,-
membrane_glycoprotein_precursor_prM,53,5.762684867849366e-06,"C:2012,?:22,R:2",1.9132113761259896e-05,"C:C:26,C:R:2",1.0,C,0.067,negative,0.6666666666666666,0.6707070707070707,1.204,-
membrane_glycoprotein_precursor_prM,54,5.351835752787082e-06,"P:2012,?:23,T:1",1.8508431978388657e-05,"P:P:18,P:T:1",1.0,P,0.000,negative,0.6666666666666666,0.6707070707070707,0.653,-
membrane_glycoprotein_precursor_prM,55,0.003676019248674112,"L:1976,?:24,F:32,P:1,T:2,S:1",0.005127892397310106,"L:L:21,F:L:8,L:P:1,P:S:1,S:T:1",1.0,L,0.219,negative,0.6666666666666666,0.6707070707070707,0.824,-
membrane_glycoprotein_precursor_prM,56,4.562981662836751e-05,"L:2011,?:22,E:2,S:1",0.00011139043471042657,"L:L:26,L:S:1,E:S:1",5.10357964862429e-05,L,0.195,negative,0.0003370191688054636,0.05594518202170696,1.195,overall
membrane_glycoprotein_precursor_prM,57,0.4575528586952076,"R:1964,K:46,?:22,Q:2,G:2",0.4996958851539767,"K:R:14,R:R:10,Q:R:1,G:Q:1",0.02421401778152421,R,0.975,neutral,0.01721426955992278,0.6707070707070707,0.697,"overall,bipolar,composition"
membrane_glycoprotein_precursor_prM,58,0.1574768623838915,"Q:2010,?:22,E:1,K:2,A:1",0.18231415912744342,"E:Q:1,Q:Q:9,K:Q:1,A:Q:1",0.0352905120556013,Q,0.255,neutral,0.6666666666666666,0.6707070707070707,0.745,"overall,structure,volume,composition,charge"
membrane_glycoprotein_precursor_prM,59,0.06621670084426001,"N:2009,?:21,S:3,K:2,E:1",0.08142201733442343,"N:N:10,N:S:3,K:N:1,E:K:1",1.0,N,0.087,neutral,0.650723168061417,0.6707070707070707,0.422,-
membrane_glycoprotein_precursor_prM,60,1.708136970635099e-05,"E:2013,?:22,D:1",4.805944697041126e-05,"E:E:13,D:E:1",1.0,E,0.000,negative,0.6666666666666666,0.6707070707070707,1.199,-
membrane_glycoprotein_precursor_prM,7,0.0001264681466180972,"N:2017,I:2,?:11,H:1,D:5",0.00024698485104240154,"N:N:30,I:N:1,H:N:1,D:N:4",1.0,N,0.176,negative,0.6666666666666666,0.6707070707070707,1.402,-
membrane_glycoprotein_precursor_prM,61,6.768464507733718e-05,"P:2014,S:1,?:21",0.00015183312274105368,"P:S:1,P:P:7",1.0,P,0.000,negative,0.6666666666666666,0.6707070707070707,0.631,-
membrane_glycoprotein_precursor_prM,62,0.0001873313468521154,"E:2013,?:22,R:1",0.00034172531403792476,"E:R:1,E:E:9",1.0,E,0.000,negative,0.6666666666666666,0.6707070707070707,0.933,-
membrane_glycoprotein_precursor_prM,63,1.384942508453335e-07,"D:2013,Y:1,S:1,?:21",9.809304858110488e-07,"D:Y:1,D:D:30,D:S:1",1.0,D,0.000,negative,0.6666666666666666,0.6707070707070707,1.481,-
membrane_glycoprotein_precursor_prM,64,0.04248979983606693,"I:2014,?:22",0.05303238175027903,I:I:1,1.0,I,0.000,neutral,0.6666666666666666,0.6707070707070707,0.333,-
membrane_glycoprotein_precursor_prM,65,1.243860277033715e-05,"D:2011,Y:2,?:22,G:1",3.823718629399939e-05,"D:D:28,D:Y:1,D:G:1",1.0,D,0.082,negative,0.6666666666666666,0.6707070707070707,1.345,-
membrane_glycoprotein_precursor_prM,66,1.740296972085886e-07,"C:2011,?:23,W:1,R:1",1.11388818115386e-06,"C:C:28,C:W:1,C:R:1",1.0,C,0.000,negative,0.6666666666666666,0.6707070707070707,1.199,-
membrane_glycoprotein_precursor_prM,67,0.9285581063315953,"W:2013,C:2,G:1,?:20",0.9817875519174829,"C:W:1,G:W:1",1.0,W,0.091,neutral,0.6496114633870983,0.6707070707070707,0.000,-
membrane_glycoprotein_precursor_prM,68,2.528786189115451e-06,"C:2011,Y:2,?:22,S:1",9.54042062257193e-06,"C:C:27,C:Y:1,C:S:1",1.0,C,0.068,negative,0.6666666666666666,0.6707070707070707,1.331,-
membrane_glycoprotein_precursor_prM,69,0.0008784463486258831,"N:2012,?:23,H:1",0.0013628233072139869,"N:N:13,H:N:1",1.0,N,0.000,negative,0.6666666666666666,0.6707070707070707,0.627,-
membrane_glycoprotein_precursor_prM,70,1.665334536937735e-15,"S:2010,?:23,A:2,F:1",1.3822276656583201e-13,"S:S:61,A:S:1,F:S:1",1.0,S,0.049,negative,0.6666666666666666,0.6707070707070707,2.474,-
membrane_glycoprotein_precursor_prM,8,0.1143841677061213,"G:2015,?:20,R:1",0.1375925495595372,"G:R:1,G:G:2",1.0,G,0.000,neutral,0.6666666666666666,0.6707070707070707,0.156,-
membrane_glycoprotein_precursor_prM,71,4.169555889443899e-08,"T:2013,?:22,S:1",4.071448692045219e-07,"T:T:22,S:T:1",1.0,T,0.000,negative,0.6666666666666666,0.6707070707070707,1.293,-
membrane_glycoprotein_precursor_prM,72,5.029822549573737e-07,"S:2009,F:2,?:22,A:3",2.783168477430801e-06,"S:S:31,F:S:1,A:S:1",1.0,S,0.098,negative,0.6666666666666666,0.6707070707070707,1.263,-
membrane_glycoprotein_precursor_prM,73,0.0001337680979470734,"T:2004,?:23,A:9",0.0002552356811403929,"T:T:13,A:T:3",1.0,T,0.059,negative,0.6666666666666666,0.6707070707070707,0.938,-
membrane_glycoprotein_precursor_prM,74,1.0,"W:2015,?:21",1.0,NA,1.0,W,0.000,neutral,0.6666666666666666,0.6707070707070707,0.153,-
membrane_glycoprotein_precursor_prM,75,1.438889819738165e-06,"V:2008,?:22,I:6",6.455559731798253e-06,"V:V:17,I:V:4",1.0,V,0.056,negative,0.6666666666666666,0.6707070707070707,1.356,-
membrane_glycoprotein_precursor_prM,76,0.0001503739019499406,"T:2013,?:22,N:1",0.0002804726710526982,"T:T:15,N:T:1",1.0,T,0.000,negative,0.6666666666666666,0.6707070707070707,0.548,-
membrane_glycoprotein_precursor_prM,77,3.771375739147764e-05,"Y:2014,?:22",9.431645578880281e-05,Y:Y:19,1.0,Y,0.000,negative,0.6666666666666666,0.6707070707070707,0.799,-
membrane_glycoprotein_precursor_prM,78,0.0004799794697959436,"G:2014,?:22",0.0007735591454963751,G:G:12,1.0,G,0.000,negative,0.6666666666666666,0.6707070707070707,0.683,-
membrane_glycoprotein_precursor_prM,79,2.524117035795914e-05,"T:2029,A:2,?:5",6.758119805518091e-05,"T:T:16,A:T:1",1.0,T,0.059,negative,0.6666666666666666,0.6707070707070707,1.049,-
membrane_glycoprotein_precursor_prM,80,8.442487813009603e-05,"C:2029,?:5,N:2",0.00018111331291670578,"C:C:26,C:N:1",1.0,C,0.135,negative,0.03913089782094958,0.6707070707070707,1.164,-
membrane_glycoprotein_precursor_prM,9,0.007159525207733775,"E:2015,?:19,P:1,G:1",0.009432390353046086,"E:E:4,E:P:1,E:G:1",1.0,E,0.000,negative,0.6666666666666666,0.6707070707070707,0.490,-
membrane_glycoprotein_precursor_prM,81,1.342822734407001e-05,"T:2000,S:12,?:8,H:1,A:15",3.980510248420753e-05,"S:T:4,T:T:36,H:T:1,A:T:11",1.0,T,0.237,negative,0.6666666666666666,0.6707070707070707,1.506,-
membrane_glycoprotein_precursor_prM,82,0.0001300443593149625,"T:1257,A:766,V:4,M:2,?:4,I:3",0.00025101585635213693,"A:T:9,A:A:12,A:V:4,A:M:1,T:T:21,I:T:3",1.0,T,0.295,negative,0.05414716060655766,0.6707070707070707,1.399,-
membrane_glycoprotein_precursor_prM,83,0.005348986721930071,"M:5,T:2000,P:4,I:3,E:2,?:13,R:1,A:4,K:4",0.007338279304466048,"M:T:4,T:T:15,P:T:3,I:T:3,E:T:1,R:T:1,A:T:4,K:T:2",1.0,T,0.300,negative,0.03487443028429438,0.6707070707070707,1.132,-
membrane_glycoprotein_precursor_prM,84,0.0008203265683797145,"G:2033,?:3",0.0012846623618021943,G:G:9,1.0,G,0.000,negative,0.6666666666666666,0.6707070707070707,0.702,-
membrane_glycoprotein_precursor_prM,85,0.07850755100402496,"E:2012,D:18,?:4,K:1,G:1",0.09582539313726576,"D:E:5,E:E:8,E:K:1,E:G:1",1.0,E,0.264,neutral,0.4813250804033876,0.6707070707070707,0.808,-
membrane_glycoprotein_precursor_prM,86,0.0003422430432012957,"H:2026,P:2,?:4,R:3,Y:1",0.0005681234517141509,"H:H:21,H:P:1,H:R:2,H:Y:1",1.0,H,0.133,negative,0.093857477996934,0.6707070707070707,1.030,-
membrane_glycoprotein_precursor_prM,87,0.158152041652722,"R:2029,E:2,I:1,S:1,?:3",0.18231415912744342,"E:R:1,I:R:1,R:R:6,R:S:1",1.0,R,0.187,neutral,0.07410138823501922,0.6707070707070707,0.547,-
membrane_glycoprotein_precursor_prM,88,1.093724000256202e-09,"R:2029,K:4,?:3",2.2778920721888686e-08,"R:R:30,K:R:4",1.0,R,0.000,negative,0.6666666666666666,0.6707070707070707,2.406,-
membrane_glycoprotein_precursor_prM,89,0.00311810580155103,"E:2016,G:10,?:4,K:1,D:3,V:2",0.004462116922909232,"E:E:15,E:G:9,E:K:1,D:E:3,E:V:1",1.0,E,0.351,negative,0.6666666666666666,0.6707070707070707,1.573,-
membrane_glycoprotein_precursor_prM,90,0.1498298972009019,"K:2027,R:7,?:2",0.17639548181099088,"K:R:6,K:K:4",1.0,K,0.097,neutral,0.6603492900258734,0.6707070707070707,0.408,-
membrane_glycoprotein_precursor_prM,10,0.0143397289771261,"P:2014,?:21,W:1",0.018310730847714868,"P:P:2,P:W:1",1.0,P,0.000,negative,0.6666666666666666,0.6707070707070707,0.238,-
membrane_glycoprotein_precursor_prM,91,0.004034932241315792,"R:2033,?:3",0.005581656267153512,R:R:5,1.0,R,0.000,negative,0.6666666666666666,0.6707070707070707,0.558,-
membrane_glycoprotein_precursor_prM,92,0.1731925912210783,"S:2033,T:1,E:1,?:1",0.19557802818162584,"S:T:1,E:S:1",1.0,S,0.000,neutral,0.6666666666666666,0.6707070707070707,0.078,-
membrane_glycoprotein_precursor_prM,93,9.278401750689724e-06,"V:2032,R:1,?:3",3.0200288051264592e-05,"V:V:13,R:V:1",1.0,V,0.000,negative,0.6666666666666666,0.6707070707070707,0.801,-
membrane_glycoprotein_precursor_prM,94,5.023187422681374e-07,"A:2029,P:1,R:1,?:5",2.783168477430801e-06,"A:A:15,A:P:1,A:R:1",1.0,A,0.000,negative,0.6666666666666666,0.6707070707070707,1.118,-
membrane_glycoprotein_precursor_prM,95,4.660955066349004e-09,"L:2028,F:4,H:1,?:3",7.737185410139347e-08,"F:L:4,L:L:26,H:L:1",1.0,L,0.000,negative,0.6666666666666666,0.6707070707070707,1.124,-
membrane_glycoprotein_precursor_prM,96,1.785255852071455e-05,"V:2025,A:6,R:1,?:4",4.939207857397692e-05,"A:V:6,V:V:18,R:V:1",1.0,V,0.000,negative,0.6666666666666666,0.6707070707070707,0.669,-
membrane_glycoprotein_precursor_prM,97,1.530009250405584e-06,"P:2032,S:1,L:1,?:2",6.683724620192814e-06,"P:P:10,P:S:1,L:P:1",1.0,P,0.000,negative,0.6666666666666666,0.6707070707070707,0.912,-
membrane_glycoprotein_precursor_prM,98,9.786738789374638e-07,"H:2033,Y:1,?:2",5.076870746988094e-06,"H:H:23,H:Y:1",1.0,H,0.000,negative,0.6666666666666666,0.6707070707070707,0.971,-
membrane_glycoprotein_precursor_prM,99,6.177779399152428e-10,"V:2031,?:3,G:1,A:1",1.709185633765505e-08,"V:V:26,G:V:1,A:V:1",1.0,V,0.000,negative,0.6666666666666666,0.6707070707070707,1.574,-
membrane_glycoprotein_precursor_prM,100,8.552619148005647e-05,"G:2033,?:3",0.00018111331291670578,G:G:15,1.0,G,0.000,negative,0.6666666666666666,0.6707070707070707,0.901,-
nonstructural_protein_NS2A,1,1.0,"G:1410,?:1",1.0,G:G:3,1.0,G,0.000,neutral,1.0,1.0,0.000,-
nonstructural_protein_NS2A,2,0.7398957311977397,"H:1343,N:1,Y:41,Q:18,R:2,L:5,?:1",0.8024739771199366,"H:H:8,H:N:1,H:Y:6,H:Q:2,H:R:1,H:L:1,Q:R:1",1.0,H,0.424,neutral,0.6467593392358244,0.6697388632872503,0.512,-
nonstructural_protein_NS2A,11,0.01506948036551814,"G:1408,?:3",0.022656184273675547,G:G:5,1.0,G,0.000,negative,0.6666666666666666,0.6697388632872503,0.520,-
nonstructural_protein_NS2A,101,9.863730448089747e-06,"L:1373,?:37,R:1",5.375733094208912e-05,"L:L:25,L:R:1",1.0,L,0.000,negative,0.6666666666666666,0.6697388632872503,1.165,-
nonstructural_protein_NS2A,102,1.0,"M:1379,?:28,I:4",1.0,I:M:1,1.0,M,0.056,neutral,0.6666666666666666,0.6697388632872503,0.105,-
nonstructural_protein_NS2A,103,1.0,"M:1381,?:29,L:1",1.0,L:M:1,1.0,M,0.000,neutral,0.6666666666666666,0.6697388632872503,0.039,-
nonstructural_protein_NS2A,104,0.0002497854505957298,"T:1082,?:39,A:288,I:1,S:1",0.0006560629907213145,"T:T:21,A:T:11,I:T:1,A:A:1,S:T:1",1.0,T,0.346,negative,0.6666666666666666,0.6697388632872503,1.553,-
nonstructural_protein_NS2A,105,0.0001482783710287094,"T:1364,?:28,S:19",0.0004552772518909668,"T:T:16,S:T:9",1.0,T,0.115,negative,0.6666666666666666,0.6697388632872503,1.066,-
nonstructural_protein_NS2A,106,0.1657602441089087,"I:1379,?:27,M:4,V:1",0.19964493489360272,"I:I:1,I:M:2,I:V:1",1.0,I,0.062,neutral,0.6666666666666666,0.6697388632872503,0.513,-
nonstructural_protein_NS2A,107,0.0583053437979375,"G:1384,?:27",0.07433078916930044,G:G:3,1.0,G,0.000,neutral,0.6666666666666666,0.6697388632872503,0.317,-
nonstructural_protein_NS2A,108,8.113847260737828e-09,"I:1376,?:28,V:6,L:1",4.422046757102116e-07,"I:I:31,I:V:4,I:L:1",1.0,I,0.074,negative,0.6666666666666666,0.6697388632872503,2.156,-
nonstructural_protein_NS2A,109,0.7313777355517908,"V:1069,?:28,A:251,I:9,D:3,Q:1,T:50",0.7972017317514519,"A:V:13,I:V:4,A:D:2,D:Q:1,T:V:1,V:V:7,A:T:2,A:A:1",1.0,V,0.812,neutral,0.03690124069586453,0.6697388632872503,0.951,-
nonstructural_protein_NS2A,110,0.0001561612149749703,"L:1377,?:31,G:1,D:2",0.0004680848087371543,"D:L:2,D:G:1,L:L:16",0.7980521913194702,L,0.108,negative,0.0002676494178083244,0.02917378654110736,1.104,-
nonstructural_protein_NS2A,12,0.02856219193378384,"V:1388,I:16,L:2,?:4,A:1",0.040171340913321786,"I:V:9,V:V:9,L:V:2,I:I:1,A:V:1",1.0,V,0.149,negative,0.6666666666666666,0.6697388632872503,0.656,-
nonstructural_protein_NS2A,111,1.050107545363943e-06,"L:1375,?:30,I:1,M:5",9.538476870389149e-06,"L:L:20,I:L:1,L:M:2",1.0,L,0.064,negative,0.001173479687056833,0.0852728572594632,1.459,-
nonstructural_protein_NS2A,112,1.997860302749288e-07,"S:1374,?:30,D:1,T:6",2.4563562230535876e-06,"S:S:19,D:S:1,S:T:2,T:T:1",1.0,S,0.051,negative,0.6666666666666666,0.6697388632872503,1.337,-
nonstructural_protein_NS2A,113,0.0537695157696495,"Q:1376,?:31,P:4",0.06935949371469581,"Q:Q:8,?:Q:1,P:Q:2",1.0,Q,0.198,neutral,0.6666666666666666,0.6697388632872503,1.035,-
nonstructural_protein_NS2A,114,0.01925681021780457,"S:1369,?:32,T:2,R:4,A:4",0.027986564183209304,"S:S:16,S:T:2,R:S:2,A:S:1",1.0,S,0.346,negative,0.05383527830068935,0.6697388632872503,1.267,-
nonstructural_protein_NS2A,115,1.386495577093694e-05,"T:1346,?:33,A:15,N:8,I:2,S:7",6.723993541724775e-05,"T:T:25,A:T:3,N:T:3,I:T:2,S:T:1,S:S:1",1.0,T,0.303,negative,0.6666666666666666,0.6697388632872503,1.818,-
nonstructural_protein_NS2A,116,0.707897237921295,"I:1149,?:39,L:151,T:4,M:60,V:4,F:4",0.775485416416293,"I:L:4,I:I:1,I:T:4,I:M:14,I:V:2,L:L:2,F:L:2",0.02335624200545228,I,0.966,neutral,0.03211684875307375,0.6697388632872503,1.207,overall
nonstructural_protein_NS2A,117,0.002400963072885953,"P:1383,?:27,A:1",0.00443567754143337,"A:P:1,P:P:3",1.0,P,0.000,negative,0.6666666666666666,0.6697388632872503,0.422,-
nonstructural_protein_NS2A,118,0.0001605797628823069,"E:1383,?:28",0.00047305930146409334,E:E:12,1.0,E,0.000,negative,0.6666666666666666,0.6697388632872503,1.206,-
nonstructural_protein_NS2A,119,0.0004360301236371322,"T:1362,N:5,?:27,S:16,A:1",0.0010005743889778401,"T:T:16,N:T:3,S:T:1,A:T:1",1.0,T,0.174,negative,0.6666666666666666,0.6697388632872503,1.112,-
nonstructural_protein_NS2A,120,0.0002905992288754211,"I:1070,?:28,M:26,V:286,P:1",0.0007541741892243072,"I:I:12,I:M:4,I:V:8,I:P:1,V:V:4",1.0,I,0.276,negative,0.6666666666666666,0.6697388632872503,1.613,-
nonstructural_protein_NS2A,13,0.0001752131763934628,"L:1408,?:3",0.0005038210744051903,L:L:19,1.0,L,0.000,negative,0.6666666666666666,0.6697388632872503,0.829,-
nonstructural_protein_NS2A,121,0.0004016955305780057,"L:1368,F:3,?:34,Q:6",0.0009484846125555578,"F:L:3,L:Q:2,L:L:15",1.0,L,0.065,negative,0.6666666666666666,0.6697388632872503,0.830,-
nonstructural_protein_NS2A,122,0.0001227300307280466,"E:1380,?:30,D:1",0.00038775574925672696,"E:E:10,D:E:1",1.0,E,0.000,negative,0.6666666666666666,0.6697388632872503,1.336,-
nonstructural_protein_NS2A,123,4.494827088841191e-05,"L:1378,?:32,M:1",0.00017190742199427715,"L:L:25,L:M:1",1.0,L,0.000,negative,0.6666666666666666,0.6697388632872503,0.996,-
nonstructural_protein_NS2A,124,0.01078823468469825,"T:1383,?:27,A:1",0.016793384620074178,"A:T:1,T:T:5",1.0,T,0.000,negative,0.6666666666666666,0.6697388632872503,0.263,-
nonstructural_protein_NS2A,125,6.613886361805932e-06,"D:1384,?:27",3.794282175983403e-05,D:D:21,1.0,D,0.000,negative,0.6666666666666666,0.6697388632872503,1.442,-
nonstructural_protein_NS2A,126,4.755171854053941e-07,"A:1381,?:27,D:3",5.1831373209187955e-06,"A:A:17,A:D:1",1.0,A,0.059,negative,0.008956110653989935,0.361802446182297,1.593,-
nonstructural_protein_NS2A,127,4.324693283719316e-05,"L:1375,?:34,Q:1,I:1",0.0001683541314019305,"L:L:30,L:Q:1,I:L:1",1.0,L,0.098,negative,0.6666666666666666,0.6697388632872503,1.422,-
nonstructural_protein_NS2A,128,7.992012719393315e-07,"A:1380,?:30,G:1",7.919358058307921e-06,"A:A:21,A:G:1",1.0,A,0.057,negative,0.6666666666666666,0.6697388632872503,1.328,-
nonstructural_protein_NS2A,129,1.390840101422874e-06,"L:1378,?:33",1.212812568440746e-05,L:L:30,1.0,L,0.000,negative,0.6666666666666666,0.6697388632872503,1.407,-
nonstructural_protein_NS2A,130,0.0003648138659307909,"G:1380,?:30,A:1",0.0008935890199203643,"G:G:14,A:G:1",1.0,G,0.000,negative,0.6666666666666666,0.6697388632872503,1.005,-
nonstructural_protein_NS2A,14,0.2759772320426969,"G:1408,?:3",0.32345718594251577,G:G:1,1.0,G,0.000,neutral,0.6666666666666666,0.6697388632872503,0.105,-
nonstructural_protein_NS2A,131,0.9449502498333564,"M:1379,?:29,R:1,L:1,T:1",0.995164997409042,"M:R:1,L:M:1,M:T:1",1.0,M,0.056,neutral,0.6491463080909009,0.6697388632872503,0.000,-
nonstructural_protein_NS2A,132,0.1036934263355653,"M:1381,?:29,I:1",0.12917238252087562,I:M:1,1.0,M,0.000,neutral,0.6666666666666666,0.6697388632872503,10000.000,-
nonstructural_protein_NS2A,133,0.1861699582468367,"V:1142,?:31,I:173,T:5,A:60",0.2223136254307937,"V:V:12,I:V:5,I:I:3,I:T:1,A:V:5,T:V:1,A:T:1",1.0,V,0.504,neutral,0.6666666666666666,0.6697388632872503,0.939,-
nonstructural_protein_NS2A,134,1.918836634029475e-08,"L:1378,?:32,S:1",4.6478487357602836e-07,"L:L:24,L:S:1",1.0,L,0.000,negative,0.6666666666666666,0.6697388632872503,1.516,-
nonstructural_protein_NS2A,135,0.01757559856492341,"K:1331,?:29,R:51",0.026064493109886417,"K:K:10,K:R:8",1.0,K,0.266,negative,0.6666666666666666,0.6697388632872503,1.308,-
nonstructural_protein_NS2A,136,0.502218506402964,"M:45,I:1259,?:29,V:77,E:1",0.567272717076923,"I:M:7,I:V:5,E:I:1,V:V:1,I:I:1",1.0,I,0.565,neutral,0.6666666666666666,0.6697388632872503,0.988,-
nonstructural_protein_NS2A,137,0.0005528241352193985,"V:1367,I:15,?:28,A:1",0.0012297516477329479,"V:V:13,I:V:3,A:V:1",1.0,V,0.148,negative,0.6666666666666666,0.6697388632872503,1.247,-
nonstructural_protein_NS2A,138,0.8321822321746937,"R:1351,?:27,G:3,K:30",0.8936735301186365,"G:R:2,K:R:4,R:R:5",1.0,R,0.526,neutral,0.6666666666666666,0.6697388632872503,0.606,-
nonstructural_protein_NS2A,139,0.4104844144032205,"N:1258,?:30,D:70,S:24,K:27,C:1,G:1",0.46851100701519405,"N:N:18,D:N:4,N:S:5,K:N:3,C:N:1,D:G:1",1.0,N,0.941,neutral,0.6666666666666666,0.6697388632872503,1.330,-
nonstructural_protein_NS2A,140,0.9999999468289579,"M:1382,?:29",1.0,NA,1.0,M,0.000,neutral,0.6666666666666666,0.6697388632872503,0.153,-
nonstructural_protein_NS2A,15,1.0,"M:1406,T:1,?:3,I:1",1.0,"M:T:1,I:M:1",1.0,M,0.000,neutral,0.6666666666666666,0.6697388632872503,0.112,-
nonstructural_protein_NS2A,141,0.03547831187095374,"E:1381,?:30",0.04744952139796267,E:E:3,1.0,E,0.000,negative,0.6666666666666666,0.6697388632872503,0.397,-
nonstructural_protein_NS2A,142,0.5168275706099805,"K:1374,?:30,R:7",0.5807650020256483,"K:R:3,K:K:6",1.0,K,0.403,neutral,0.6666666666666666,0.6697388632872503,0.632,-
nonstructural_protein_NS2A,143,9.084489074007163e-05,"Y:1381,?:30",0.0003000634269899336,Y:Y:15,1.0,Y,0.000,negative,0.6666666666666666,0.6697388632872503,1.010,-
nonstructural_protein_NS2A,144,0.004482039204791177,"Q:1383,?:28",0.007633473020659974,Q:Q:8,1.0,Q,0.000,negative,0.6666666666666666,0.6697388632872503,1.066,-
nonstructural_protein_NS2A,145,4.958516556863302e-05,"L:1383,?:28",0.00018637182920624136,L:L:22,1.0,L,0.000,negative,0.6666666666666666,0.6697388632872503,0.991,-
nonstructural_protein_NS2A,146,0.005274424716373294,"A:1380,?:28,T:1,V:2",0.00884480452437983,"A:A:6,A:T:1,A:V:1",1.0,A,0.056,negative,0.6666666666666666,0.6697388632872503,0.635,-
nonstructural_protein_NS2A,147,0.5619720292328454,"V:1356,A:27,?:28",0.628255909603899,"A:V:9,V:V:3",1.0,V,0.222,neutral,0.6666666666666666,0.6697388632872503,0.345,-
nonstructural_protein_NS2A,148,3.10296233152485e-12,"T:1380,?:31",3.3822289413620865e-10,T:T:36,1.0,T,0.000,negative,0.6666666666666666,0.6697388632872503,2.037,-
nonstructural_protein_NS2A,149,0.0002411364362826518,"I:1379,?:31,V:1",0.0006410700379221719,"I:I:10,I:V:1",1.0,I,0.000,negative,0.6666666666666666,0.6697388632872503,0.714,-
nonstructural_protein_NS2A,150,1.0,"M:1383,?:27,I:1",1.0,I:M:1,1.0,M,0.000,neutral,0.6666666666666666,0.6697388632872503,0.101,-
nonstructural_protein_NS2A,16,0.0003777798858256576,"A:1407,T:2,?:2",0.000905011155054872,"A:A:6,A:T:2",1.0,A,0.000,negative,0.6666666666666666,0.6697388632872503,0.631,-
nonstructural_protein_NS2A,151,4.898391020913273e-06,"A:1355,?:29,T:26,V:1",2.886079033943496e-05,"A:A:31,A:T:9,A:V:1,T:T:1",1.0,A,0.283,negative,0.6666666666666666,0.6697388632872503,1.770,-
nonstructural_protein_NS2A,152,0.007126217419619385,"I:1342,?:32,V:27,T:9,M:1",0.011680566898323504,"I:I:19,I:V:4,I:T:5,I:M:1",1.0,I,0.376,negative,0.6666666666666666,0.6697388632872503,1.306,-
nonstructural_protein_NS2A,153,0.2137080750080217,"L:1104,?:31,F:1,S:273,T:2",0.25319761060733004,"L:L:13,F:L:1,L:S:5,S:S:2,S:T:1",1.0,L,0.410,neutral,0.6265714260859977,0.6697388632872503,0.760,-
nonstructural_protein_NS2A,154,1.84297967997793e-08,"C:1377,?:31,G:2,S:1",4.6478487357602836e-07,"C:C:26,C:G:2,C:S:1",1.0,C,0.000,negative,0.6666666666666666,0.6697388632872503,2.046,-
nonstructural_protein_NS2A,155,7.704381331818944e-05,"V:1351,?:32,I:1,A:26,T:1",0.0002708959887639564,"V:V:20,I:V:1,A:V:3,T:V:1",1.0,V,0.148,negative,0.6666666666666666,0.6697388632872503,1.373,-
nonstructural_protein_NS2A,156,5.634446633706602e-05,"P:1376,?:34,T:1",0.00020471822769133985,"P:P:7,P:T:1",1.0,P,0.000,negative,0.6666666666666666,0.6697388632872503,0.749,-
nonstructural_protein_NS2A,157,0.001357517932686791,"N:1377,?:34",0.0025959553449624597,N:N:11,1.0,N,0.000,negative,0.6666666666666666,0.6697388632872503,0.755,-
nonstructural_protein_NS2A,158,0.116813651822267,"A:1359,?:32,V:1,T:18,E:1",0.14468963691621706,"A:A:5,A:V:1,A:T:6,A:E:1",1.0,A,0.169,neutral,0.6435929636377397,0.6697388632872503,0.520,-
nonstructural_protein_NS2A,159,0.9188680878302219,"V:1374,?:32,E:1,M:1,L:1,A:2",0.9771377714487238,"E:V:1,V:V:1,M:V:1,L:V:1,A:V:1",1.0,V,0.074,neutral,0.6574295877370602,0.6697388632872503,0.085,-
nonstructural_protein_NS2A,160,0.9999999524423742,"I:1379,?:32",1.0,NA,1.0,I,0.000,neutral,0.6666666666666666,0.6697388632872503,0.000,-
nonstructural_protein_NS2A,17,0.0005103811529835189,"L:1406,M:2,?:3",0.0011470421788701765,"L:L:25,L:M:1",1.0,L,0.098,negative,0.6666666666666666,0.6697388632872503,1.089,-
nonstructural_protein_NS2A,161,4.684997534365465e-08,"L:1377,?:34",7.426430324982849e-07,L:L:38,1.0,L,0.000,negative,0.6666666666666666,0.6697388632872503,1.831,-
nonstructural_protein_NS2A,162,0.3068383337356014,"Q:1352,?:32,R:16,E:3,L:8",0.35770458157412355,"Q:R:4,E:Q:1,Q:Q:4,L:Q:1",1.0,Q,1.015,neutral,0.2941052032637224,0.6697388632872503,0.514,-
nonstructural_protein_NS2A,163,8.579302446098946e-05,"N:1374,?:34,S:3",0.0002922279420226347,"N:N:16,N:S:3",1.0,N,0.000,negative,0.6666666666666666,0.6697388632872503,1.169,-
nonstructural_protein_NS2A,164,0.001124459178974302,"A:1379,?:32",0.002248918357948604,A:A:5,1.0,A,0.000,negative,0.6666666666666666,0.6697388632872503,0.532,-
nonstructural_protein_NS2A,165,1.0,"W:1380,?:31",1.0,NA,1.0,W,0.000,neutral,0.6666666666666666,0.6697388632872503,0.153,-
nonstructural_protein_NS2A,166,0.0003714557587456424,"K:1365,?:31,R:14,E:1",0.0008997483934061116,"K:K:14,K:R:2,E:K:1",1.0,K,0.132,negative,0.6666666666666666,0.6697388632872503,1.763,-
nonstructural_protein_NS2A,167,0.005580144273882648,"V:1376,?:32,A:3",0.009215692815957707,"V:V:5,A:V:3",1.0,V,0.000,negative,0.6666666666666666,0.6697388632872503,0.428,-
nonstructural_protein_NS2A,168,3.663424290145656e-06,"S:1376,?:34,G:1",2.5527429146077196e-05,"S:S:22,G:S:1",1.0,S,0.000,negative,0.6666666666666666,0.6697388632872503,1.561,-
nonstructural_protein_NS2A,169,8.407172319424561e-07,"C:1378,?:32,S:1",7.968537241889367e-06,"C:C:20,C:S:1",1.0,C,0.000,negative,0.6666666666666666,0.6697388632872503,1.577,-
nonstructural_protein_NS2A,170,4.286494635263871e-05,"T:1379,?:32",0.0001683541314019305,T:T:8,1.0,T,0.000,negative,0.6666666666666666,0.6697388632872503,0.853,-
nonstructural_protein_NS2A,18,0.001155233617284313,"F:1402,C:1,?:2,L:6",0.002268837194306128,"F:F:12,C:F:1,F:L:3",1.0,F,0.120,negative,0.6666666666666666,0.6697388632872503,0.927,-
nonstructural_protein_NS2A,171,0.3736216858757888,"I:947,T:100,A:315,V:10,?:39",0.4286817237943261,"I:T:14,A:T:2,A:V:2,A:A:1,I:V:5",1.0,I,0.624,neutral,0.3457903690429021,0.6697388632872503,0.270,-
nonstructural_protein_NS2A,172,1.60999644460702e-05,"L:1372,?:39",7.46764308349639e-05,L:L:27,1.0,L,0.000,negative,0.6666666666666666,0.6697388632872503,1.114,-
nonstructural_protein_NS2A,173,0.001150342569701701,"A:1370,?:39,T:1,S:1",0.002268837194306128,"A:A:5,A:T:1,A:S:1",1.0,A,0.000,negative,0.6666666666666666,0.6697388632872503,0.530,-
nonstructural_protein_NS2A,174,0.2497412962330957,"V:1072,?:46,M:3,A:287,L:2,T:1",0.2942897436692696,"V:V:7,M:V:3,A:V:8,L:V:1,A:A:3,A:T:1",1.0,V,0.489,neutral,0.6666666666666666,0.6697388632872503,0.861,-
nonstructural_protein_NS2A,175,0.01300222467856971,"V:1368,?:42,A:1",0.019821573286211168,"A:V:1,V:V:4",1.0,V,0.000,negative,0.6666666666666666,0.6697388632872503,0.344,-
nonstructural_protein_NS2A,176,5.645753495819861e-07,"S:1369,?:42",5.860829819470141e-06,S:S:15,1.0,S,0.000,negative,0.6666666666666666,0.6697388632872503,0.986,-
nonstructural_protein_NS2A,177,0.0001192527585057723,"V:1361,?:48,L:2",0.0003823103140332112,"V:V:19,L:V:1",1.0,V,0.074,negative,0.6666666666666666,0.6697388632872503,1.055,-
nonstructural_protein_NS2A,178,2.804208845796907e-06,"S:1352,?:49,F:3,T:7",2.107991477185261e-05,"F:S:3,S:S:17,S:T:1",1.0,S,0.050,negative,0.6666666666666666,0.6697388632872503,1.135,-
nonstructural_protein_NS2A,179,0.03138284698451321,"P:1383,?:28",0.043028054356125035,P:P:2,1.0,P,0.000,negative,0.6666666666666666,0.6697388632872503,0.213,-
nonstructural_protein_NS2A,180,0.000734626587205911,"L:1382,?:28,M:1",0.0015856296634741446,"L:L:18,L:M:1",1.0,L,0.000,negative,0.6666666666666666,0.6697388632872503,0.682,-
nonstructural_protein_NS2A,19,0.000226071134875161,"L:1408,?:3",0.0006180468971426682,L:L:21,1.0,L,0.000,negative,0.6666666666666666,0.6697388632872503,0.799,-
nonstructural_protein_NS2A,181,0.0002268062007863003,"L:1379,?:28,F:4",0.0006180468971426682,"L:L:15,F:L:4",1.0,L,0.062,negative,0.6666666666666666,0.6697388632872503,0.871,-
nonstructural_protein_NS2A,182,3.804039170118845e-05,"L:1380,?:31",0.0001539759001687828,L:L:22,1.0,L,0.000,negative,0.6666666666666666,0.6697388632872503,1.024,-
nonstructural_protein_NS2A,183,0.04119120362654527,"T:1383,?:28",0.05442231751870829,T:T:2,1.0,T,0.000,neutral,0.6666666666666666,0.6697388632872503,0.210,-
nonstructural_protein_NS2A,184,2.245422665492214e-05,"S:1371,?:30,T:10",9.989839613822504e-05,"S:S:15,S:T:1",1.0,S,0.050,negative,0.6666666666666666,0.6697388632872503,0.945,-
nonstructural_protein_NS2A,185,8.394758346541575e-05,"S:1381,A:1,?:29",0.00029048528881683546,"A:S:1,S:S:7",1.0,S,0.000,negative,0.6666666666666666,0.6697388632872503,0.729,-
nonstructural_protein_NS2A,186,0.6796010935998197,"Q:1303,?:39,R:68,H:1",0.7482476687109125,"Q:Q:12,Q:R:6,H:Q:1",1.0,Q,0.973,neutral,0.6666666666666666,0.6697388632872503,1.210,-
nonstructural_protein_NS2A,187,0.02257015284473474,"Q:1373,?:29,L:1,E:7,K:1",0.03194995662436476,"Q:Q:12,L:Q:1,E:Q:4,K:Q:1",1.0,Q,0.206,negative,0.6666666666666666,0.6697388632872503,1.304,-
nonstructural_protein_NS2A,188,0.096160533143823,"K:1385,?:26",0.12047698980088169,K:K:2,1.0,K,0.000,neutral,0.6666666666666666,0.6697388632872503,0.263,-
nonstructural_protein_NS2A,189,0.001044915799228052,"T:771,A:604,?:24,M:1,V:4,S:7",0.0021288938713244425,"T:T:9,A:T:13,M:T:1,A:V:4,A:A:7,A:S:1",1.0,T,0.403,negative,0.6666666666666666,0.6697388632872503,1.597,-
nonstructural_protein_NS2A,190,3.795709579546003e-05,"D:1389,?:22",0.0001539759001687828,D:D:18,1.0,D,0.000,negative,0.6666666666666666,0.6697388632872503,1.185,-
nonstructural_protein_NS2A,20,0.008630931998486302,"E:1408,?:3",0.013937356856814917,E:E:5,1.0,E,0.000,negative,0.6666666666666666,0.6697388632872503,0.607,-
nonstructural_protein_NS2A,191,1.0,"W:1389,?:22",1.0,NA,1.0,W,0.000,neutral,0.6666666666666666,0.6697388632872503,0.153,-
nonstructural_protein_NS2A,192,0.03375358208332324,"I:1389,?:22",0.045703608038288615,I:I:1,1.0,I,0.000,negative,0.6666666666666666,0.6697388632872503,0.525,-
nonstructural_protein_NS2A,193,0.03191148033900515,"P:1391,?:20",0.043479391961894515,P:P:2,1.0,P,0.000,negative,0.6666666666666666,0.6697388632872503,0.210,-
nonstructural_protein_NS2A,194,2.812437469101869e-05,"L:1391,?:20",0.00012262227365284148,L:L:23,1.0,L,0.000,negative,0.6666666666666666,0.6697388632872503,1.054,-
nonstructural_protein_NS2A,195,0.0001288135684075487,"A:1380,?:21,V:10",0.00040116225589779454,"A:A:10,A:V:3",1.0,A,0.056,negative,0.6666666666666666,0.6697388632872503,1.012,-
nonstructural_protein_NS2A,196,1.342821486316481e-05,"L:1390,?:21",6.723993541724775e-05,L:L:26,1.0,L,0.000,negative,0.6666666666666666,0.6697388632872503,1.126,-
nonstructural_protein_NS2A,197,0.003011668410046076,"T:1384,?:21,M:3,S:3",0.005381505847459382,"T:T:9,M:T:2,S:T:1",1.0,T,0.115,negative,0.6666666666666666,0.6697388632872503,0.840,-
nonstructural_protein_NS2A,198,0.0006489661749712328,"I:1381,V:8,?:22",0.0014290366277144317,"I:I:13,I:V:7",1.0,I,0.141,negative,0.6666666666666666,0.6697388632872503,1.165,-
nonstructural_protein_NS2A,199,0.0001567439955862948,"K:1391,?:20",0.0004680848087371543,K:K:11,1.0,K,0.000,negative,0.6666666666666666,0.6697388632872503,1.343,-
nonstructural_protein_NS2A,200,7.541100352925767e-05,"G:1380,D:1,?:30",0.00026950161917013395,"G:G:21,D:G:1",1.0,G,0.000,negative,0.6666666666666666,0.6697388632872503,1.190,-
nonstructural_protein_NS2A,3,0.005532599828626972,"G:1409,?:2",0.00920692185221893,G:G:7,1.0,G,0.000,negative,0.6666666666666666,0.6697388632872503,0.650,-
nonstructural_protein_NS2A,21,0.0004046287567324169,"E:1409,?:2",0.0009484846125555578,E:E:9,1.0,E,0.000,negative,0.6666666666666666,0.6697388632872503,1.106,-
nonstructural_protein_NS2A,201,1.176248431988824e-08,"L:1381,?:30",4.6478487357602836e-07,L:L:23,1.0,L,0.000,negative,0.6666666666666666,0.6697388632872503,1.487,-
nonstructural_protein_NS2A,202,0.0009662685743473398,"N:1378,?:33",0.001987231596299246,N:N:12,1.0,N,0.000,negative,0.6666666666666666,0.6697388632872503,0.783,-
nonstructural_protein_NS2A,203,0.0001928473492216476,"P:1381,?:30",0.0005459233991493614,P:P:6,1.0,P,0.000,negative,0.6666666666666666,0.6697388632872503,0.642,-
nonstructural_protein_NS2A,204,0.04093688626808345,"T:1382,?:29",0.054416104917330434,T:T:2,1.0,T,0.000,neutral,0.6666666666666666,0.6697388632872503,0.211,-
nonstructural_protein_NS2A,205,4.585439919879697e-06,"A:1377,?:34",2.856074007239354e-05,A:A:14,1.0,A,0.000,negative,0.6666666666666666,0.6697388632872503,0.898,-
nonstructural_protein_NS2A,206,0.0007845953885117218,"I:1382,?:29",0.0016446326413034169,I:I:10,1.0,I,0.000,negative,0.6666666666666666,0.6697388632872503,0.563,-
nonstructural_protein_NS2A,207,3.621036136669531e-05,"F:1382,?:29",0.0001539759001687828,F:F:11,1.0,F,0.000,negative,0.6666666666666666,0.6697388632872503,0.765,-
nonstructural_protein_NS2A,208,0.0003428635865367902,"L:1379,?:31,I:1",0.000859129446724371,"L:L:18,I:L:1",1.0,L,0.000,negative,0.6666666666666666,0.6697388632872503,0.778,-
nonstructural_protein_NS2A,209,0.003829332468129221,"T:1381,?:30",0.006678355824417362,T:T:4,1.0,T,0.000,negative,0.6666666666666666,0.6697388632872503,0.424,-
nonstructural_protein_NS2A,210,1.38798031824594e-05,"T:1381,?:30",6.723993541724775e-05,T:T:13,1.0,T,0.000,negative,0.6666666666666666,0.6697388632872503,0.803,-
nonstructural_protein_NS2A,22,1.0,"M:1406,T:2,?:2,V:1",1.0,"M:T:2,M:V:1",1.0,M,0.000,neutral,0.6666666666666666,0.6697388632872503,0.025,-
nonstructural_protein_NS2A,211,1.559977863663242e-06,"L:1379,?:32",1.307981439533026e-05,L:L:17,1.0,L,0.000,negative,0.6666666666666666,0.6697388632872503,1.031,-
nonstructural_protein_NS2A,212,0.01049111958044613,"S:1378,A:2,?:29,T:2",0.016453698334800405,"A:S:2,S:T:2,S:S:3",1.0,S,0.000,negative,0.6666666666666666,0.6697388632872503,0.304,-
nonstructural_protein_NS2A,213,0.02173918555220622,"R:1378,?:30,I:1,K:2",0.031178568752506287,"I:R:1,R:R:4,K:R:2",1.0,R,0.000,negative,0.6666666666666666,0.6697388632872503,0.493,-
nonstructural_protein_NS2A,214,4.370989977076079e-06,"T:1362,S:2,?:31,I:7,A:9",2.8025759264781923e-05,"T:T:25,S:T:2,I:T:3,A:T:5",1.0,T,0.173,negative,0.6666666666666666,0.6697388632872503,1.555,-
nonstructural_protein_NS2A,215,0.01290207670058841,"S:787,N:595,?:29",0.01980741352625545,"S:S:13,N:S:12,N:N:7",1.0,S,0.470,negative,0.6666666666666666,0.6697388632872503,1.592,-
nonstructural_protein_NS2A,216,0.005260719692525173,"K:1378,?:33",0.00884480452437983,K:K:7,1.0,K,0.000,negative,0.6666666666666666,0.6697388632872503,0.702,-
nonstructural_protein_NS2A,217,0.04167061822692575,"K:1381,?:29,R:1",0.05472406490042056,"K:K:3,K:R:1",1.0,K,0.000,neutral,0.6666666666666666,0.6697388632872503,0.395,-
nonstructural_protein_NS2A,218,0.004477384796766959,"R:1374,?:37",0.007633473020659974,R:R:7,1.0,R,0.000,negative,0.6666666666666666,0.6697388632872503,0.686,-
nonstructural_protein_NS2A,23,4.134475961592443e-08,"L:1403,?:7,F:1",7.426430324982849e-07,"L:L:23,F:L:1",1.0,L,0.000,negative,0.6666666666666666,0.6697388632872503,1.331,-
nonstructural_protein_NS2A,24,0.0007116468685756105,"R:1407,?:2,K:2",0.001551390173494831,"R:R:10,K:R:2",1.0,R,0.000,negative,0.6666666666666666,0.6697388632872503,0.971,-
nonstructural_protein_NS2A,25,3.773981438470742e-08,"T:1395,S:3,?:13",7.426430324982849e-07,"T:T:25,S:T:2",1.0,T,0.058,negative,0.6666666666666666,0.6697388632872503,1.640,-
nonstructural_protein_NS2A,26,0.001584737932639024,"R:1399,?:12",0.0029782143906492003,R:R:15,1.0,R,0.000,negative,0.6666666666666666,0.6697388632872503,1.427,-
nonstructural_protein_NS2A,27,0.01086177629096541,"V:1314,A:4,?:23,I:68,T:2",0.016793384620074178,"V:V:12,A:V:3,I:V:3,I:T:1",1.0,V,0.372,negative,0.6106071092375946,0.6697388632872503,1.351,-
nonstructural_protein_NS2A,28,0.03038758194945901,"G:1399,?:12",0.04219422206994946,G:G:4,1.0,G,0.000,negative,0.6666666666666666,0.6697388632872503,0.411,-
nonstructural_protein_NS2A,29,2.028184037383696e-07,"T:1382,M:8,K:1,I:1,?:14,A:3,S:1,R:1",2.4563562230535876e-06,"M:T:7,K:T:1,T:T:18,I:T:1,A:T:3,S:T:1,R:T:1",1.0,T,0.052,negative,0.6666666666666666,0.6697388632872503,1.634,-
nonstructural_protein_NS2A,30,0.02900936297937717,"K:1384,R:14,?:13",0.04053872518912963,"K:K:9,K:R:2",1.0,K,0.265,negative,0.6666666666666666,0.6697388632872503,1.189,-
nonstructural_protein_NS2A,4,0.1285089007056628,"Q:1407,E:1,?:3",0.15600245465075568,"E:Q:1,Q:Q:3",1.0,Q,0.000,neutral,0.6666666666666666,0.6697388632872503,0.293,-
nonstructural_protein_NS2A,31,0.0007561804189425425,"H:1396,?:13,Y:2",0.0016161503071517086,"H:H:10,H:Y:2",1.0,H,0.000,negative,0.6666666666666666,0.6697388632872503,0.642,-
nonstructural_protein_NS2A,32,0.001297799504689334,"A:1388,?:14,V:3,T:6",0.0025037193984272107,"A:A:9,A:V:3,A:T:3",1.0,A,0.113,negative,0.6666666666666666,0.6697388632872503,0.961,-
nonstructural_protein_NS2A,33,0.5729505336472729,"I:1195,T:25,V:150,?:14,M:3,L:15,A:9",0.6372613078321708,"I:T:11,I:V:4,I:M:3,L:V:2,A:V:4,A:T:1,V:V:1",1.0,I,0.583,neutral,0.4731865414786979,0.6697388632872503,0.336,-
nonstructural_protein_NS2A,34,0.0002396416766122789,"L:1395,S:1,?:14,M:1",0.0006410700379221719,"L:L:19,L:S:1,L:M:1",1.0,L,0.000,negative,0.6666666666666666,0.6697388632872503,0.815,-
nonstructural_protein_NS2A,35,0.000295580727757927,"L:1397,?:13,R:1",0.0007580776311909187,"L:L:19,L:R:1",1.0,L,0.000,negative,0.6666666666666666,0.6697388632872503,0.796,-
nonstructural_protein_NS2A,36,0.0001953303905213311,"V:1394,?:12,A:3,I:1,T:1",0.0005459233991493614,"V:V:13,A:V:3,I:V:1,T:V:1",1.0,V,0.000,negative,0.6666666666666666,0.6697388632872503,0.684,-
nonstructural_protein_NS2A,37,0.01018309295435116,"A:1384,V:6,T:9,?:12",0.01620375375217922,"A:V:5,A:T:5,A:A:8",1.0,A,0.169,negative,0.6666666666666666,0.6697388632872503,0.853,-
nonstructural_protein_NS2A,38,0.007278667434539199,"V:1207,I:5,F:4,?:17,L:174,A:4",0.011841414184548846,"V:V:19,I:V:5,F:V:2,L:V:4,L:L:2,A:V:3,F:L:1",0.3279453679802558,V,0.392,negative,0.6666666666666666,0.6697388632872503,1.302,-
nonstructural_protein_NS2A,39,0.01362247275650708,"S:1380,A:7,T:9,?:15",0.020622910145267664,"A:S:3,S:S:12,S:T:1",1.0,S,0.151,negative,0.6666666666666666,0.6697388632872503,0.627,-
nonstructural_protein_NS2A,40,0.003103214583605518,"F:1384,L:12,?:15",0.005500006335170756,"F:F:15,F:L:8",1.0,F,0.178,negative,0.6666666666666666,0.6697388632872503,0.944,-
nonstructural_protein_NS2A,5,0.3115177625207405,"V:424,I:983,?:4",0.36122804377405016,"V:V:4,I:V:13,I:I:10,?:I:1",0.6892129795982682,I,0.610,neutral,0.0650994238064645,0.6697388632872503,0.936,-
nonstructural_protein_NS2A,41,0.03114048566098648,"V:1200,M:181,A:3,?:14,I:3,L:10",0.042965986544905396,"M:V:10,A:V:3,V:V:10,I:M:1,L:V:5",1.0,V,0.358,negative,0.3596998377484021,0.6697388632872503,1.098,-
nonstructural_protein_NS2A,42,0.001248093149507801,"T:1395,I:2,?:13,S:1",0.0024293241660062552,"T:T:5,I:T:2,S:T:1",1.0,T,0.000,negative,0.6666666666666666,0.6697388632872503,0.528,-
nonstructural_protein_NS2A,43,1.741031455559927e-06,"L:1399,?:12",1.4057216937483854e-05,L:L:31,1.0,L,0.000,negative,0.6666666666666666,0.6697388632872503,1.363,-
nonstructural_protein_NS2A,44,1.22718809989486e-05,"I:1391,T:3,V:5,?:12",6.40523115727302e-05,"I:T:3,I:I:19,I:V:2",1.0,I,0.073,negative,0.6666666666666666,0.6697388632872503,1.366,-
nonstructural_protein_NS2A,45,5.546078936724541e-05,"T:1397,M:1,S:1,?:12",0.00020471822769133985,"M:T:1,S:T:1,T:T:8",1.0,T,0.000,negative,0.6666666666666666,0.6697388632872503,0.775,-
nonstructural_protein_NS2A,46,0.02206149888093623,"G:1398,?:13",0.03143403108525554,G:G:5,1.0,G,0.000,negative,0.6666666666666666,0.6697388632872503,0.429,-
nonstructural_protein_NS2A,47,0.001545367379543139,"N:1399,?:12",0.002929479032525255,N:N:10,1.0,N,0.000,negative,0.6666666666666666,0.6697388632872503,0.780,-
nonstructural_protein_NS2A,48,1.0,"M:1397,?:12,I:2",1.0,I:M:2,1.0,M,0.000,neutral,0.6666666666666666,0.6697388632872503,0.000,-
nonstructural_protein_NS2A,49,2.220446049250313e-16,"S:1397,?:14",4.8405723873656825e-14,S:S:42,1.0,S,0.000,negative,0.6666666666666666,0.6697388632872503,2.649,-
nonstructural_protein_NS2A,50,1.683895820547843e-05,"F:1399,?:12",7.647693518321454e-05,F:F:12,1.0,F,0.000,negative,0.6666666666666666,0.6697388632872503,0.827,-
nonstructural_protein_NS2A,6,0.0003037093252259426,"D:1408,?:3",0.0007698678244099475,D:D:13,1.0,D,0.000,negative,0.6666666666666666,0.6697388632872503,0.984,-
nonstructural_protein_NS2A,51,0.7563954889056604,"R:848,?:13,Q:2,K:548",0.816308002878386,"R:R:4,Q:R:1,K:R:4,K:K:3",1.0,R,0.665,neutral,0.6666666666666666,0.6697388632872503,0.809,-
nonstructural_protein_NS2A,52,0.0008684937816848537,"D:1399,?:12",0.0018031585181647438,D:D:11,1.0,D,0.000,negative,0.6666666666666666,0.6697388632872503,0.817,-
nonstructural_protein_NS2A,53,0.009384692239691406,"L:1397,?:12,M:2",0.015043109619505342,"L:L:18,L:M:1",1.0,L,0.099,negative,0.6666666666666666,0.6697388632872503,0.724,-
nonstructural_protein_NS2A,54,0.0173554816791226,"G:1398,?:12,V:1",0.02591434935649813,"G:G:5,G:V:1",1.0,G,0.000,negative,0.6666666666666666,0.6697388632872503,0.484,-
nonstructural_protein_NS2A,55,0.04651599495650127,"R:1398,?:12,K:1",0.060360041074507605,"R:R:3,K:R:1",1.0,R,0.000,neutral,0.6666666666666666,0.6697388632872503,0.369,-
nonstructural_protein_NS2A,56,0.1233737794076698,"V:1393,A:1,?:12,M:4,L:1",0.1517432402620123,"A:V:1,V:V:4,M:V:3,L:V:1",1.0,V,0.074,neutral,0.6588826959519304,0.6697388632872503,0.343,-
nonstructural_protein_NS2A,57,0.4669515483649418,"M:976,L:1,T:2,?:12,V:420",0.530184570539361,"L:M:1,M:T:2,M:V:4,V:V:1",1.0,M,0.118,neutral,0.6666666666666666,0.6697388632872503,0.306,-
nonstructural_protein_NS2A,58,4.769267181181647e-08,"V:1394,?:12,T:1,I:3,A:1",7.426430324982849e-07,"V:V:32,I:V:1,I:T:1,A:V:1",1.0,V,0.074,negative,0.6666666666666666,0.6697388632872503,1.914,-
nonstructural_protein_NS2A,59,0.003618021794454807,"M:1391,?:12,G:1,I:4,V:2,L:1",0.006360715735412483,"G:M:1,I:M:2,M:V:2,L:M:1",1.0,M,0.056,negative,0.6666666666666666,0.6697388632872503,68.864,-
nonstructural_protein_NS2A,60,4.880841493193344e-06,"V:1397,?:13,I:1",2.886079033943496e-05,"V:V:13,I:V:1",1.0,V,0.000,negative,0.6666666666666666,0.6697388632872503,1.200,-
nonstructural_protein_NS2A,7,0.0004098370236922388,"N:1407,?:4",0.0009504730974990218,N:N:13,1.0,N,0.000,negative,0.6666666666666666,0.6697388632872503,0.950,-
nonstructural_protein_NS2A,61,1.234035360575536e-05,"G:1398,?:13",6.40523115727302e-05,G:G:22,1.0,G,0.000,negative,0.6666666666666666,0.6697388632872503,1.499,-
nonstructural_protein_NS2A,62,2.830389844721282e-08,"A:1387,?:15,T:4,S:2,V:3",6.170249861492395e-07,"A:A:31,A:T:4,A:S:1,A:V:1",1.0,A,0.112,negative,0.6666666666666666,0.6697388632872503,1.788,-
nonstructural_protein_NS2A,63,2.736923366941646e-06,"T:1189,?:14,A:207,I:1",2.107991477185261e-05,"T:T:27,A:T:10,A:A:4,I:T:1",1.0,T,0.289,negative,0.6666666666666666,0.6697388632872503,1.904,-
nonstructural_protein_NS2A,64,0.0005048985308200304,"M:1394,?:13,I:3,L:1",0.0011465404137371525,"I:M:2,L:M:1",1.0,M,0.056,negative,0.6666666666666666,0.6697388632872503,149.904,-
nonstructural_protein_NS2A,65,0.06850903259169117,"T:1120,?:15,A:268,P:1,V:7",0.08632930118490563,"T:T:7,A:T:8,P:T:1,A:A:2,A:V:2",1.0,T,0.288,neutral,0.1527691836208317,0.6697388632872503,0.778,-
nonstructural_protein_NS2A,66,0.05463947457307805,"D:1396,?:15",0.07006709092312362,D:D:4,1.0,D,0.000,neutral,0.6666666666666666,0.6697388632872503,0.254,-
nonstructural_protein_NS2A,67,0.1288093662253946,"D:1376,?:15,G:7,N:7,E:6",0.15600245465075568,"D:G:3,D:N:7,D:D:10,D:E:2",1.0,D,0.343,neutral,0.3572130346806746,0.6697388632872503,0.861,-
nonstructural_protein_NS2A,68,0.04530082450132789,"I:1390,?:13,M:2,T:1,V:4,F:1",0.05913520803167353,"I:M:2,I:T:1,I:V:2,F:I:1,I:I:1",1.0,I,0.062,neutral,0.6666666666666666,0.6697388632872503,0.979,-
nonstructural_protein_NS2A,69,3.225438057197216e-06,"G:1397,?:14",2.3438183215633103e-05,G:G:28,1.0,G,0.000,negative,0.6666666666666666,0.6697388632872503,1.659,-
nonstructural_protein_NS2A,70,0.9358577105686624,"M:1382,?:16,V:1,T:7,I:4,L:1",0.9903736937085845,"M:V:1,M:T:3,I:M:2,L:M:1",1.0,M,0.112,neutral,0.624341023787427,0.6697388632872503,0.000,-
nonstructural_protein_NS2A,8,4.157406357396809e-06,"F:1405,L:3,?:3",2.746407836098498e-05,"F:F:14,F:L:3",1.0,F,0.000,negative,0.6666666666666666,0.6697388632872503,0.958,-
nonstructural_protein_NS2A,71,0.002579384356954595,"G:1396,?:15",0.004685881581800847,G:G:10,1.0,G,0.000,negative,0.6666666666666666,0.6697388632872503,0.723,-
nonstructural_protein_NS2A,72,0.002317834393073981,"V:1397,?:14",0.004318699980257502,V:V:6,1.0,V,0.000,negative,0.6666666666666666,0.6697388632872503,0.520,-
nonstructural_protein_NS2A,73,1.634537794004132e-08,"T:1393,?:16,S:1,P:1",4.6478487357602836e-07,"T:T:24,S:T:1,P:T:1",1.0,T,0.000,negative,0.6666666666666666,0.6697388632872503,1.318,-
nonstructural_protein_NS2A,74,0.002873161366299559,"Y:1398,?:13",0.005176439486390941,Y:Y:9,1.0,Y,0.000,negative,0.6666666666666666,0.6697388632872503,0.578,-
nonstructural_protein_NS2A,75,1.959879908364215e-07,"L:1398,?:13",2.4563562230535876e-06,L:L:22,1.0,L,0.000,negative,0.6666666666666666,0.6697388632872503,1.170,-
nonstructural_protein_NS2A,76,8.713218454803329e-05,"A:1398,?:13",0.0002922279420226347,A:A:10,1.0,A,0.000,negative,0.6666666666666666,0.6697388632872503,0.655,-
nonstructural_protein_NS2A,77,9.584360735581665e-05,"L:1397,?:14",0.0003118493493069855,L:L:22,1.0,L,0.000,negative,0.6666666666666666,0.6697388632872503,0.925,-
nonstructural_protein_NS2A,78,0.001104876253739118,"L:1398,?:13",0.0022302131788437753,L:L:15,1.0,L,0.000,negative,0.6666666666666666,0.6697388632872503,0.644,-
nonstructural_protein_NS2A,79,0.0003617355569763836,"A:1399,?:12",0.0008935890199203643,A:A:6,1.0,A,0.000,negative,0.6666666666666666,0.6697388632872503,0.637,-
nonstructural_protein_NS2A,80,7.253873808066302e-06,"A:1393,?:13,S:3,P:1,T:1",4.0547294619447535e-05,"A:A:18,A:S:1,A:P:1,A:T:1",1.0,A,0.056,negative,0.6666666666666666,0.6697388632872503,1.123,-
nonstructural_protein_NS2A,9,0.03491948207985041,"S:1408,?:3",0.04699041415683574,S:S:2,1.0,S,0.000,negative,0.6666666666666666,0.6697388632872503,0.209,-
nonstructural_protein_NS2A,81,3.814081930786362e-05,"F:1393,?:13,Y:5",0.0001539759001687828,"F:F:14,F:Y:2",1.0,F,0.060,negative,0.6666666666666666,0.6697388632872503,1.093,-
nonstructural_protein_NS2A,82,0.1866210708891525,"K:1405,R:3,?:3",0.2223136254307937,"K:K:4,K:R:2",1.0,K,0.132,neutral,0.6666666666666666,0.6697388632872503,0.499,-
nonstructural_protein_NS2A,83,1.593129761445766e-08,"V:1397,I:12,?:2",4.6478487357602836e-07,"I:V:7,V:V:33",1.0,V,0.074,negative,0.6666666666666666,0.6697388632872503,2.031,-
nonstructural_protein_NS2A,84,0.02137086116013476,"R:1409,?:1,S:1",0.03085329624443297,"R:R:4,R:S:1",1.0,R,0.000,negative,0.6666666666666666,0.6697388632872503,0.494,-
nonstructural_protein_NS2A,85,0.002453072737009232,"P:1409,S:1,?:1",0.004493864341748005,"P:P:4,P:S:1",1.0,P,0.000,negative,0.6666666666666666,0.6697388632872503,0.420,-
nonstructural_protein_NS2A,86,3.571943645308551e-07,"T:1408,A:1,?:2",4.098335340406654e-06,"A:T:1,T:T:20",1.0,T,0.000,negative,0.6666666666666666,0.6697388632872503,1.057,-
nonstructural_protein_NS2A,87,0.01854757631865744,"F:1401,Y:2,?:2,L:6",0.027136722399109543,"F:F:7,F:Y:2,F:L:2",1.0,F,0.058,negative,0.6666666666666666,0.6697388632872503,0.443,-
nonstructural_protein_NS2A,88,0.01041229225728979,"A:1386,T:6,V:15,?:3,S:1",0.016448403710791117,"A:T:2,A:V:10,A:A:7,V:V:1,A:S:1",1.0,A,0.168,negative,0.6666666666666666,0.6697388632872503,0.850,-
nonstructural_protein_NS2A,89,0.06752886332128405,"A:1400,?:2,V:3,T:6",0.08558890816302281,"A:A:8,A:V:2,A:T:3",1.0,A,0.112,neutral,0.639281164160955,0.6697388632872503,0.413,-
nonstructural_protein_NS2A,90,0.1239004438836614,"G:1409,?:2",0.1517432402620123,G:G:2,1.0,G,0.000,neutral,0.6666666666666666,0.6697388632872503,0.209,-
nonstructural_protein_NS2A,10,3.747145562726928e-06,"L:1405,?:5,M:1",2.5527429146077196e-05,"L:L:32,L:M:1",1.0,L,0.000,negative,0.6666666666666666,0.6697388632872503,1.306,-
nonstructural_protein_NS2A,91,0.000175644044288048,"L:1408,?:3",0.0005038210744051903,L:L:21,1.0,L,0.000,negative,0.6666666666666666,0.6697388632872503,0.851,-
nonstructural_protein_NS2A,92,1.590695005426745e-05,"L:1398,?:5,F:8",7.46764308349639e-05,"L:L:20,F:L:3",1.0,L,0.124,negative,0.6666666666666666,0.6697388632872503,1.353,-
nonstructural_protein_NS2A,93,0.01819783999933156,"L:1395,F:13,R:1,?:2",0.02680492648550189,"L:L:30,F:L:5,L:R:1",0.05764773330590955,L,0.492,negative,0.00995786549125588,0.361802446182297,1.391,-
nonstructural_protein_NS2A,94,0.8573929161469369,"R:1350,K:53,T:1,?:3,S:3,L:1",0.9162336064707464,"R:R:4,K:R:6,R:T:1,R:S:2,L:R:1,K:K:1",1.22673657898531e-08,R,1.027,neutral,4.548642573709571e-10,9.916040810686865e-08,0.908,overall
nonstructural_protein_NS2A,95,0.3649343774841797,"K:1382,R:12,?:3,E:3,G:5,M:2,A:1,I:1,N:2",0.4209295994261966,"K:K:13,K:R:7,G:R:1,E:G:2,K:M:2,G:K:2,E:K:2,A:E:1,I:K:1,K:N:2",1.0,K,1.083,neutral,0.007697379131768933,0.361802446182297,1.607,-
nonstructural_protein_NS2A,96,0.0007671605332210119,"L:1406,?:3,V:1,M:1",0.00162369899264253,"L:L:18,L:V:1,L:M:1",1.0,L,0.000,negative,0.6666666666666666,0.6697388632872503,0.677,-
nonstructural_protein_NS2A,97,1.540251370890644e-09,"T:1405,?:6",1.119249329513868e-07,T:T:24,1.0,T,0.000,negative,0.6666666666666666,0.6697388632872503,1.597,-
nonstructural_protein_NS2A,98,9.514416365874467e-08,"S:1383,?:28",1.382761845173756e-06,S:S:17,1.0,S,0.000,negative,0.6666666666666666,0.6697388632872503,1.126,-
nonstructural_protein_NS2A,99,0.591220957276851,"K:1359,R:23,?:28,L:1",0.6542445110982411,"K:R:6,K:K:4,K:L:1",1.0,K,0.269,neutral,0.6666666666666666,0.6697388632872503,0.424,-
nonstructural_protein_NS2A,100,0.00443946892602598,"E:1382,?:28,F:1",0.007633473020659974,"E:E:5,E:F:1",1.0,E,0.000,negative,0.6666666666666666,0.6697388632872503,0.746,-
nonstructural_protein_NS4B,1,1.0,"N:2616,?:24",1.0,N:N:33,1.0,N,0.000,neutral,1.0,1.0,0.000,-
nonstructural_protein_NS4B,2,0.002893669137160604,"E:2619,?:21",0.0037572248482504174,E:E:8,1.0,E,0.000,negative,0.6666666666666666,0.6693657219973008,0.493,-
nonstructural_protein_NS4B,11,0.006265654477670912,"K:2609,?:18,R:13",0.0078084538214190265,"K:K:11,K:R:9",1.0,K,0.181,negative,0.6666666666666666,0.6693657219973008,1.070,-
nonstructural_protein_NS4B,101,0.003050198352972044,"Q:2599,?:41",0.003916389217330984,Q:Q:8,1.0,Q,0.000,negative,0.6666666666666666,0.6693657219973008,0.803,-
nonstructural_protein_NS4B,102,8.859824429663377e-09,"V:2589,?:49,F:1,G:1",5.1098522292012034e-08,"V:V:29,F:V:1,G:V:1",1.0,V,0.000,negative,0.6666666666666666,0.6693657219973008,1.120,-
nonstructural_protein_NS4B,103,0.000597237264690742,"N:2589,?:49,K:2",0.0008869152194209822,"N:N:14,K:N:2",1.0,N,0.000,negative,0.6666666666666666,0.6693657219973008,0.610,-
nonstructural_protein_NS4B,104,1.458611009752531e-12,"P:2588,?:51,S:1",5.167650434551824e-11,"P:P:39,P:S:1",1.0,P,0.000,negative,0.6666666666666666,0.6693657219973008,1.477,-
nonstructural_protein_NS4B,105,0.002534406016378887,"I:2582,?:49,L:3,M:1,V:5",0.0033432590003295956,"I:L:2,I:I:3,I:M:1,I:V:1",1.0,I,0.087,negative,0.6666666666666666,0.6693657219973008,1.196,-
nonstructural_protein_NS4B,106,9.322969063418896e-10,"T:2589,?:51",8.892678183568792e-09,T:T:34,1.0,T,0.000,negative,0.6666666666666666,0.6693657219973008,1.237,-
nonstructural_protein_NS4B,107,1.297595364491144e-10,"L:2584,?:53,F:2,Q:1",1.6937034231252825e-09,"L:L:32,F:L:2,L:Q:1",1.0,L,0.000,negative,0.6666666666666666,0.6693657219973008,1.274,-
nonstructural_protein_NS4B,108,0.00114820969616658,"T:2552,S:1,A:3,?:65,I:15,M:4",0.0016087909867192759,"T:T:12,S:T:1,A:T:3,I:T:11,M:T:3",1.0,T,0.134,negative,0.6666666666666666,0.6693657219973008,0.903,-
nonstructural_protein_NS4B,109,6.80320627000075e-06,"A:2582,?:52,T:3,G:2,S:1",1.5622177360742463e-05,"A:A:14,A:T:2,A:G:2,A:S:1",1.0,A,0.047,negative,0.6666666666666666,0.6693657219973008,1.052,-
nonstructural_protein_NS4B,110,3.145276583627066e-08,"A:2583,?:55,L:1,T:1",1.459368672162708e-07,"A:A:27,A:L:1,A:T:1",1.0,A,0.000,negative,0.6666666666666666,0.6693657219973008,0.975,-
nonstructural_protein_NS4B,12,7.265845054504894e-07,"D:2620,?:19,Y:1",2.3101661198938636e-06,"D:D:28,D:Y:1",1.0,D,0.000,negative,0.6666666666666666,0.6693657219973008,1.182,-
nonstructural_protein_NS4B,111,2.083763295246399e-08,"L:2577,?:62,V:1",1.033546594442214e-07,"L:L:26,L:V:1",1.0,L,0.000,negative,0.6666666666666666,0.6693657219973008,0.938,-
nonstructural_protein_NS4B,112,6.92415413389158e-05,"F:36,L:2536,?:67,S:1",0.00012265644465750798,"F:L:26,L:L:33,L:S:1",1.0,L,0.291,negative,0.6666666666666666,0.6693657219973008,1.303,-
nonstructural_protein_NS4B,113,2.986186130593538e-07,"L:2565,S:10,?:62,C:1,M:1,R:1",1.0579630862674248e-06,"L:S:9,L:L:40,C:L:1,L:M:1,L:R:1",1.0,L,0.066,negative,0.6666666666666666,0.6693657219973008,1.391,-
nonstructural_protein_NS4B,114,6.958043919924606e-07,"L:2576,?:63,F:1",2.241032327456237e-06,"L:L:35,F:L:1",1.0,L,0.000,negative,0.6666666666666666,0.6693657219973008,0.952,-
nonstructural_protein_NS4B,115,0.009623795552652026,"V:2444,A:5,I:124,T:2,M:1,?:63,G:1",0.011642445351500988,"A:V:5,V:V:13,I:V:11,I:T:2,I:M:1,G:V:1",1.0,V,0.300,negative,0.6220611743436857,0.6693657219973008,1.021,-
nonstructural_protein_NS4B,116,6.782257389037483e-08,"A:2572,?:61,T:4,V:2,G:1",2.8066905938632184e-07,"A:A:20,A:T:2,A:V:2,A:G:1",1.0,A,0.047,negative,0.6666666666666666,0.6693657219973008,1.391,-
nonstructural_protein_NS4B,117,2.360702864745434e-06,"H:2582,?:57,Q:1",6.2282373452858255e-06,"H:H:22,H:Q:1",1.0,H,0.000,negative,0.6666666666666666,0.6693657219973008,0.912,-
nonstructural_protein_NS4B,118,1.809607029279459e-05,"Y:2578,?:61,N:1",3.619214058558918e-05,"Y:Y:20,N:Y:1",1.0,Y,0.000,negative,0.6666666666666666,0.6693657219973008,0.820,-
nonstructural_protein_NS4B,119,2.023738510104067e-09,"A:2570,S:1,?:63,T:4,V:2",1.6729571683526952e-08,"A:A:31,A:S:1,A:T:4,A:V:2",1.0,A,0.000,negative,0.6666666666666666,0.6693657219973008,1.158,-
nonstructural_protein_NS4B,120,2.455900687259316e-07,"I:2582,?:58",9.090498066273288e-07,I:I:23,1.0,I,0.000,negative,0.6666666666666666,0.6693657219973008,0.916,-
nonstructural_protein_NS4B,13,0.002939486050175688,"L:1632,F:989,S:1,?:18",0.0037968361481435973,"F:L:28,F:F:17,F:S:1,L:L:15",0.1885230712416597,L,0.522,negative,0.6666666666666666,0.6693657219973008,1.351,-
nonstructural_protein_NS4B,121,7.249632174644027e-05,"I:2579,M:1,?:56,L:1,V:3",0.00012751126094409353,"I:M:1,I:I:5,I:L:1,I:V:2",1.0,I,0.044,negative,0.6666666666666666,0.6693657219973008,1.543,-
nonstructural_protein_NS4B,122,7.530449694592711e-06,"G:2579,?:58,R:3",1.6741732369493105e-05,"G:G:20,G:R:3",1.0,G,0.000,negative,0.6666666666666666,0.6693657219973008,1.035,-
nonstructural_protein_NS4B,123,8.602280998637468e-09,"P:2587,?:52,Q:1",5.0794421134811716e-08,"P:P:16,P:Q:1",1.0,P,0.000,negative,0.6666666666666666,0.6693657219973008,1.220,-
nonstructural_protein_NS4B,124,0.0006276623273656634,"G:2589,E:1,?:50",0.0009210666105720978,"E:G:1,G:G:9",1.0,G,0.000,negative,0.6666666666666666,0.6693657219973008,0.684,-
nonstructural_protein_NS4B,125,5.486970806822811e-06,"L:2587,?:51,I:2",1.3340870196980952e-05,"L:L:23,I:L:1",1.0,L,0.044,negative,0.6666666666666666,0.6693657219973008,0.826,-
nonstructural_protein_NS4B,126,8.965284371309501e-05,"Q:2593,?:47",0.00015333727752308665,Q:Q:14,1.0,Q,0.000,negative,0.6666666666666666,0.6693657219973008,1.410,-
nonstructural_protein_NS4B,127,4.873879078104437e-14,"A:2590,?:48,P:1,V:1",2.417444022739801e-12,"A:A:33,A:P:1,A:V:1",1.0,A,0.000,negative,0.6666666666666666,0.6693657219973008,2.154,-
nonstructural_protein_NS4B,128,5.054398258164117e-05,"K:2592,?:47,N:1",9.216843882534565e-05,"K:K:11,K:N:1",1.0,K,0.000,negative,0.6666666666666666,0.6693657219973008,1.115,-
nonstructural_protein_NS4B,129,0.0001020989800800676,"A:2592,?:45,D:1,T:1,S:1",0.00017299068713355658,"A:A:7,A:D:1,A:T:1,A:S:1",1.0,A,0.000,negative,0.6666666666666666,0.6693657219973008,0.605,-
nonstructural_protein_NS4B,130,2.030378265516219e-08,"T:2593,?:44,S:1,P:1,G:1",1.0276200200980047e-07,"T:T:28,S:T:1,P:T:1,G:T:1",1.0,T,0.000,negative,0.6666666666666666,0.6693657219973008,1.045,-
nonstructural_protein_NS4B,14,0.00258290696238539,"G:2622,?:18",0.0033892112522305646,G:G:7,1.0,G,0.000,negative,0.6666666666666666,0.6693657219973008,0.529,-
nonstructural_protein_NS4B,131,0.0001348213523838515,"R:2593,?:47",0.0002229939423595855,R:R:10,1.0,R,0.000,negative,0.6666666666666666,0.6693657219973008,0.905,-
nonstructural_protein_NS4B,132,1.427424279998313e-06,"E:2592,?:48",3.9775418139278835e-06,E:E:16,1.0,E,0.000,negative,0.6666666666666666,0.6693657219973008,1.440,-
nonstructural_protein_NS4B,133,7.329581386272821e-12,"A:2588,?:51,V:1",2.2721702297445745e-10,"A:A:41,A:V:1",1.0,A,0.000,negative,0.6666666666666666,0.6693657219973008,1.512,-
nonstructural_protein_NS4B,134,6.007886533265783e-06,"Q:2593,?:47",1.4326498656249174e-05,Q:Q:27,1.0,Q,0.000,negative,0.6666666666666666,0.6693657219973008,1.699,-
nonstructural_protein_NS4B,135,0.006406766682735654,"K:2594,?:46",0.007905236024183169,K:K:5,1.0,K,0.000,negative,0.6666666666666666,0.6693657219973008,0.501,-
nonstructural_protein_NS4B,136,0.0006253831138096633,"R:2594,?:46",0.0009210666105720978,R:R:8,1.0,R,0.000,negative,0.6666666666666666,0.6693657219973008,0.726,-
nonstructural_protein_NS4B,137,0.001526509401970411,"A:2560,T:34,?:46",0.0020915708933075244,"A:T:9,A:A:8",1.0,A,0.047,negative,0.6666666666666666,0.6693657219973008,0.609,-
nonstructural_protein_NS4B,138,8.69600720321273e-08,"A:2595,?:45",3.478402881285092e-07,A:A:16,1.0,A,0.000,negative,0.6666666666666666,0.6693657219973008,1.097,-
nonstructural_protein_NS4B,139,2.778621777110857e-11,"A:2592,?:47,P:1",5.742485006029104e-10,"A:A:27,A:P:1",1.0,A,0.000,negative,0.6666666666666666,0.6693657219973008,1.637,-
nonstructural_protein_NS4B,140,9.320694907888338e-06,"G:2594,?:45,R:1",2.041038231216238e-05,"G:G:25,G:R:1",1.0,G,0.000,negative,0.6666666666666666,0.6693657219973008,0.956,-
nonstructural_protein_NS4B,15,1.756319344703439e-05,"L:2251,?:18,M:1,F:342,I:28",3.5411967275321374e-05,"L:L:47,L:M:1,F:L:9,I:L:1,F:F:1",1.0,L,0.252,negative,0.1435636649804622,0.6693657219973008,1.476,-
nonstructural_protein_NS4B,141,6.114893491560025e-08,"I:2594,?:46",2.660515062994537e-07,I:I:25,1.0,I,0.000,negative,0.6666666666666666,0.6693657219973008,1.019,-
nonstructural_protein_NS4B,142,1.0,"M:2595,?:44,K:1",1.0,K:M:1,1.0,M,0.000,neutral,0.6666666666666666,0.6693657219973008,0.000,-
nonstructural_protein_NS4B,143,0.01469430723749054,"K:2595,?:45",0.017604773888394463,K:K:4,1.0,K,0.000,negative,0.6666666666666666,0.6693657219973008,0.401,-
nonstructural_protein_NS4B,144,0.02548783114939357,"N:2573,T:2,?:50,I:15",0.02939991686069584,"N:T:1,N:N:22,I:N:5",1.0,N,0.333,negative,0.644419058981502,0.6693657219973008,0.989,-
nonstructural_protein_NS4B,145,0.0001348753683626525,"P:2598,?:42",0.0002229939423595855,P:P:7,1.0,P,0.000,negative,0.6666666666666666,0.6693657219973008,0.534,-
nonstructural_protein_NS4B,146,3.312333042293503e-07,"T:2588,?:43,A:9",1.1252857458750531e-06,"T:T:31,A:T:2",1.0,T,0.098,negative,0.6666666666666666,0.6693657219973008,1.307,-
nonstructural_protein_NS4B,147,7.034585580711905e-09,"V:2617,?:11,A:10,I:2",4.473274933375775e-08,"V:V:35,A:V:3,I:V:2",1.0,V,0.099,negative,0.6666666666666666,0.6693657219973008,1.621,-
nonstructural_protein_NS4B,148,0.08704997855307262,"D:2629,?:8,L:3",0.09637676196947324,"D:D:13,D:L:2",0.0138373128305278,D,0.189,neutral,9.814182355905032e-06,0.001216958612132224,0.568,overall
nonstructural_protein_NS4B,149,0.1240971408479927,"G:2627,?:8,I:5",0.13498285495746573,"G:I:2,I:I:1,G:G:8",8.305023431631753e-06,G,0.344,neutral,7.434347226720206e-08,1.843718112226611e-05,0.820,"overall,volume"
nonstructural_protein_NS4B,150,0.2285361540040082,"I:2563,M:42,V:25,G:3,?:7",0.24749766896503947,"I:M:7,I:V:8,G:I:2",0.02088042369141618,I,0.375,neutral,0.01847397788623051,0.6693657219973008,0.000,"overall,bipolar,volume,charge"
nonstructural_protein_NS4B,16,0.2997942382094243,"G:2595,?:18,R:6,V:21",0.3232563959823358,"G:G:4,G:R:1,G:V:1,V:V:1",1.0,G,0.165,neutral,0.6396537966011276,0.6693657219973008,0.378,-
nonstructural_protein_NS4B,151,0.006522650111875583,"T:2630,R:2,?:7,A:1",0.00800800607794626,"R:T:2,T:T:4,A:T:1",1.0,T,0.000,negative,0.6666666666666666,0.6693657219973008,0.298,-
nonstructural_protein_NS4B,152,2.769488248532959e-05,"V:2626,A:3,?:10,M:1",5.408134532568298e-05,"V:V:17,A:V:2,M:V:1",1.0,V,0.050,negative,0.6666666666666666,0.6693657219973008,0.868,-
nonstructural_protein_NS4B,153,0.00174813780870775,"I:2630,?:9,V:1",0.002343449603024443,"I:I:9,I:V:1",1.0,I,0.000,negative,0.6666666666666666,0.6693657219973008,0.327,-
nonstructural_protein_NS4B,154,0.0001046549885257431,"D:2631,?:9",0.00017536781861070467,D:D:17,1.0,D,0.000,negative,0.6666666666666666,0.6693657219973008,0.732,-
nonstructural_protein_NS4B,155,7.474803953799736e-06,"L:2630,P:1,?:9",1.6741732369493105e-05,"L:P:1,L:L:28",1.0,L,0.000,negative,0.6666666666666666,0.6693657219973008,0.818,-
nonstructural_protein_NS4B,156,0.01648113130784268,"D:1919,E:710,?:10,A:1",0.019556557724138685,"D:D:12,D:E:3,A:E:1,E:E:2",1.0,D,0.154,negative,0.6666666666666666,0.6693657219973008,0.703,-
nonstructural_protein_NS4B,157,0.0004166434879421255,"P:2625,S:3,?:12",0.0006378245988249823,"P:S:3,P:P:6",1.0,P,0.000,negative,0.6666666666666666,0.6693657219973008,0.455,-
nonstructural_protein_NS4B,158,0.0003685438553616693,"I:2592,?:48",0.0005683662946299497,I:I:3,1.0,I,0.000,negative,0.6666666666666666,0.6693657219973008,0.952,-
nonstructural_protein_NS4B,159,3.177657592612348e-08,"P:2589,?:51",1.459368672162708e-07,P:P:23,1.0,P,0.000,negative,0.6666666666666666,0.6693657219973008,0.909,-
nonstructural_protein_NS4B,160,0.007015575765732751,"Y:2586,?:51,H:2,S:1",0.008528739166184914,"Y:Y:8,H:Y:2,S:Y:1",1.0,Y,0.000,negative,0.6666666666666666,0.6693657219973008,0.321,-
nonstructural_protein_NS4B,17,0.3759842433663222,"S:2539,?:18,G:18,T:15,N:44,H:6",0.40191419118468924,"S:S:9,G:S:4,S:T:3,N:S:8,H:N:1",1.0,S,0.609,neutral,0.3282110234725051,0.6693657219973008,0.393,-
nonstructural_protein_NS4B,161,5.152405769626167e-05,"D:2585,?:55",9.326982707060507e-05,D:D:19,1.0,D,0.000,negative,0.6666666666666666,0.6693657219973008,0.775,-
nonstructural_protein_NS4B,162,0.04072853402214494,"P:2562,?:53,S:2,Q:23",0.046333378153632775,"P:P:4,P:S:2,P:Q:1",1.0,P,0.041,negative,0.6666666666666666,0.6693657219973008,0.305,-
nonstructural_protein_NS4B,163,0.0001025388347122291,"K:2583,R:1,?:56",0.00017299068713355658,"K:K:13,K:R:1",1.0,K,0.000,negative,0.6666666666666666,0.6693657219973008,0.925,-
nonstructural_protein_NS4B,164,0.0008567650816091454,"F:2588,?:52",0.0012353356990643493,F:F:8,1.0,F,0.000,negative,0.6666666666666666,0.6693657219973008,0.322,-
nonstructural_protein_NS4B,165,3.98472034701669e-07,"E:2588,?:52",1.3354197919731609e-06,E:E:17,1.0,E,0.000,negative,0.6666666666666666,0.6693657219973008,1.619,-
nonstructural_protein_NS4B,166,1.308931969812299e-06,"K:2589,?:51",3.731208373717818e-06,K:K:22,1.0,K,0.000,negative,0.6666666666666666,0.6693657219973008,1.400,-
nonstructural_protein_NS4B,167,0.03415229325420399,"Q:2588,?:52",0.039211892254826804,Q:Q:6,1.0,Q,0.000,negative,0.6666666666666666,0.6693657219973008,0.368,-
nonstructural_protein_NS4B,168,1.120792791908798e-09,"L:2582,?:58",1.0294689347903034e-08,L:L:51,1.0,L,0.000,negative,0.6666666666666666,0.6693657219973008,1.471,-
nonstructural_protein_NS4B,169,0.01063630023935591,"G:2586,?:54",0.012804866307574105,G:G:5,1.0,G,0.000,negative,0.6666666666666666,0.6693657219973008,0.380,-
nonstructural_protein_NS4B,170,0.001629638441818848,"Q:2587,?:53",0.002208471768147947,Q:Q:9,1.0,Q,0.000,negative,0.6666666666666666,0.6693657219973008,0.907,-
nonstructural_protein_NS4B,18,0.02379428098767022,"I:2492,V:64,?:22,T:55,F:4,S:3",0.027574680770758014,"I:T:18,I:I:39,I:V:16,F:I:2,I:S:2",1.0,I,0.792,negative,0.3514703138958587,0.6693657219973008,1.545,-
nonstructural_protein_NS4B,171,8.490326997012687e-09,"V:2578,A:2,?:55,I:5",5.0794421134811716e-08,"A:V:2,V:V:22,I:V:4",1.0,V,0.049,negative,0.6666666666666666,0.6693657219973008,1.676,-
nonstructural_protein_NS4B,172,0.9999999370871746,"M:2586,?:54",1.0,NA,1.0,M,0.000,neutral,0.6666666666666666,0.6693657219973008,0.153,-
nonstructural_protein_NS4B,173,6.149971470748028e-06,"L:2586,?:54",1.45256469023382e-05,L:L:18,1.0,L,0.000,negative,0.6666666666666666,0.6693657219973008,0.647,-
nonstructural_protein_NS4B,174,1.06782140074646e-06,"L:2585,?:54,R:1",3.2693791035200254e-06,"L:L:32,L:R:1",1.0,L,0.000,negative,0.6666666666666666,0.6693657219973008,0.976,-
nonstructural_protein_NS4B,175,0.00241678895167885,"V:1250,L:4,?:55,I:1331",0.003205153262119544,"V:V:12,L:V:4,I:V:10,I:I:12",1.0,I,0.250,negative,0.6666666666666666,0.6693657219973008,0.945,-
nonstructural_protein_NS4B,176,1.754834667699878e-05,"L:2585,?:55",3.5411967275321374e-05,L:L:15,1.0,L,0.000,negative,0.6666666666666666,0.6693657219973008,0.564,-
nonstructural_protein_NS4B,177,1.755472434084027e-10,"C:2585,?:55",2.176785818264193e-09,C:C:37,1.0,C,0.000,negative,0.6666666666666666,0.6693657219973008,1.693,-
nonstructural_protein_NS4B,178,0.0004375179480649027,"V:2581,?:55,S:3,A:1",0.0006656714792643918,"V:V:14,S:V:2,A:V:1",0.2232050264243421,V,0.101,negative,0.000421775017788506,0.03486673480384983,0.819,-
nonstructural_protein_NS4B,179,9.382191869300449e-06,"T:2583,?:54,A:2,I:1",2.041038231216238e-05,"T:T:25,A:T:1,I:T:1",1.0,T,0.049,negative,0.6666666666666666,0.6693657219973008,0.856,-
nonstructural_protein_NS4B,180,0.03587351230243718,"Q:2585,?:55",0.040998299774213924,Q:Q:4,1.0,Q,0.000,negative,0.6666666666666666,0.6693657219973008,0.401,-
nonstructural_protein_NS4B,19,0.9790771900487726,"A:1100,T:1349,?:24,I:16,V:149,G:2",1.0,"A:T:17,I:T:5,A:A:7,A:V:9,T:T:2,A:G:1",1.0,T,0.693,neutral,0.6327696766355653,0.6693657219973008,0.685,-
nonstructural_protein_NS4B,181,5.995204332975845e-15,"V:2584,?:55,I:1",4.956035581926699e-13,"V:V:33,I:V:1",1.0,V,0.000,negative,0.6666666666666666,0.6693657219973008,2.535,-
nonstructural_protein_NS4B,182,4.093219652112623e-09,"L:2578,?:61,M:1",3.076116587042214e-08,"L:L:48,L:M:1",1.0,L,0.000,negative,0.6666666666666666,0.6693657219973008,1.367,-
nonstructural_protein_NS4B,183,1.0,"M:2585,?:51,L:1,T:2,V:1",1.0,"L:M:1,M:T:2,M:V:1",1.0,M,0.000,neutral,0.6666666666666666,0.6693657219973008,0.000,-
nonstructural_protein_NS4B,184,0.9999999370871746,"M:2589,?:51",1.0,NA,1.0,M,0.000,neutral,0.6666666666666666,0.6693657219973008,0.153,-
nonstructural_protein_NS4B,185,0.0009785142738176766,"R:2586,G:1,?:53",0.0013866945137530502,"G:R:1,R:R:10",1.0,R,0.000,negative,0.6666666666666666,0.6693657219973008,0.573,-
nonstructural_protein_NS4B,186,3.219646771412954e-15,"T:2586,?:54",3.992361996552063e-13,T:T:58,1.0,T,0.000,negative,0.6666666666666666,0.6693657219973008,2.059,-
nonstructural_protein_NS4B,187,0.006407066293793617,"T:2591,?:49",0.007905236024183169,T:T:4,1.0,T,0.000,negative,0.6666666666666666,0.6693657219973008,0.300,-
nonstructural_protein_NS4B,188,0.9999999327433606,"W:2591,?:49",1.0,NA,1.0,W,0.000,neutral,0.6666666666666666,0.6693657219973008,0.153,-
nonstructural_protein_NS4B,189,0.0001783996514601593,"A:2589,?:51",0.00028729294520856823,A:A:13,1.0,A,0.000,negative,0.6666666666666666,0.6693657219973008,0.438,-
nonstructural_protein_NS4B,190,0.001741945575390536,"L:2575,?:51,F:3,M:11",0.002343449603024443,"L:L:33,F:L:2,L:M:4",1.0,L,0.196,negative,0.6666666666666666,0.6693657219973008,0.916,-
nonstructural_protein_NS4B,20,0.04450481463658984,"T:2570,A:25,?:20,P:1,N:16,I:8",0.05016906377215582,"T:T:19,A:T:12,P:T:1,N:T:7,I:T:6",1.0,T,0.295,neutral,0.6077826659855255,0.6693657219973008,0.717,-
nonstructural_protein_NS4B,191,0.0004959097521830547,"C:2589,?:51",0.0007453673850993792,C:C:12,1.0,C,0.000,negative,0.6666666666666666,0.6693657219973008,0.484,-
nonstructural_protein_NS4B,192,1.354271988218692e-06,"E:2589,?:51",3.816584694070859e-06,E:E:19,1.0,E,0.000,negative,0.6666666666666666,0.6693657219973008,1.350,-
nonstructural_protein_NS4B,193,4.184886372071706e-05,"A:2586,?:51,S:1,T:2",7.862513789952902e-05,"A:A:21,A:S:1,A:T:1",1.0,A,0.047,negative,0.6666666666666666,0.6693657219973008,0.733,-
nonstructural_protein_NS4B,194,9.433703054284592e-07,"L:2588,?:52",2.955334133347698e-06,L:L:32,1.0,L,0.000,negative,0.6666666666666666,0.6693657219973008,0.985,-
nonstructural_protein_NS4B,195,2.217299504281289e-05,"T:2590,?:50",4.364208548109204e-05,T:T:16,1.0,T,0.000,negative,0.6666666666666666,0.6693657219973008,0.594,-
nonstructural_protein_NS4B,196,7.310655414372036e-10,"L:2586,?:54",7.252170171057059e-09,L:L:48,1.0,L,0.000,negative,0.6666666666666666,0.6693657219973008,1.571,-
nonstructural_protein_NS4B,197,4.530043007378026e-11,"A:2579,?:52,V:9",7.021566661435941e-10,"A:A:37,A:V:8",1.0,A,0.047,negative,0.6666666666666666,0.6693657219973008,1.756,-
nonstructural_protein_NS4B,198,4.202862502467042e-10,"T:2587,?:53",4.531782176573158e-09,T:T:31,1.0,T,0.000,negative,0.6666666666666666,0.6693657219973008,1.348,-
nonstructural_protein_NS4B,199,0.00089274707146203,"G:2589,?:51",0.0012797761486854535,G:G:11,1.0,G,0.000,negative,0.6666666666666666,0.6693657219973008,0.565,-
nonstructural_protein_NS4B,200,6.37674102410557e-09,"P:2588,?:52",4.2741399296707605e-08,P:P:26,1.0,P,0.000,negative,0.6666666666666666,0.6693657219973008,0.995,-
nonstructural_protein_NS4B,3,0.9999999370871746,"M:2619,?:21",1.0,NA,1.0,M,0.000,neutral,0.6666666666666666,0.6693657219973008,0.153,-
nonstructural_protein_NS4B,21,0.05638595371933297,"Q:2587,?:20,R:9,H:22,K:1,L:1",0.06298971406484044,"Q:R:3,Q:Q:15,H:Q:2,K:Q:1,L:Q:1",1.0,Q,0.269,neutral,0.6428379038959161,0.6693657219973008,0.926,-
nonstructural_protein_NS4B,201,4.024160530247123e-06,"I:2560,?:55,T:1,M:1,V:23",1.0080725368699864e-05,"I:T:1,I:M:1,I:I:21,I:V:1,V:V:2",1.0,I,0.052,negative,0.6666666666666666,0.6693657219973008,1.007,-
nonstructural_protein_NS4B,202,2.260223230798886e-09,"S:2588,?:51,T:1",1.808178584639109e-08,"S:S:27,S:T:1",1.0,S,0.000,negative,0.6666666666666666,0.6693657219973008,1.040,-
nonstructural_protein_NS4B,203,0.01780729136193338,"T:2589,?:51",0.02102956313218799,T:T:3,1.0,T,0.000,negative,0.6666666666666666,0.6693657219973008,0.228,-
nonstructural_protein_NS4B,204,1.256596101062435e-06,"L:2587,?:53",3.6236724774823706e-06,L:L:35,1.0,L,0.000,negative,0.6666666666666666,0.6693657219973008,0.927,-
nonstructural_protein_NS4B,205,0.9999999327433606,"W:2589,?:51",1.0,NA,1.0,W,0.000,neutral,0.6666666666666666,0.6693657219973008,0.153,-
nonstructural_protein_NS4B,206,0.005026145475840682,"E:2589,?:51",0.006327330345220757,E:E:5,1.0,E,0.000,negative,0.6666666666666666,0.6693657219973008,0.501,-
nonstructural_protein_NS4B,207,0.0003339544175776643,"G:2589,?:51",0.0005275203538806417,G:G:10,1.0,G,0.000,negative,0.6666666666666666,0.6693657219973008,0.747,-
nonstructural_protein_NS4B,208,0.002758972428972384,"N:2578,?:52,S:9,D:1",0.003601185065185006,"N:N:18,N:S:8,D:N:1",1.0,N,0.081,negative,0.6666666666666666,0.6693657219973008,0.731,-
nonstructural_protein_NS4B,209,0.001212556375998486,"P:2590,?:50",0.0016894043890315986,P:P:5,1.0,P,0.000,negative,0.6666666666666666,0.6693657219973008,0.385,-
nonstructural_protein_NS4B,210,1.867880902162167e-05,"G:2587,R:2,?:51",3.705875709889739e-05,"G:R:2,G:G:17",1.0,G,0.000,negative,0.6666666666666666,0.6693657219973008,0.972,-
nonstructural_protein_NS4B,22,0.006901890769382191,"Q:1811,?:24,P:1,E:803,L:1",0.00843186655569844,"Q:Q:9,P:Q:1,E:Q:1,E:E:1,L:Q:1",1.0,Q,0.115,negative,0.6666666666666666,0.6693657219973008,1.000,-
nonstructural_protein_NS4B,211,0.0003689797315944432,"R:2538,K:51,?:51",0.0005683662946299497,"R:R:20,K:R:15",1.0,R,0.244,negative,0.2407478890908035,0.6693657219973008,1.484,-
nonstructural_protein_NS4B,212,2.769063867091859e-10,"F:2586,?:51,L:2,V:1",3.270132566851338e-09,"F:F:28,F:L:2,F:V:1",1.0,F,0.000,negative,0.6666666666666666,0.6693657219973008,1.182,-
nonstructural_protein_NS4B,213,1.0,"W:2589,?:50,G:1",1.0,G:W:1,1.0,W,0.000,neutral,0.6666666666666666,0.6693657219973008,0.000,-
nonstructural_protein_NS4B,214,6.628811344278063e-08,"N:2590,?:50",2.8066905938632184e-07,N:N:34,1.0,N,0.000,negative,0.6666666666666666,0.6693657219973008,1.522,-
nonstructural_protein_NS4B,215,1.796252036001533e-11,"T:2586,?:54",4.949672276982002e-10,T:T:34,1.0,T,0.000,negative,0.6666666666666666,0.6693657219973008,1.592,-
nonstructural_protein_NS4B,216,2.493671935610564e-11,"T:2590,?:50",5.622096727558363e-10,T:T:39,1.0,T,0.000,negative,0.6666666666666666,0.6693657219973008,1.491,-
nonstructural_protein_NS4B,217,9.572761139331476e-09,"I:2589,V:1,?:50",5.2756550278982354e-08,"I:V:1,I:I:30",1.0,I,0.000,negative,0.6666666666666666,0.6693657219973008,1.111,-
nonstructural_protein_NS4B,218,1.379378944399434e-08,"A:2578,?:57,S:4,L:1",7.278425068320418e-08,"A:A:20,A:S:2,A:L:1",1.0,A,0.047,negative,0.6666666666666666,0.6693657219973008,1.513,-
nonstructural_protein_NS4B,219,3.697269450597673e-06,"V:2577,?:62,I:1",9.45281261596106e-06,"V:V:14,I:V:1",1.0,V,0.000,negative,0.6666666666666666,0.6693657219973008,0.785,-
nonstructural_protein_NS4B,220,0.00128990835090903,"S:2579,?:60,Q:1",0.0017871355923208905,"S:S:5,Q:S:1",1.0,S,0.000,negative,0.6666666666666666,0.6693657219973008,0.392,-
nonstructural_protein_NS4B,23,0.003063627049041173,"P:1847,L:10,S:747,?:21,H:2,T:10,F:3",0.003916389217330984,"P:P:29,L:P:7,P:S:17,H:P:2,P:T:3,T:T:2,S:S:1,F:S:1,S:T:1",1.0,P,0.421,negative,0.6666666666666666,0.6693657219973008,1.151,-
nonstructural_protein_NS4B,221,0.9999999370871746,"M:2581,?:59",1.0,NA,1.0,M,0.000,neutral,0.6666666666666666,0.6693657219973008,0.153,-
nonstructural_protein_NS4B,222,3.275157922644212e-14,"A:2571,D:1,?:67,V:1",2.0305979120394113e-12,"A:D:1,A:A:51,A:V:1",1.0,A,0.000,negative,0.6666666666666666,0.6693657219973008,1.848,-
nonstructural_protein_NS4B,223,0.001399550884481959,"N:2574,?:66",0.0019282701075084769,N:N:12,1.0,N,0.000,negative,0.6666666666666666,0.6693657219973008,0.534,-
nonstructural_protein_NS4B,224,8.408693963346536e-09,"I:2569,?:71",5.0794421134811716e-08,I:I:29,1.0,I,0.000,negative,0.6666666666666666,0.6693657219973008,1.139,-
nonstructural_protein_NS4B,225,1.245971172902927e-07,"F:2568,?:70,L:1,T:1",4.828138294998843e-07,"F:F:20,F:L:1,F:T:1",1.0,F,0.000,negative,0.6666666666666666,0.6693657219973008,0.819,-
nonstructural_protein_NS4B,226,6.458588110325181e-06,"R:2561,?:77,S:1,I:1",1.4969437863183596e-05,"R:R:15,R:S:1,I:R:1",1.0,R,0.000,negative,0.6666666666666666,0.6693657219973008,1.214,-
nonstructural_protein_NS4B,227,4.966445709209122e-05,"G:2564,?:75,E:1",9.123544710250831e-05,"G:G:16,E:G:1",1.0,G,0.000,negative,0.6666666666666666,0.6693657219973008,0.858,-
nonstructural_protein_NS4B,228,5.936964742914164e-05,"S:2565,?:75",0.00010669327943787773,S:S:18,1.0,S,0.000,negative,0.6666666666666666,0.6693657219973008,0.755,-
nonstructural_protein_NS4B,229,7.55336640028137e-05,"Y:2565,?:75",0.00013099544526362094,Y:Y:16,1.0,Y,0.000,negative,0.6666666666666666,0.6693657219973008,0.710,-
nonstructural_protein_NS4B,230,1.68684566315136e-09,"L:2561,?:77,M:1,V:1",1.4425438774535769e-08,"L:L:51,L:M:1,L:V:1",1.0,L,0.000,negative,0.6666666666666666,0.6693657219973008,1.423,-
nonstructural_protein_NS4B,24,0.08794797880414662,"E:2602,?:20,D:15,A:3",0.09693821663745938,"E:E:9,D:E:3,A:E:1",1.0,E,0.166,neutral,0.6599363669084912,0.6693657219973008,0.549,-
nonstructural_protein_NS4B,231,3.034283756475631e-07,"A:2555,?:73,P:11,S:1",1.059862495219657e-06,"A:A:37,A:P:3,A:S:1",0.6499698942194625,A,0.141,negative,0.6666666666666666,0.6693657219973008,1.370,-
nonstructural_protein_NS4B,232,0.02230676095991857,"G:2562,?:76,A:1,E:1",0.025972191164600027,"A:G:1,G:G:4,E:G:1",1.0,G,0.000,negative,0.6666666666666666,0.6693657219973008,0.306,-
nonstructural_protein_NS4B,233,3.726352559851875e-11,"A:2563,?:76,V:1",6.1609028989551e-10,"A:A:39,A:V:1",1.0,A,0.000,negative,0.6666666666666666,0.6693657219973008,1.397,-
nonstructural_protein_NS4B,234,0.02117898977935639,"G:2565,?:75",0.024775422006039553,G:G:4,1.0,G,0.000,negative,0.6666666666666666,0.6693657219973008,0.312,-
nonstructural_protein_NS4B,235,9.533335914024832e-07,"L:2554,I:1,?:84,P:1",2.955334133347698e-06,"I:L:1,L:L:21,L:P:1",1.0,L,0.000,negative,0.6666666666666666,0.6693657219973008,0.717,-
nonstructural_protein_NS4B,236,8.385008842815012e-08,"L:2556,?:80,F:2,H:1,S:1",3.408987201669054e-07,"L:L:22,F:L:2,H:L:1,L:S:1",1.0,L,0.000,negative,0.6666666666666666,0.6693657219973008,0.880,-
nonstructural_protein_NS4B,237,4.792529808783641e-06,"F:2555,C:1,?:82,V:1,L:1",1.1767795966122208e-05,"C:F:1,F:F:14,F:V:1,F:L:1",1.0,F,0.000,negative,0.6666666666666666,0.6693657219973008,0.611,-
nonstructural_protein_NS4B,238,2.055133840883627e-11,"S:2550,Y:1,?:87,P:1,H:1",5.096731925391395e-10,"S:Y:1,S:S:32,P:S:1,H:S:1",1.0,S,0.000,negative,0.6666666666666666,0.6693657219973008,1.319,-
nonstructural_protein_NS4B,239,6.405043162516222e-11,"I:2597,?:36,V:5,L:1,H:1",8.82472613502235e-10,"I:I:36,I:V:5,I:L:1,H:I:1",1.0,I,0.000,negative,0.6666666666666666,0.6693657219973008,1.481,-
nonstructural_protein_NS4B,240,7.560782360416241e-06,"M:2600,?:36,V:1,R:1,K:2",1.6741732369493105e-05,"M:V:1,M:R:1,K:M:2",1.0,M,0.000,negative,0.6666666666666666,0.6693657219973008,132.090,-
nonstructural_protein_NS4B,25,0.0004570459083639289,"S:2587,?:20,N:27,R:1,T:3,I:2",0.0006911425931356973,"S:S:28,N:S:9,R:S:1,S:T:3,I:S:2",1.0,S,0.226,negative,0.6666666666666666,0.6693657219973008,1.262,-
nonstructural_protein_NS4B,241,2.865899164083974e-05,"K:2591,?:45,E:1,R:2,N:1",5.5526796304127e-05,"K:K:16,E:K:1,K:R:2,K:N:1",1.0,K,0.000,negative,0.6666666666666666,0.6693657219973008,1.053,-
nonstructural_protein_NS4B,242,9.895159625017413e-08,"N:2600,?:37,I:1,T:2",3.8952374396893945e-07,"N:N:31,I:N:1,N:T:2",1.0,N,0.000,negative,0.6666666666666666,0.6693657219973008,1.499,-
nonstructural_protein_NS4B,243,1.584684820343796e-05,"T:2567,?:69,P:2,H:1,A:1",3.3305240291971305e-05,"T:T:10,P:T:2,H:T:1,A:T:1",1.0,T,0.000,negative,0.6666666666666666,0.6693657219973008,0.734,-
nonstructural_protein_NS4B,244,0.1086580333704601,"T:1884,A:693,?:44,V:5,L:1,N:11,I:1,P:1",0.11923536405254027,"A:T:13,A:A:5,A:V:4,T:T:8,L:T:1,N:T:2,I:T:1,P:T:1,N:N:1",1.0,T,0.341,neutral,0.6666666666666666,0.6693657219973008,0.696,-
nonstructural_protein_NS4B,245,0.01807380947865778,"N:2452,?:42,S:142,G:1,R:1,T:2",0.021243150477284974,"N:N:21,N:S:11,G:S:1,R:S:1,S:S:1,N:T:1",1.0,N,0.332,negative,0.6666666666666666,0.6693657219973008,1.038,-
nonstructural_protein_NS4B,246,0.1129564673022175,"T:2562,?:41,R:1,A:17,S:17,P:2",0.1234061845416297,"R:T:1,A:T:9,T:T:7,S:T:3,P:T:2",1.0,T,0.246,neutral,0.6666666666666666,0.6693657219973008,0.599,-
nonstructural_protein_NS4B,247,0.01582020819448093,"R:2600,?:40",0.0188625559241888,R:R:4,1.0,R,0.000,negative,0.6666666666666666,0.6693657219973008,0.359,-
nonstructural_protein_NS4B,248,4.596071685869507e-05,"R:2588,?:52",8.570118632298029e-05,R:R:14,1.0,R,0.000,negative,0.6666666666666666,0.6693657219973008,0.918,-
nonstructural_protein_NS4B,26,6.657087599726275e-05,"N:2618,?:18,T:1,Y:1,H:2",0.00011877393703108748,"N:N:25,N:T:1,N:Y:1,H:N:1",1.0,N,0.083,negative,0.6666666666666666,0.6693657219973008,1.173,-
nonstructural_protein_NS4B,27,6.250858225365086e-06,"I:2617,?:18,L:2,V:2,M:1",1.4624649432929635e-05,"I:L:1,I:I:23,I:V:2,I:M:1",1.0,I,0.050,negative,0.6666666666666666,0.6693657219973008,0.938,-
nonstructural_protein_NS4B,28,8.349170511445791e-05,"L:2620,?:19,Q:1",0.0001437912699193442,"L:L:25,L:Q:1",1.0,L,0.000,negative,0.6666666666666666,0.6693657219973008,0.612,-
nonstructural_protein_NS4B,29,3.419879059074482e-05,"D:2620,?:19,N:1",6.57465121434474e-05,"D:D:19,D:N:1",1.0,D,0.000,negative,0.6666666666666666,0.6693657219973008,0.848,-
nonstructural_protein_NS4B,30,0.07206599192780982,"I:2612,?:17,V:10,L:1",0.08014513900491854,"I:V:6,I:I:2,I:L:1",1.0,I,0.087,neutral,0.6666666666666666,0.6693657219973008,0.597,-
nonstructural_protein_NS4B,4,1.173045310109977e-06,"G:2615,?:24,W:1",3.5248814307547547e-06,"G:G:31,G:W:1",1.0,G,0.000,negative,0.6666666666666666,0.6693657219973008,1.134,-
nonstructural_protein_NS4B,31,2.040384874169021e-06,"D:2623,?:17",5.500167921673014e-06,D:D:26,1.0,D,0.000,negative,0.6666666666666666,0.6693657219973008,1.073,-
nonstructural_protein_NS4B,32,1.666347860584949e-06,"L:2620,?:19,I:1",4.541255707967774e-06,"L:L:32,I:L:1",1.0,L,0.000,negative,0.6666666666666666,0.6693657219973008,0.937,-
nonstructural_protein_NS4B,33,3.980961630789537e-06,"R:2620,?:18,H:1,P:1",1.007427024934495e-05,"H:R:1,R:R:25,P:R:1",1.0,R,0.000,negative,0.6666666666666666,0.6693657219973008,0.861,-
nonstructural_protein_NS4B,34,9.396161404495729e-09,"P:2620,?:20",5.2756550278982354e-08,P:P:27,1.0,P,0.000,negative,0.6666666666666666,0.6693657219973008,0.949,-
nonstructural_protein_NS4B,35,4.383195409518592e-06,"A:2624,?:16",1.0870324615606108e-05,A:A:11,1.0,A,0.000,negative,0.6666666666666666,0.6693657219973008,0.834,-
nonstructural_protein_NS4B,36,0.04413216673143217,"S:2622,?:18",0.04997615228034328,S:S:2,1.0,S,0.000,negative,0.6666666666666666,0.6693657219973008,0.151,-
nonstructural_protein_NS4B,37,3.316454166846228e-08,"A:2622,?:18",1.495419333414299e-07,A:A:22,1.0,A,0.000,negative,0.6666666666666666,0.6693657219973008,1.041,-
nonstructural_protein_NS4B,38,0.9999999327433606,"W:2629,?:11",1.0,NA,1.0,W,0.000,neutral,0.6666666666666666,0.6693657219973008,0.153,-
nonstructural_protein_NS4B,39,7.180312849075499e-06,"T:2623,?:16,P:1",1.633685859239196e-05,"T:T:16,P:T:1",1.0,T,0.000,negative,0.6666666666666666,0.6693657219973008,0.690,-
nonstructural_protein_NS4B,40,6.790380469023916e-08,"L:2628,?:12",2.8066905938632184e-07,L:L:45,1.0,L,0.000,negative,0.6666666666666666,0.6693657219973008,1.167,-
nonstructural_protein_NS4B,5,4.778781914627217e-08,"F:2617,?:21,Y:1,V:1",2.116317705049196e-07,"F:F:20,F:Y:1,F:V:1",1.0,F,0.000,negative,0.6666666666666666,0.6693657219973008,0.907,-
nonstructural_protein_NS4B,41,4.91082892707384e-05,"Y:2629,?:11",9.088698312793375e-05,Y:Y:18,1.0,Y,0.000,negative,0.6666666666666666,0.6693657219973008,0.732,-
nonstructural_protein_NS4B,42,2.845051811917187e-07,"A:2630,?:9,P:1",1.0376071314050918e-06,"A:A:22,A:P:1",1.0,A,0.000,negative,0.6666666666666666,0.6693657219973008,0.854,-
nonstructural_protein_NS4B,43,0.000220472868553423,"V:2620,?:10,G:1,A:1,M:8",0.0003527565896854768,"V:V:14,G:V:1,A:V:1,M:V:7",1.0,V,0.049,negative,0.6666666666666666,0.6693657219973008,0.709,-
nonstructural_protein_NS4B,44,3.33066907387547e-16,"A:2625,T:1,?:10,V:4",8.260059303211166e-14,"A:A:52,A:T:1,A:V:4",1.0,A,0.000,negative,0.6666666666666666,0.6693657219973008,2.227,-
nonstructural_protein_NS4B,45,0.000823216711646535,"T:2627,?:12,A:1",0.001193904938528308,"T:T:6,A:T:1",1.0,T,0.000,negative,0.6666666666666666,0.6693657219973008,0.453,-
nonstructural_protein_NS4B,46,1.640831645643992e-05,"T:2625,?:10,A:5",3.419548303526975e-05,"T:T:15,A:T:4",1.0,T,0.049,negative,0.6666666666666666,0.6693657219973008,0.931,-
nonstructural_protein_NS4B,47,3.695510564227789e-11,"F:2617,?:15,I:2,S:1,L:4,V:1",6.1609028989551e-10,"F:F:35,F:I:2,F:S:1,F:L:3,F:V:1",1.0,F,0.040,negative,0.6666666666666666,0.6693657219973008,1.552,-
nonstructural_protein_NS4B,48,0.0003555647025715869,"V:1509,I:1070,?:13,L:45,F:1,A:2",0.0005581015584667946,"V:V:28,I:V:20,I:I:17,L:V:1,F:V:1,A:V:2",0.012564420109207,V,0.615,negative,0.6666666666666666,0.6693657219973008,1.802,overall
nonstructural_protein_NS4B,49,0.002275515848203291,"T:2631,?:9",0.0030340211309377216,T:T:5,1.0,T,0.000,negative,0.6666666666666666,0.6693657219973008,0.377,-
nonstructural_protein_NS4B,50,0.003997000994776512,"P:2629,?:9,S:1,Q:1",0.005083365367715769,"P:P:4,P:S:1,P:Q:1",1.0,P,0.000,negative,0.6666666666666666,0.6693657219973008,0.303,-
nonstructural_protein_NS4B,6,3.721595254191357e-10,"L:2616,?:24",4.19525283199753e-09,L:L:59,1.0,L,0.000,negative,0.6666666666666666,0.6693657219973008,1.577,-
nonstructural_protein_NS4B,51,1.0,"M:2632,?:7,I:1",1.0,I:M:1,1.0,M,0.000,neutral,0.6666666666666666,0.6693657219973008,0.058,-
nonstructural_protein_NS4B,52,1.597289414512204e-06,"L:2629,F:1,?:9,M:1",4.4014197199891845e-06,"F:L:1,L:L:34,L:M:1",1.0,L,0.000,negative,0.6666666666666666,0.6693657219973008,0.892,-
nonstructural_protein_NS4B,53,3.245029984721981e-07,"R:2634,?:6",1.1177325502931268e-06,R:R:19,1.0,R,0.000,negative,0.6666666666666666,0.6693657219973008,1.636,-
nonstructural_protein_NS4B,54,5.079470177804524e-09,"H:2633,L:1,?:6",3.4991905669320054e-08,"H:L:1,H:H:34",1.0,H,0.000,negative,0.6666666666666666,0.6693657219973008,1.397,-
nonstructural_protein_NS4B,55,7.391774150744546e-05,"S:2631,?:6,N:2,T:1",0.00012909577390032728,"S:S:16,N:S:2,S:T:1",1.0,S,0.000,negative,0.6666666666666666,0.6693657219973008,0.758,-
nonstructural_protein_NS4B,56,0.006230887214218384,"I:2633,?:7",0.007804343581445249,I:I:7,1.0,I,0.000,negative,0.6666666666666666,0.6693657219973008,0.248,-
nonstructural_protein_NS4B,57,1.692689423260507e-05,"E:2633,?:6,V:1",3.498224808071714e-05,"E:E:13,E:V:1",1.0,E,0.000,negative,0.6666666666666666,0.6693657219973008,1.132,-
nonstructural_protein_NS4B,58,1.522098382267245e-05,"N:2633,?:6,I:1",3.226328194891254e-05,"N:N:23,I:N:1",1.0,N,0.000,negative,0.6666666666666666,0.6693657219973008,0.937,-
nonstructural_protein_NS4B,59,6.75869993305156e-09,"S:2633,?:7",4.4109410089389134e-08,S:S:26,1.0,S,0.000,negative,0.6666666666666666,0.6693657219973008,0.982,-
nonstructural_protein_NS4B,60,2.341573522413043e-06,"S:2632,?:6,P:1,T:1",6.2282373452858255e-06,"S:S:11,P:S:1,S:T:1",1.0,S,0.000,negative,0.6666666666666666,0.6693657219973008,0.835,-
nonstructural_protein_NS4B,7,0.0001745123892995526,"E:2613,?:24,Q:2,K:1",0.0002828697552045036,"E:E:9,E:Q:2,E:K:1",1.0,E,0.000,negative,0.6666666666666666,0.6693657219973008,0.898,-
nonstructural_protein_NS4B,61,3.664393251501252e-06,"V:2633,?:7",9.45281261596106e-06,V:V:15,1.0,V,0.000,negative,0.6666666666666666,0.6693657219973008,0.781,-
nonstructural_protein_NS4B,62,0.0001638321158013989,"N:2631,?:9",0.00026730503104438767,N:N:17,1.0,N,0.000,negative,0.6666666666666666,0.6693657219973008,0.713,-
nonstructural_protein_NS4B,63,1.230357899784096e-06,"V:2620,?:8,M:1,I:8,T:3",3.5897501076053625e-06,"V:V:25,M:V:1,I:V:3,I:T:1",1.0,V,0.100,negative,0.6666666666666666,0.6693657219973008,1.279,-
nonstructural_protein_NS4B,64,5.048146123343145e-09,"S:2631,?:8,T:1",3.4991905669320054e-08,"S:S:26,S:T:1",1.0,S,0.000,negative,0.6666666666666666,0.6693657219973008,0.992,-
nonstructural_protein_NS4B,65,5.566387794031513e-07,"L:2631,?:8,V:1",1.8406188972264204e-06,"L:L:35,L:V:1",1.0,L,0.000,negative,0.6666666666666666,0.6693657219973008,1.024,-
nonstructural_protein_NS4B,66,1.405122195263786e-07,"T:2633,?:7",5.361081606544907e-07,T:T:15,1.0,T,0.000,negative,0.6666666666666666,0.6693657219973008,1.125,-
nonstructural_protein_NS4B,67,1.15881342299673e-08,"A:2630,?:10",6.2475158457215e-08,A:A:28,1.0,A,0.000,negative,0.6666666666666666,0.6693657219973008,1.045,-
nonstructural_protein_NS4B,68,0.0001508009092923146,"I:2622,?:12,V:6",0.0002476730165860531,"I:I:15,I:V:2",1.0,I,0.048,negative,0.6666666666666666,0.6693657219973008,0.714,-
nonstructural_protein_NS4B,69,4.762080396680801e-09,"A:2630,?:10",3.473517465814231e-08,A:A:30,1.0,A,0.000,negative,0.6666666666666666,0.6693657219973008,1.097,-
nonstructural_protein_NS4B,70,0.0005745225088611416,"N:2594,?:46",0.0008583227843226694,N:N:14,1.0,N,0.000,negative,0.6666666666666666,0.6693657219973008,0.618,-
nonstructural_protein_NS4B,8,1.179698220776793e-06,"K:2621,E:1,?:18",3.5248814307547547e-06,"E:K:1,K:K:16",1.0,K,0.000,negative,0.6666666666666666,0.6693657219973008,1.594,-
nonstructural_protein_NS4B,71,2.973973504127869e-07,"Q:2594,?:46",1.0579630862674248e-06,Q:Q:24,1.0,Q,0.000,negative,0.6666666666666666,0.6693657219973008,2.419,-
nonstructural_protein_NS4B,72,3.296352080184306e-11,"A:2573,?:67",6.1609028989551e-10,A:A:34,1.0,A,0.000,negative,0.6666666666666666,0.6693657219973008,1.478,-
nonstructural_protein_NS4B,73,0.000764693317227283,"T:2591,?:46,A:3",0.001115552603955095,"T:T:9,A:T:2",1.0,T,0.049,negative,0.6666666666666666,0.6693657219973008,0.687,-
nonstructural_protein_NS4B,74,4.131438616017391e-05,"V:2592,?:47,E:1",7.821349441010023e-05,"E:V:1,V:V:12",1.0,V,0.000,negative,0.6666666666666666,0.6693657219973008,0.608,-
nonstructural_protein_NS4B,75,2.892118011743605e-08,"L:2584,?:56",1.4063632684557137e-07,L:L:40,1.0,L,0.000,negative,0.6666666666666666,0.6693657219973008,1.268,-
nonstructural_protein_NS4B,76,1.0,"M:2593,?:46,V:1",1.0,M:V:1,1.0,M,0.000,neutral,0.6666666666666666,0.6693657219973008,0.000,-
nonstructural_protein_NS4B,77,1.34711386912123e-05,"G:2593,?:47",2.8800365477764228e-05,G:G:26,1.0,G,0.000,negative,0.6666666666666666,0.6693657219973008,0.905,-
nonstructural_protein_NS4B,78,1.489968137757813e-08,"L:2592,?:48",7.6981687117487e-08,L:L:31,1.0,L,0.000,negative,0.6666666666666666,0.6693657219973008,1.016,-
nonstructural_protein_NS4B,79,1.228576447465102e-06,"G:2592,?:47,D:1",3.5897501076053625e-06,"G:G:22,D:G:1",1.0,G,0.000,negative,0.6666666666666666,0.6693657219973008,1.226,-
nonstructural_protein_NS4B,80,0.004950503885809976,"K:2547,?:38,R:55",0.0062639028759228265,"K:K:9,K:R:1",1.0,K,0.090,negative,0.6666666666666666,0.6693657219973008,0.875,-
nonstructural_protein_NS4B,9,5.457623242222098e-11,"T:2621,?:17,P:1,A:1",7.96170920041812e-10,"T:T:30,P:T:1,A:T:1",1.0,T,0.000,negative,0.6666666666666666,0.6693657219973008,1.560,-
nonstructural_protein_NS4B,81,0.04847229916862517,"G:2605,?:35",0.054394254270674396,G:G:3,1.0,G,0.000,neutral,0.6666666666666666,0.6693657219973008,0.227,-
nonstructural_protein_NS4B,82,1.0,"W:2604,?:35,C:1",1.0,C:W:1,1.0,W,0.000,neutral,0.6666666666666666,0.6693657219973008,0.000,-
nonstructural_protein_NS4B,83,6.034102875140945e-07,"P:2602,?:36,K:1,A:1",1.9690230434670455e-06,"P:P:12,K:P:1,A:P:1",1.0,P,0.000,negative,0.6666666666666666,0.6693657219973008,0.914,-
nonstructural_protein_NS4B,84,3.662516134261828e-05,"L:2604,?:34,I:1,F:1",6.986953856130256e-05,"L:L:23,I:L:1,F:L:1",1.0,L,0.000,negative,0.6666666666666666,0.6693657219973008,0.656,-
nonstructural_protein_NS4B,85,3.589702748163504e-06,"S:2602,?:36,T:1,A:1",9.371013489942621e-06,"S:S:11,S:T:1,A:S:1",1.0,S,0.000,negative,0.6666666666666666,0.6693657219973008,0.787,-
nonstructural_protein_NS4B,86,0.0009367079769283526,"K:2599,R:7,?:33,E:1",0.0013350780360817899,"K:K:14,K:R:5,E:K:1",1.0,K,0.090,negative,0.6666666666666666,0.6693657219973008,1.035,-
nonstructural_protein_NS4B,87,1.0,"M:2606,?:33,I:1",1.0,I:M:1,1.0,M,0.000,neutral,0.6666666666666666,0.6693657219973008,0.000,-
nonstructural_protein_NS4B,88,0.001027963861064296,"D:2604,?:35,H:1",0.0014484945314996898,"D:D:12,D:H:1",1.0,D,0.000,negative,0.6666666666666666,0.6693657219973008,0.531,-
nonstructural_protein_NS4B,89,1.173838026091722e-05,"I:2599,?:37,V:3,M:1",2.5314072214847568e-05,"I:I:22,I:V:2,I:M:1",1.0,I,0.051,negative,0.6666666666666666,0.6693657219973008,0.891,-
nonstructural_protein_NS4B,90,0.3504168146220455,"G:2605,?:33,R:2",0.3762050650487761,"G:G:3,G:R:1",1.0,G,0.083,neutral,0.6489496082979617,0.6693657219973008,0.227,-
nonstructural_protein_NS4B,10,0.0002339052380875284,"K:2622,?:18",0.0003718493528570964,K:K:13,1.0,K,0.000,negative,0.6666666666666666,0.6693657219973008,0.801,-
nonstructural_protein_NS4B,91,0.001559529135399362,"V:2558,A:47,?:35",0.002125072668016713,"V:V:28,A:V:12",1.0,V,0.249,negative,0.4491594283394024,0.6693657219973008,0.957,-
nonstructural_protein_NS4B,92,2.745684901661605e-09,"P:2596,?:43,S:1",2.127905798787744e-08,"P:P:27,P:S:1",1.0,P,0.000,negative,0.6666666666666666,0.6693657219973008,1.046,-
nonstructural_protein_NS4B,93,1.70977636856362e-05,"L:2598,?:40,P:1,F:1",3.504335036394857e-05,"L:L:16,L:P:1,F:L:1",1.0,L,0.000,negative,0.6666666666666666,0.6693657219973008,0.553,-
nonstructural_protein_NS4B,94,3.173017404378697e-13,"L:2596,?:43,F:1",1.311513860476528e-11,"L:L:43,F:L:1",1.0,L,0.000,negative,0.6666666666666666,0.6693657219973008,1.629,-
nonstructural_protein_NS4B,95,6.888983827835204e-10,"A:2599,?:40,G:1",7.118616622096378e-09,"A:A:33,A:G:1",1.0,A,0.000,negative,0.6666666666666666,0.6693657219973008,1.223,-
nonstructural_protein_NS4B,96,1.575080785798377e-07,"I:2592,?:43,V:3,L:1,M:1",5.918485376939356e-07,"I:I:24,I:V:3,I:L:1,I:M:1",1.0,I,0.000,negative,0.6666666666666666,0.6693657219973008,0.944,-
nonstructural_protein_NS4B,97,5.972498560380401e-06,"G:2600,?:40",1.4326498656249174e-05,G:G:17,1.0,G,0.000,negative,0.6666666666666666,0.6693657219973008,1.153,-
nonstructural_protein_NS4B,98,0.0003633248451343496,"C:2599,?:40,G:1",0.000566695355932822,"C:G:1,C:C:12",1.0,C,0.000,negative,0.6666666666666666,0.6693657219973008,0.517,-
nonstructural_protein_NS4B,99,1.394661719444912e-09,"Y:2595,?:44,D:1",1.2352718086512078e-08,"Y:Y:38,D:Y:1",1.0,Y,0.000,negative,0.6666666666666666,0.6693657219973008,1.670,-
nonstructural_protein_NS4B,100,3.154984884456979e-08,"S:2595,?:43,P:1,Y:1",1.459368672162708e-07,"S:S:14,P:S:1,S:Y:1",1.0,S,0.000,negative,0.6666666666666666,0.6693657219973008,1.157,-
nonstructural_protein_NS1,1,1.0,"D:3062,Y:55,?:33",1.0,"D:Y:25,D:D:19",1.073914290827815e-10,D,0.000,neutral,1.0,1.0,0.000,"overall,bipolar,structure,volume,charge"
nonstructural_protein_NS1,2,0.04975353461981058,"S:3083,?:44,R:1,I:1,T:21",0.059166365493828796,"S:S:9,R:S:1,I:S:1,S:T:1",1.0,S,0.064,neutral,0.6666666666666666,0.6685660018993352,0.342,-
nonstructural_protein_NS1,11,0.01446665569125705,"K:3119,?:21,E:1,T:3,R:6",0.01872155442397971,"K:K:7,E:K:1,K:T:3,K:R:3",1.0,K,0.090,negative,0.6666666666666666,0.6685660018993352,0.731,-
nonstructural_protein_NS1,101,0.007199411622128671,"K:3124,?:22,R:4",0.00993801133721291,"K:K:8,K:R:2",1.0,K,0.090,negative,0.6666666666666666,0.6685660018993352,0.830,-
nonstructural_protein_NS1,102,0.0001339619707421136,"R:3128,?:21,Q:1",0.00025909128407265925,"R:R:15,Q:R:1",1.0,R,0.000,negative,0.6666666666666666,0.6685660018993352,1.112,-
nonstructural_protein_NS1,103,4.096808750808645e-05,"S:3081,?:21,T:35,N:1,F:11,Y:1",9.810045444113217e-05,"S:S:29,S:T:4,N:T:1,F:S:10,S:Y:1",1.0,S,0.147,negative,0.6666666666666666,0.6685660018993352,1.036,-
nonstructural_protein_NS1,104,6.656988638109596e-08,"L:3129,?:20,M:1",3.6613437509602775e-07,"L:L:55,L:M:1",1.0,L,0.000,negative,0.6666666666666666,0.6685660018993352,1.273,-
nonstructural_protein_NS1,105,1.624198378680219e-06,"R:3128,?:18,Q:2,W:2",5.5506585368489045e-06,"R:R:20,Q:R:2,R:W:2",1.0,R,0.000,negative,0.6666666666666666,0.6685660018993352,0.932,-
nonstructural_protein_NS1,106,6.447836375933491e-09,"P:3128,?:17,S:3,H:1,A:1",6.111468580328212e-08,"P:P:36,P:S:1,H:P:1,A:P:1",1.0,P,0.041,negative,0.6666666666666666,0.6685660018993352,1.151,-
nonstructural_protein_NS1,107,0.0001255137619958768,"Q:3134,?:15,P:1",0.00024409306200303115,"Q:Q:18,P:Q:1",1.0,Q,0.000,negative,0.6666666666666666,0.6685660018993352,1.277,-
nonstructural_protein_NS1,108,1.11862613949576e-07,"P:3131,?:15,C:1,A:3",5.706614508731993e-07,"P:P:26,C:P:1,A:P:1",1.0,P,0.041,negative,0.6666666666666666,0.6685660018993352,1.032,-
nonstructural_protein_NS1,109,0.01942342756289728,"T:3120,I:11,N:1,?:15,A:2,S:1",0.024682478347075244,"I:T:7,T:T:16,N:T:1,A:T:2,S:T:1",1.0,T,0.116,negative,0.6488974935761427,0.6685660018993352,0.501,-
nonstructural_protein_NS1,110,2.99627495293775e-05,"E:3134,?:14,Q:1,G:1",7.48006229385878e-05,"E:E:17,E:Q:1,E:G:1",1.0,E,0.000,negative,0.6666666666666666,0.6685660018993352,0.983,-
nonstructural_protein_NS1,12,0.01126355927467992,"E:3127,?:21,A:1,K:1",0.014905161145441097,"E:E:4,A:E:1,E:K:1",1.0,E,0.000,negative,0.6666666666666666,0.6685660018993352,0.419,-
nonstructural_protein_NS1,111,8.411639090044609e-05,"L:3135,M:2,?:13",0.00017214517207533154,"L:M:2,L:L:33",1.0,L,0.000,negative,0.6666666666666666,0.6685660018993352,0.674,-
nonstructural_protein_NS1,112,0.002854028759960103,"K:3046,?:12,R:92",0.004168539931559984,"K:K:20,K:R:3,R:R:2",1.0,K,0.276,negative,0.6666666666666666,0.6685660018993352,1.282,-
nonstructural_protein_NS1,113,1.314931200147029e-06,"Y:3135,?:14,E:1",4.821414400539107e-06,"Y:Y:25,E:Y:1",1.0,Y,0.000,negative,0.6666666666666666,0.6685660018993352,1.059,-
nonstructural_protein_NS1,114,4.239290049168343e-05,"S:3130,?:14,T:5,L:1",0.00010051835082765611,"S:S:18,S:T:3,L:S:1",1.0,S,0.102,negative,0.6666666666666666,0.6685660018993352,1.042,-
nonstructural_protein_NS1,115,0.9999999327433606,"W:3137,?:13",1.0,NA,1.0,W,0.000,neutral,0.6666666666666666,0.6685660018993352,0.153,-
nonstructural_protein_NS1,116,0.001549722151418687,"K:3127,R:7,?:16",0.0023513025745662834,"K:R:6,K:K:10",1.0,K,0.090,negative,0.6666666666666666,0.6685660018993352,1.064,-
nonstructural_protein_NS1,117,0.4752942288986622,"T:2334,A:793,?:19,I:1,M:1,S:2",0.5168054701673264,"A:T:13,A:A:1,T:T:4,I:T:1,M:T:1,S:T:2",1.0,T,0.231,neutral,0.6666666666666666,0.6685660018993352,0.372,-
nonstructural_protein_NS1,118,0.9999999327433606,"W:3134,?:16",1.0,NA,1.0,W,0.000,neutral,0.6666666666666666,0.6685660018993352,0.153,-
nonstructural_protein_NS1,119,1.432879370710793e-10,"G:3135,?:15",2.3282651362421806e-09,G:G:44,1.0,G,0.000,negative,0.6666666666666666,0.6685660018993352,1.927,-
nonstructural_protein_NS1,120,0.0001040515200722014,"K:3130,R:3,?:17",0.0002057648037382859,"K:R:3,K:K:11",1.0,K,0.000,negative,0.6666666666666666,0.6685660018993352,0.983,-
nonstructural_protein_NS1,13,1.933848132518179e-06,"L:3123,?:25,M:1,T:1",6.482995644251418e-06,"L:L:48,L:M:1,L:T:1",1.0,L,0.000,negative,0.6666666666666666,0.6685660018993352,0.987,-
nonstructural_protein_NS1,121,6.178976219572974e-10,"A:3120,T:10,?:17,V:2,S:1",7.767855818891739e-09,"A:A:33,A:T:4,A:V:2,A:S:1",1.0,A,0.056,negative,0.6666666666666666,0.6685660018993352,1.878,-
nonstructural_protein_NS1,122,0.0603109141392445,"K:3128,?:17,R:5",0.0712397375067586,"K:R:4,K:K:5",1.0,K,0.090,neutral,0.6666666666666666,0.6685660018993352,0.521,-
nonstructural_protein_NS1,123,0.8034884733660835,"M:3110,I:12,V:6,?:18,T:4",0.8544650834587958,"I:M:4,M:V:3,M:T:4",1.0,M,0.097,neutral,0.5935865347406067,0.6685660018993352,0.000,-
nonstructural_protein_NS1,124,0.001196006383588522,"L:3081,I:2,F:48,?:16,P:1,H:2",0.0018710855423251544,"L:L:18,I:L:2,F:L:11,L:P:1,H:L:2",1.0,L,0.159,negative,0.644344371997764,0.6685660018993352,0.751,-
nonstructural_protein_NS1,125,1.619630926041893e-07,"S:3110,P:9,?:19,T:1,F:5,A:6",7.809727205023922e-07,"S:S:33,P:S:6,S:T:1,F:S:5,A:S:1",1.0,S,0.098,negative,0.6666666666666666,0.6685660018993352,1.333,-
nonstructural_protein_NS1,126,0.01436715532585764,"T:3117,A:7,I:9,?:17",0.01866139732362321,"A:T:4,T:T:8,I:T:8",1.0,T,0.115,negative,0.6666666666666666,0.6685660018993352,0.635,-
nonstructural_protein_NS1,127,6.730903519591713e-05,"E:3124,?:19,D:5,G:1,Q:1",0.00014535448091388238,"E:E:21,D:E:3,E:G:1,E:Q:1",1.0,E,0.086,negative,0.6666666666666666,0.6685660018993352,1.268,-
nonstructural_protein_NS1,128,0.05028281849487903,"S:1842,L:954,P:283,?:25,F:4,H:39,Y:1,T:1,A:1",0.05959445154948625,"P:S:14,L:P:7,L:S:4,L:L:8,F:L:3,H:L:1,H:P:1,H:Y:1,P:P:2,S:T:1,S:S:19,A:S:1,F:S:1",1.0,S,0.548,neutral,0.1057027029773634,0.6685660018993352,1.039,-
nonstructural_protein_NS1,129,0.0004465457345493862,"H:2517,?:22,Q:4,Y:606,F:1",0.0007387382088504283,"H:H:27,H:Q:4,H:Y:23,Y:Y:15,F:Y:1",1.0,H,0.581,negative,0.5258057573049801,0.6685660018993352,1.740,-
nonstructural_protein_NS1,130,2.121214212391642e-05,"N:3131,?:19",5.450127027458817e-05,N:N:21,1.0,N,0.000,negative,0.6666666666666666,0.6685660018993352,0.915,-
nonstructural_protein_NS1,14,0.002350119535518336,"K:3128,?:20,R:1,E:1",0.0034612639184203107,"K:R:1,K:K:6,E:K:1",1.0,K,0.000,negative,0.6666666666666666,0.6685660018993352,0.629,-
nonstructural_protein_NS1,131,0.09258503790101569,"Q:2283,H:842,?:19,R:3,K:3",0.10650305013450169,"H:Q:4,H:H:8,Q:Q:5,Q:R:2,K:Q:2",1.0,Q,0.298,neutral,0.6371733986195494,0.6685660018993352,0.799,-
nonstructural_protein_NS1,132,1.117283257023871e-07,"T:3128,?:22",5.706614508731993e-07,T:T:27,1.0,T,0.000,negative,0.6666666666666666,0.6685660018993352,1.075,-
nonstructural_protein_NS1,133,1.472006755820487e-06,"F:3131,?:19",5.233801798472843e-06,F:F:18,1.0,F,0.000,negative,0.6666666666666666,0.6685660018993352,0.703,-
nonstructural_protein_NS1,134,9.940507214900585e-05,"L:3122,I:1,?:17,F:10",0.0002009006204224103,"I:L:1,L:L:22,F:L:7",1.0,L,0.119,negative,0.6666666666666666,0.6685660018993352,0.823,-
nonstructural_protein_NS1,135,0.01080618354376361,"I:3123,?:18,V:9",0.014408244725018145,"I:I:19,I:V:3",1.0,I,0.161,negative,0.3344645940535947,0.6685660018993352,0.632,-
nonstructural_protein_NS1,136,0.0003960354824016354,"D:3130,?:19,G:1",0.0006670071282553859,"D:D:14,D:G:1",1.0,D,0.000,negative,0.6666666666666666,0.6685660018993352,0.572,-
nonstructural_protein_NS1,137,7.042438678717122e-05,"G:3131,D:1,?:18",0.0001511547813968553,"G:G:18,D:G:1",1.0,G,0.000,negative,0.6666666666666666,0.6685660018993352,0.712,-
nonstructural_protein_NS1,138,9.852951787792108e-10,"P:3124,?:23,L:3",1.156079676434274e-08,"P:P:29,L:P:3",1.0,P,0.000,negative,0.6666666666666666,0.6685660018993352,1.070,-
nonstructural_protein_NS1,139,0.0001483495916202449,"E:3130,?:19,G:1",0.0002822651689206822,"E:E:10,E:G:1",1.0,E,0.000,negative,0.6666666666666666,0.6685660018993352,0.899,-
nonstructural_protein_NS1,140,3.44436498322942e-07,"T:3133,?:17",1.5745668494763062e-06,T:T:16,1.0,T,0.000,negative,0.6666666666666666,0.6685660018993352,1.164,-
nonstructural_protein_NS1,15,0.0002828568881406701,"C:3131,?:19",0.0005054092620584563,C:C:13,1.0,C,0.000,negative,0.6666666666666666,0.6685660018993352,0.495,-
nonstructural_protein_NS1,141,0.04919746409017323,"A:3090,V:11,?:15,T:34",0.05870341477878298,"A:V:8,A:A:10,A:T:12",1.0,A,0.281,neutral,0.4364825244521325,0.6685660018993352,0.798,-
nonstructural_protein_NS1,142,0.0003367979038448876,"E:3132,?:16,Q:2",0.0005792820767431048,"E:E:13,E:Q:1",1.0,E,0.085,negative,0.6666666666666666,0.6685660018993352,1.173,-
nonstructural_protein_NS1,143,5.682153315644811e-06,"C:3130,?:19,R:1",1.668974244107465e-05,"C:C:19,C:R:1",1.0,C,0.000,negative,0.6666666666666666,0.6685660018993352,0.800,-
nonstructural_protein_NS1,144,5.514689482843949e-09,"P:3133,?:16,L:1",5.546201994174487e-08,"P:P:25,L:P:1",1.0,P,0.000,negative,0.6666666666666666,0.6685660018993352,0.992,-
nonstructural_protein_NS1,145,0.03023630108742337,"N:3117,?:17,H:1,T:1,S:13,D:1",0.03736935288060873,"N:N:18,H:N:1,N:T:1,N:S:6,D:N:1",1.0,N,0.247,negative,0.647735871428978,0.6685660018993352,0.810,-
nonstructural_protein_NS1,146,0.04750539551048805,"T:3038,A:48,?:19,I:43,S:1,K:1",0.05687720823024419,"A:T:8,T:T:8,I:T:6,S:T:1,K:T:1",1.0,T,0.231,neutral,0.6666666666666666,0.6685660018993352,0.721,-
nonstructural_protein_NS1,147,1.534469507802338e-05,"N:3128,?:19,H:2,S:1",4.030845274227038e-05,"N:N:30,H:N:1,N:S:1",1.0,N,0.080,negative,0.6666666666666666,0.6685660018993352,1.273,-
nonstructural_protein_NS1,148,0.0700149087270927,"R:3131,?:19",0.08160678103290275,R:R:2,1.0,R,0.000,neutral,0.6666666666666666,0.6685660018993352,0.191,-
nonstructural_protein_NS1,149,6.009196610756717e-06,"A:3132,?:18",1.7338009893330857e-05,"A:A:22,?:A:1",1.0,A,0.000,negative,0.6666666666666666,0.6685660018993352,0.726,-
nonstructural_protein_NS1,150,1.0,"W:3132,?:17,F:1",1.0,F:W:1,1.0,W,0.000,neutral,0.6666666666666666,0.6685660018993352,0.000,-
nonstructural_protein_NS1,16,4.546694721740963e-05,"G:3129,?:19,S:1,V:1",0.00010598917497038538,"G:S:1,G:G:19,G:V:1",1.0,G,0.000,negative,0.6666666666666666,0.6685660018993352,0.748,-
nonstructural_protein_NS1,151,6.785112281360028e-06,"N:3131,?:18,S:1",1.926096389547363e-05,"N:N:23,N:S:1",1.0,N,0.000,negative,0.6666666666666666,0.6685660018993352,1.045,-
nonstructural_protein_NS1,152,1.562104889885063e-10,"S:3139,?:11",2.3282651362421806e-09,S:S:25,1.0,S,0.000,negative,0.6666666666666666,0.6685660018993352,1.631,-
nonstructural_protein_NS1,153,7.283136720659389e-05,"L:2842,?:13,M:295",0.00015351282189653322,"L:L:36,L:M:1",1.0,L,0.072,negative,0.6666666666666666,0.6685660018993352,0.942,-
nonstructural_protein_NS1,154,1.47972826991527e-07,"E:3138,?:10,K:2",7.440919300145358e-07,"E:E:21,E:K:2",1.0,E,0.000,negative,0.6666666666666666,0.6685660018993352,1.678,-
nonstructural_protein_NS1,155,0.004246166455522005,"V:3141,?:8,G:1",0.006002612820657613,"V:V:9,G:V:1",1.0,V,0.000,negative,0.6666666666666666,0.6685660018993352,0.281,-
nonstructural_protein_NS1,156,3.086696856324789e-05,"E:3138,?:10,G:2",7.545258982127262e-05,"E:E:11,E:G:2",1.0,E,0.000,negative,0.6666666666666666,0.6685660018993352,1.127,-
nonstructural_protein_NS1,157,0.0001434822540989922,"D:3140,E:1,?:9",0.00027448779045024596,"D:D:16,D:E:1",1.0,D,0.000,negative,0.6666666666666666,0.6685660018993352,0.723,-
nonstructural_protein_NS1,158,2.347541032543532e-05,"Y:3141,?:9",5.9023888818237374e-05,Y:Y:20,1.0,Y,0.000,negative,0.6666666666666666,0.6685660018993352,0.799,-
nonstructural_protein_NS1,159,4.066933297908193e-07,"G:3142,?:8",1.7894506510796048e-06,G:G:31,1.0,G,0.000,negative,0.6666666666666666,0.6685660018993352,1.148,-
nonstructural_protein_NS1,160,0.0001951524295557006,"F:3144,?:6",0.00035492534865695223,F:F:11,1.0,F,0.000,negative,0.6666666666666666,0.6685660018993352,0.416,-
nonstructural_protein_NS1,17,6.235740035442916e-09,"S:3131,?:19",6.097168034655296e-08,S:S:35,1.0,S,0.000,negative,0.6666666666666666,0.6685660018993352,1.423,-
nonstructural_protein_NS1,161,0.0004470205638782421,"G:3142,?:8",0.0007387382088504283,G:G:9,1.0,G,0.000,negative,0.6666666666666666,0.6685660018993352,0.671,-
nonstructural_protein_NS1,162,1.577588115697637e-08,"V:3135,?:9,I:1,M:5",1.2340244816123737e-07,"V:V:30,I:V:1,M:V:3",1.0,V,0.054,negative,0.6666666666666666,0.6685660018993352,1.521,-
nonstructural_protein_NS1,163,1.212255962279585e-09,"F:3143,?:7",1.376497092652948e-08,F:F:27,1.0,F,0.000,negative,0.6666666666666666,0.6685660018993352,1.190,-
nonstructural_protein_NS1,164,0.4683634943920338,"T:2986,?:11,S:153",0.5119998448012295,"T:T:11,S:T:24,S:S:1",1.346961442383332e-07,T,0.639,neutral,0.001079455900089843,0.18998423841581236,0.471,overall
nonstructural_protein_NS1,165,1.250039893374577e-06,"T:3141,?:9",4.659480478271631e-06,T:T:23,1.0,T,0.000,negative,0.6666666666666666,0.6685660018993352,0.890,-
nonstructural_protein_NS1,166,7.719209650369763e-07,"N:3139,?:10,K:1",3.123174479230065e-06,"N:N:29,K:N:1",1.0,N,0.000,negative,0.6666666666666666,0.6685660018993352,1.201,-
nonstructural_protein_NS1,167,0.196817376864007,"I:3139,?:8,L:2,M:1",0.2213409477831644,"I:L:1,I:M:1,I:I:1",1.0,I,0.046,neutral,0.6666666666666666,0.6685660018993352,0.328,-
nonstructural_protein_NS1,168,0.9999999327433606,"W:3141,?:9",1.0,NA,1.0,W,0.000,neutral,0.6666666666666666,0.6685660018993352,0.153,-
nonstructural_protein_NS1,169,0.000300209286812847,"L:3140,?:9,A:1",0.0005310234621011163,"L:L:26,A:L:1",1.0,L,0.000,negative,0.6666666666666666,0.6685660018993352,0.572,-
nonstructural_protein_NS1,170,0.006353249391504168,"K:3082,?:11,R:56,Q:1",0.00883930350122319,"K:K:14,K:R:8,K:Q:1",1.0,K,0.360,negative,0.6666666666666666,0.6685660018993352,1.440,-
nonstructural_protein_NS1,18,0.0001831833335014244,"G:3125,?:21,R:3,E:1",0.00033583611141927805,"G:R:3,E:G:1,G:G:13",1.0,G,0.000,negative,0.6666666666666666,0.6685660018993352,0.666,-
nonstructural_protein_NS1,171,0.00205279809015102,"L:3133,?:11,M:5,I:1",0.003048881551616705,"L:L:31,L:M:3,I:L:1",1.0,L,0.149,negative,0.6666666666666666,0.6685660018993352,0.847,-
nonstructural_protein_NS1,172,0.9371475411817344,"K:2183,?:11,R:955,E:1",0.9847042820775239,"K:R:9,K:K:2,E:R:1,R:R:1",1.0,K,0.425,neutral,0.623329648976627,0.6685660018993352,0.403,-
nonstructural_protein_NS1,173,0.0002920398621294451,"E:3136,?:9,K:1,D:3,R:1",0.0005191819771190135,"E:E:12,E:K:1,D:E:1,E:R:1",1.0,E,0.085,negative,0.6666666666666666,0.6685660018993352,1.232,-
nonstructural_protein_NS1,174,0.8218707230181623,"K:1890,R:1248,?:11,E:1",0.8713810075373288,"K:K:5,K:R:27,R:R:2,E:K:1",1.0,K,0.822,neutral,0.5651078712166326,0.6685660018993352,0.743,-
nonstructural_protein_NS1,175,0.01632308096830315,"Q:3113,P:1,?:10,H:25,T:1",0.021046609893196736,"P:Q:1,Q:Q:15,H:Q:1,Q:T:1",1.0,Q,0.142,negative,0.6666666666666666,0.6685660018993352,0.924,-
nonstructural_protein_NS1,176,0.008242277284161825,"D:3133,?:10,G:1,E:5,V:1",0.011289033478696352,"D:G:1,D:D:14,D:E:4,D:V:1",1.0,D,0.073,negative,0.6666666666666666,0.6685660018993352,0.560,-
nonstructural_protein_NS1,177,0.2839088258268561,"V:2113,?:11,A:985,I:9,T:28,C:1,G:1,E:2",0.3132787043606688,"A:V:41,V:V:22,I:V:5,I:T:1,A:T:6,A:A:4,C:V:1,G:V:1,A:E:1,A:I:1",1.0,V,1.491,neutral,0.6666666666666666,0.6685660018993352,2.009,-
nonstructural_protein_NS1,178,0.25715666478961,"F:2506,S:582,?:10,I:2,L:25,Y:6,V:19",0.2846514025344111,"F:F:18,F:S:19,I:S:1,F:L:10,F:Y:2,F:V:2,F:I:1",1.0,F,0.486,neutral,0.6666666666666666,0.6685660018993352,0.744,-
nonstructural_protein_NS1,179,1.918898706598782e-09,"C:3141,?:9",2.0468252870387008e-08,C:C:34,1.0,C,0.000,negative,0.6666666666666666,0.6685660018993352,1.388,-
nonstructural_protein_NS1,180,0.0006283140287238753,"D:3136,?:11,G:3",0.0010192006364553184,"D:D:20,D:G:1",1.0,D,0.085,negative,0.007479543898629148,0.43879990871957664,0.948,-
nonstructural_protein_NS1,19,1.587453501983305e-10,"I:3130,?:16,M:1,V:3",2.3282651362421806e-09,"I:I:39,I:M:1,I:V:3",1.0,I,0.000,negative,0.6666666666666666,0.6685660018993352,1.463,-
nonstructural_protein_NS1,181,0.009812215821351722,"S:3123,?:10,P:14,L:3",0.013233333215003088,"P:S:14,S:S:6,L:S:1",0.6169383894717839,S,0.068,negative,0.0002199242262860279,0.07741332765268182,0.611,-
nonstructural_protein_NS1,182,0.001038966742441749,"K:3135,?:10,N:1,R:4",0.001647370690718449,"K:K:7,K:N:1,K:R:4",1.0,K,0.000,negative,0.6666666666666666,0.6685660018993352,0.730,-
nonstructural_protein_NS1,183,6.467599866777363e-08,"L:3137,?:13",3.6136431001676693e-07,L:L:21,1.0,L,0.000,negative,0.6666666666666666,0.6685660018993352,0.840,-
nonstructural_protein_NS1,184,1.0,"M:3138,?:11,R:1",1.0,M:R:1,1.0,M,0.000,neutral,0.6666666666666666,0.6685660018993352,0.036,-
nonstructural_protein_NS1,185,0.0,"S:3133,?:17",0.0,S:S:48,1.0,S,0.000,negative,0.6666666666666666,0.6685660018993352,3.614,-
nonstructural_protein_NS1,186,1.656186299214824e-11,"A:3133,?:16,T:1",5.4959770068308e-10,"A:A:32,A:T:1",1.0,A,0.000,negative,0.6666666666666666,0.6685660018993352,1.866,-
nonstructural_protein_NS1,187,4.5527427338099e-06,"A:3127,V:3,?:14,S:1,T:1,G:4",1.3815219330181766e-05,"A:V:3,A:A:26,A:S:1,A:T:1,A:G:2",1.0,A,0.056,negative,0.6666666666666666,0.6685660018993352,1.039,-
nonstructural_protein_NS1,188,1.668151149469832e-05,"I:3078,?:13,V:58,S:1",4.349549663802821e-05,"I:V:19,I:I:16,V:V:1,I:S:1",0.4666931728749546,I,0.384,negative,0.6666666666666666,0.6685660018993352,2.194,-
nonstructural_protein_NS1,189,4.596081129548679e-05,"K:3128,?:15,R:6,I:1",0.00010643556300007468,"K:K:15,K:R:5,I:K:1",1.0,K,0.090,negative,0.6666666666666666,0.6685660018993352,1.551,-
nonstructural_protein_NS1,190,0.01233001790087251,"D:3066,?:14,N:69,Y:1",0.016194650377265387,"D:N:17,D:D:23,D:Y:1",1.0,D,0.317,negative,0.1227627899070799,0.6685660018993352,1.050,-
nonstructural_protein_NS1,20,2.233757623315569e-11,"F:3134,?:15,L:1",6.552355695059003e-10,"F:F:33,F:L:1",1.0,F,0.000,negative,0.6666666666666666,0.6685660018993352,1.428,-
nonstructural_protein_NS1,191,0.001664759172643859,"N:3113,?:14,K:3,S:20",0.0024935967181729294,"N:N:26,K:N:1,N:S:5",1.0,N,0.247,negative,0.6666666666666666,0.6685660018993352,1.196,-
nonstructural_protein_NS1,192,0.008906271521630815,"R:3102,?:15,K:31,G:1,T:1",0.01210427635372219,"K:R:6,R:R:11,G:R:1,R:T:1",1.0,R,0.226,negative,0.6666666666666666,0.6685660018993352,1.041,-
nonstructural_protein_NS1,193,0.0003373659821941377,"A:3118,?:31,P:1",0.0005792820767431048,"A:A:12,A:P:1",1.0,A,0.000,negative,0.6666666666666666,0.6685660018993352,0.478,-
nonstructural_protein_NS1,194,0.001082082195731471,"V:3072,?:33,I:45",0.0017080400578362233,"I:V:9,V:V:22",1.0,V,0.163,negative,0.6666666666666666,0.6685660018993352,0.862,-
nonstructural_protein_NS1,195,4.906472017562891e-08,"H:3118,?:32",2.9272511020036236e-07,H:H:25,1.0,H,0.000,negative,0.6666666666666666,0.6685660018993352,1.010,-
nonstructural_protein_NS1,196,2.547176591871647e-08,"A:3116,?:33,V:1",1.8298084904873872e-07,"A:A:29,A:V:1",1.0,A,0.000,negative,0.6666666666666666,0.6685660018993352,1.160,-
nonstructural_protein_NS1,197,2.905336082825727e-08,"D:3119,?:31",1.9666890406820306e-07,D:D:35,1.0,D,0.000,negative,0.6666666666666666,0.6685660018993352,1.466,-
nonstructural_protein_NS1,198,0.9999999248047912,"M:3121,?:29",1.0,NA,1.0,M,0.000,neutral,0.6666666666666666,0.6685660018993352,0.153,-
nonstructural_protein_NS1,199,0.0004211442977133384,"G:3120,?:28,D:2",0.0007059180609290243,"G:G:17,D:G:2",1.0,G,0.000,negative,0.6666666666666666,0.6685660018993352,0.538,-
nonstructural_protein_NS1,200,8.536646102230705e-07,"Y:3122,?:27,C:1",3.414658440892282e-06,"Y:Y:27,C:Y:1",1.0,Y,0.000,negative,0.6666666666666666,0.6685660018993352,1.087,-
nonstructural_protein_NS1,3,1.257530242715355e-06,"G:3105,?:45",4.659480478271631e-06,G:G:32,1.0,G,0.000,negative,0.6666666666666666,0.6685660018993352,1.019,-
nonstructural_protein_NS1,21,6.96157576030032e-11,"I:3030,?:14,V:104,F:2",1.7503390483040805e-09,"I:I:78,I:V:15,F:I:1",0.9928397839917289,I,0.499,negative,0.6666666666666666,0.6685660018993352,3.227,-
nonstructural_protein_NS1,201,0.9999999327433606,"W:3123,?:27",1.0,NA,1.0,W,0.000,neutral,0.6666666666666666,0.6685660018993352,0.153,-
nonstructural_protein_NS1,202,0.1725074962732178,"I:3104,?:27,M:16,R:1,V:1,L:1",0.19587947963926666,"I:I:1,I:M:10,I:R:1,I:V:1,I:L:1",1.0,I,0.093,neutral,0.6666666666666666,0.6685660018993352,0.531,-
nonstructural_protein_NS1,203,3.934202510769147e-05,"E:3120,K:1,?:26,Q:1,G:1,F:1",9.550615750280964e-05,"E:K:1,E:Q:1,E:E:10,E:G:1,E:F:1",1.0,E,0.000,negative,0.6666666666666666,0.6685660018993352,1.120,-
nonstructural_protein_NS1,204,6.82130441020945e-09,"S:3122,?:26,R:1,C:1",6.148657778481948e-08,"S:S:33,R:S:1,C:S:1",1.0,S,0.000,negative,0.6666666666666666,0.6685660018993352,1.441,-
nonstructural_protein_NS1,205,9.987956981227786e-05,"A:3108,?:28,G:1,T:7,S:2,F:1,V:3",0.0002009006204224103,"A:G:1,A:T:7,A:S:2,A:A:7,A:F:1,A:V:3",1.0,A,0.000,negative,0.6666666666666666,0.6685660018993352,0.691,-
nonstructural_protein_NS1,206,2.803754006741599e-09,"L:3111,I:2,?:27,F:5,R:1,P:3,Y:1",2.9027100305089493e-08,"L:L:34,I:L:2,F:L:4,L:R:1,L:P:2,L:Y:1",1.0,L,0.076,negative,0.6666666666666666,0.6685660018993352,1.379,-
nonstructural_protein_NS1,207,0.004865493476277183,"N:3118,?:28,K:1,S:1,C:1,I:1",0.006850614814598274,"N:N:18,K:N:1,C:N:1,C:S:1,I:N:1",1.0,N,0.088,negative,0.004515154852134495,0.3178669015902685,0.695,-
nonstructural_protein_NS1,208,0.001170772270654319,"D:3112,?:28,N:2,E:1,G:7",0.0018397849967425014,"D:D:18,D:N:2,D:E:1,D:G:2",1.0,D,0.079,negative,0.6666666666666666,0.6685660018993352,0.821,-
nonstructural_protein_NS1,209,0.001395077136699507,"T:3120,?:27,S:2,W:1",0.0021350745744270713,"T:T:7,S:T:1,S:S:1,T:W:1",1.0,T,0.058,negative,0.6666666666666666,0.6685660018993352,0.722,-
nonstructural_protein_NS1,210,0.0003283200870203284,"W:3121,?:27,C:1,A:1",0.0005693037962125892,"C:W:1,A:W:1",1.0,W,0.000,negative,0.6666666666666666,0.6685660018993352,10000.000,-
nonstructural_protein_NS1,22,0.001316914285496185,"T:3134,?:12,A:2,I:2",0.0020331308267309525,"A:T:2,T:T:6,I:T:2",1.0,T,0.000,negative,0.6666666666666666,0.6685660018993352,0.474,-
nonstructural_protein_NS1,211,0.0001956122660211612,"K:3119,?:28,M:1,E:1,I:1",0.00035492534865695223,"K:K:14,K:M:1,E:K:1,I:K:1",1.0,K,0.000,negative,0.6666666666666666,0.6685660018993352,0.826,-
nonstructural_protein_NS1,212,0.2155825260148263,"I:2190,?:32,M:925,V:2,F:1",0.24092628962476711,"I:I:6,I:M:14,I:V:1,F:M:1,M:V:1",1.0,I,0.321,neutral,0.6666666666666666,0.6685660018993352,0.651,-
nonstructural_protein_NS1,213,1.056401137677909e-07,"E:3117,?:31,V:1,Q:1",5.550047768098866e-07,"E:E:26,E:V:1,E:Q:1,?:E:1",1.0,E,0.000,negative,0.6666666666666666,0.6685660018993352,1.625,-
nonstructural_protein_NS1,214,0.003455610469942805,"K:3089,R:31,?:30",0.004944613355365315,"K:R:9,R:R:1,K:K:8",1.0,K,0.090,negative,0.6666666666666666,0.6685660018993352,0.938,-
nonstructural_protein_NS1,215,0.0003189595268127121,"A:3118,?:30,L:2",0.0005558106605845281,"A:A:22,A:L:1",1.0,A,0.113,negative,0.03570985681233019,0.6685660018993352,0.864,-
nonstructural_protein_NS1,216,1.097916202397187e-10,"S:3118,?:32",2.2084957072997397e-09,S:S:39,1.0,S,0.000,negative,0.6666666666666666,0.6685660018993352,1.356,-
nonstructural_protein_NS1,217,1.686895068075955e-11,"F:3119,?:30,L:1",5.4959770068308e-10,"F:F:33,F:L:1",1.0,F,0.000,negative,0.6666666666666666,0.6685660018993352,1.456,-
nonstructural_protein_NS1,218,4.737767603346654e-06,"I:3121,?:29",1.4253796550239507e-05,I:I:22,1.0,I,0.000,negative,0.6666666666666666,0.6685660018993352,0.736,-
nonstructural_protein_NS1,219,0.0001530418955015822,"E:3121,?:29",0.0002876641080829629,E:E:9,1.0,E,0.000,negative,0.6666666666666666,0.6685660018993352,0.934,-
nonstructural_protein_NS1,220,1.08138101806432e-08,"V:3027,?:30,I:92,D:1",8.852235310666063e-08,"V:V:52,I:V:9,I:I:1,D:V:1",1.0,V,0.273,negative,0.6666666666666666,0.6685660018993352,2.141,-
nonstructural_protein_NS1,23,1.578061450402402e-07,"D:3134,?:16",7.809727205023922e-07,D:D:31,1.0,D,0.000,negative,0.6666666666666666,0.6685660018993352,1.346,-
nonstructural_protein_NS1,221,8.284979536887782e-05,"K:3119,?:29,Q:1,I:1",0.00017054460801078943,"K:Q:1,K:K:10,I:K:1",1.0,K,0.000,negative,0.6666666666666666,0.6685660018993352,1.059,-
nonstructural_protein_NS1,222,0.03737677289541808,"N:868,S:2240,?:39,R:1,T:2",0.04568272242773321,"N:S:13,S:S:13,R:S:1,N:T:1,N:N:4",1.0,S,0.287,negative,0.6666666666666666,0.6685660018993352,0.813,-
nonstructural_protein_NS1,223,0.01891311391656592,"C:3119,?:29,A:2",0.024208785813204375,"C:C:12,A:C:1",1.0,C,0.118,negative,0.004194922014111424,0.3178669015902685,0.545,-
nonstructural_protein_NS1,224,0.003380020178048504,"H:3061,?:30,Y:38,Q:2,N:19",0.004856192255808463,"H:Y:15,H:Q:2,H:H:22,N:Y:1,N:N:1,H:N:2",1.0,H,0.312,negative,0.608365514236792,0.6685660018993352,1.061,-
nonstructural_protein_NS1,225,0.06617245045050058,"W:3120,?:29,S:1",0.07738439388231297,S:W:1,1.0,W,0.000,neutral,0.6666666666666666,0.6685660018993352,10000.000,-
nonstructural_protein_NS1,226,3.861900343959945e-08,"P:3117,?:30,H:1,T:1,A:1",2.517386890877594e-07,"P:P:13,H:P:1,P:T:1,A:P:1",1.0,P,0.000,negative,0.6666666666666666,0.6685660018993352,1.117,-
nonstructural_protein_NS1,227,2.730521964089405e-08,"K:3116,?:30,S:1,R:2,N:1",1.9222874627189408e-07,"K:K:27,K:S:1,K:R:2,K:N:1",1.0,K,0.000,negative,0.6666666666666666,0.6685660018993352,1.917,-
nonstructural_protein_NS1,228,0.0186029559790698,"S:3116,?:30,L:1,T:3",0.023898687973111565,"L:S:1,S:T:2,S:S:4",1.0,S,0.052,negative,0.6666666666666666,0.6685660018993352,0.442,-
nonstructural_protein_NS1,229,7.700384996311982e-09,"H:3117,?:29,Q:2,L:1,Y:1",6.61106224073614e-08,"H:H:26,H:Q:2,H:L:1,H:Y:1",1.0,H,0.000,negative,0.6666666666666666,0.6685660018993352,1.206,-
nonstructural_protein_NS1,230,4.034030098853947e-08,"T:3113,?:34,P:1,H:1,I:1",2.542936693597905e-07,"T:T:31,P:T:1,H:T:1,I:T:1",1.0,T,0.000,negative,0.6666666666666666,0.6685660018993352,1.129,-
nonstructural_protein_NS1,24,1.236962383877049e-05,"N:3135,?:13,S:2",3.298566357005464e-05,"N:N:22,N:S:2",1.0,N,0.000,negative,0.6666666666666666,0.6685660018993352,0.980,-
nonstructural_protein_NS1,231,6.197026980458986e-08,"L:3104,?:45,F:1",3.567612691290195e-07,"L:L:21,F:L:1",1.0,L,0.000,negative,0.6666666666666666,0.6685660018993352,0.846,-
nonstructural_protein_NS1,232,0.9247917260096471,"W:3127,T:1,?:20,E:2",0.9746308010640592,"T:W:1,E:W:1",1.0,W,0.177,neutral,0.001795870553270018,0.21071547825034878,0.000,-
nonstructural_protein_NS1,233,7.684164415877603e-11,"S:3118,?:29,N:2,G:1",1.803217249592611e-09,"S:S:42,N:S:2,G:S:1",1.0,S,0.000,negative,0.6666666666666666,0.6685660018993352,1.844,-
nonstructural_protein_NS1,234,0.0003100836621511283,"N:3128,?:20,D:2",0.0005457472453859858,"N:N:16,D:N:2",1.0,N,0.000,negative,0.6666666666666666,0.6685660018993352,0.613,-
nonstructural_protein_NS1,235,0.03883826335230756,"G:3129,?:20,E:1",0.04714161620693883,"G:G:3,E:G:1",1.0,G,0.000,negative,0.6666666666666666,0.6685660018993352,0.237,-
nonstructural_protein_NS1,236,2.032299641352431e-06,"V:3127,L:2,?:20,M:1",6.748768620340148e-06,"L:V:2,V:V:16,M:V:1",1.0,V,0.000,negative,0.6666666666666666,0.6685660018993352,0.892,-
nonstructural_protein_NS1,237,4.88811898957664e-07,"L:3124,?:23,I:1,P:2",2.0983144930865577e-06,"I:L:1,L:L:45,L:P:2",1.0,L,0.000,negative,0.6666666666666666,0.6685660018993352,1.133,-
nonstructural_protein_NS1,238,5.885909700531489e-05,"E:3130,?:20",0.00013170634100402877,E:E:10,1.0,E,0.000,negative,0.6666666666666666,0.6685660018993352,1.058,-
nonstructural_protein_NS1,239,0.0001013996493819391,"S:3128,?:21,G:1",0.00020279929876387823,"S:S:16,G:S:1",1.0,S,0.000,negative,0.6666666666666666,0.6685660018993352,0.622,-
nonstructural_protein_NS1,240,8.277047394555925e-05,"E:3130,?:19,D:1",0.00017054460801078943,"E:E:15,D:E:1",1.0,E,0.000,negative,0.6666666666666666,0.6685660018993352,0.876,-
nonstructural_protein_NS1,25,4.307665335545607e-14,"V:3134,?:13,A:1,I:2",5.366966130774624e-12,"V:V:39,A:V:1,I:V:2",1.0,V,0.000,negative,0.6666666666666666,0.6685660018993352,2.308,-
nonstructural_protein_NS1,241,1.0,"M:3130,?:19,E:1",1.0,E:M:1,1.0,M,0.000,neutral,0.6666666666666666,0.6685660018993352,0.000,-
nonstructural_protein_NS1,242,0.1777148996039972,"I:3079,?:19,Q:1,V:51",0.2011435519633666,"I:Q:1,I:V:16,V:V:2,I:I:1",1.0,I,0.327,neutral,0.6666666666666666,0.6685660018993352,0.896,-
nonstructural_protein_NS1,243,6.718891386592318e-07,"I:3125,?:22,F:1,V:2",2.815535438191067e-06,"I:I:24,F:I:1,I:V:2,?:I:1",1.0,I,0.000,negative,0.6666666666666666,0.6685660018993352,0.864,-
nonstructural_protein_NS1,244,9.702734770522525e-06,"P:3128,?:21,S:1",2.6892619206487628e-05,"P:S:1,P:P:9",1.0,P,0.000,negative,0.6666666666666666,0.6685660018993352,0.718,-
nonstructural_protein_NS1,245,0.0005411098004030057,"K:3126,?:21,Q:1,R:2",0.0008818085636197131,"K:Q:1,K:K:11,K:R:2",1.0,K,0.000,negative,0.6666666666666666,0.6685660018993352,0.725,-
nonstructural_protein_NS1,246,0.2399994720991629,"N:3022,?:21,S:99,D:2,H:2,G:3,T:1",0.26649783652651526,"N:S:11,N:N:19,D:N:1,H:N:1,G:S:1,S:T:1,S:S:1",1.0,N,0.458,neutral,0.6666666666666666,0.6685660018993352,0.776,-
nonstructural_protein_NS1,247,0.522281161640407,"L:1026,F:1938,?:23,Y:4,I:156,M:3",0.5639354874154088,"F:L:26,F:F:8,F:Y:4,F:I:3,I:M:1,L:L:10",0.3918369144066403,F,0.611,neutral,0.6666666666666666,0.6685660018993352,0.765,-
nonstructural_protein_NS1,248,6.283863263067957e-08,"A:3128,?:21,V:1",3.567612691290195e-07,"A:A:27,A:V:1",1.0,A,0.000,negative,0.6666666666666666,0.6685660018993352,1.101,-
nonstructural_protein_NS1,249,0.0001536387849988552,"G:3129,?:21",0.0002876641080829629,G:G:11,1.0,G,0.000,negative,0.6666666666666666,0.6685660018993352,0.757,-
nonstructural_protein_NS1,250,3.028504465418802e-05,"P:3130,?:20",7.507278674840974e-05,P:P:8,1.0,P,0.000,negative,0.6666666666666666,0.6685660018993352,0.639,-
nonstructural_protein_NS1,26,4.045581103451212e-08,"H:3134,?:15,R:1",2.542936693597905e-07,"H:H:24,H:R:1",1.0,H,0.000,negative,0.6666666666666666,0.6685660018993352,1.076,-
nonstructural_protein_NS1,251,2.296709362503702e-05,"V:3113,?:21,A:11,E:1,M:3,I:1",5.816127306484195e-05,"V:V:18,A:V:7,E:V:1,M:V:3,I:V:1",1.0,V,0.054,negative,0.6666666666666666,0.6685660018993352,0.953,-
nonstructural_protein_NS1,252,4.24206962890139e-08,"S:3129,?:21",2.574497429953947e-07,S:S:20,1.0,S,0.000,negative,0.6666666666666666,0.6685660018993352,1.143,-
nonstructural_protein_NS1,253,0.001659510834311373,"Q:3128,?:22",0.0024935967181729294,Q:Q:9,1.0,Q,0.000,negative,0.6666666666666666,0.6685660018993352,0.920,-
nonstructural_protein_NS1,254,3.484793109631568e-08,"H:3128,?:22",2.3144286313024754e-07,H:H:24,1.0,H,0.000,negative,0.6666666666666666,0.6685660018993352,1.089,-
nonstructural_protein_NS1,255,1.856103747366333e-07,"N:3127,?:22,I:1",8.829034041526341e-07,"N:N:31,I:N:1",1.0,N,0.000,negative,0.6666666666666666,0.6685660018993352,1.370,-
nonstructural_protein_NS1,256,0.007561803907862319,"Y:3069,N:29,H:36,?:13,C:2,F:1",0.010397480373310689,"Y:Y:29,N:Y:2,H:Y:23,C:Y:1,F:Y:1",1.0,Y,0.429,negative,0.6666666666666666,0.6685660018993352,1.268,-
nonstructural_protein_NS1,257,0.01021780324187505,"R:3139,?:11",0.013675538939695885,R:R:4,1.0,R,0.000,negative,0.6666666666666666,0.6685660018993352,0.386,-
nonstructural_protein_NS1,258,0.04493521276039447,"P:3126,T:3,L:10,?:9,S:2",0.0543546216208208,"P:T:3,L:P:4,P:P:6,P:S:2",1.0,P,0.122,neutral,0.6457026988366045,0.6685660018993352,0.477,-
nonstructural_protein_NS1,259,9.477032263394136e-07,"G:3141,?:9",3.7065726185719287e-06,G:G:27,1.0,G,0.000,negative,0.6666666666666666,0.6685660018993352,1.088,-
nonstructural_protein_NS1,260,6.103142069502354e-08,"Y:3138,?:11,N:1",3.567612691290195e-07,"Y:Y:31,N:Y:1",1.0,Y,0.000,negative,0.6666666666666666,0.6685660018993352,1.334,-
nonstructural_protein_NS1,27,5.495519540987814e-06,"T:3130,?:17,A:3",1.639341422396365e-05,"T:T:12,A:T:3",1.0,T,0.000,negative,0.6666666666666666,0.6685660018993352,0.951,-
nonstructural_protein_NS1,261,4.46931380793103e-12,"H:3062,Y:72,Q:1,R:2,P:3,?:10",1.9664980754896533e-10,"H:H:76,H:Y:18,H:Q:1,H:R:2,H:P:2,Y:Y:1",1.0,H,0.508,negative,0.6666666666666666,0.6685660018993352,3.380,-
nonstructural_protein_NS1,262,9.020161857442588e-07,"T:3142,?:8",3.5675246896851584e-06,T:T:14,1.0,T,0.000,negative,0.6666666666666666,0.6685660018993352,1.111,-
nonstructural_protein_NS1,263,0.0004323593728938757,"Q:3139,?:11",0.0007212819870077927,Q:Q:11,1.0,Q,0.000,negative,0.6666666666666666,0.6685660018993352,1.161,-
nonstructural_protein_NS1,264,0.02370954413307602,"I:864,T:2260,?:16,V:9,L:1",0.029806284053009856,"I:T:21,T:T:15,I:V:5,I:L:1,I:I:1",1.0,T,0.623,negative,0.3024812810045674,0.6685660018993352,1.483,-
nonstructural_protein_NS1,265,0.2314308337101709,"T:9,A:3123,V:5,?:13",0.2577963717277853,"A:T:6,A:V:5,A:A:5",1.0,A,0.168,neutral,0.6666666666666666,0.6685660018993352,0.396,-
nonstructural_protein_NS1,266,0.09069916474542161,"G:3139,?:11",0.10467575734553576,G:G:2,1.0,G,0.000,neutral,0.6666666666666666,0.6685660018993352,0.159,-
nonstructural_protein_NS1,267,1.717492814634625e-11,"P:3137,?:13",5.4959770068308e-10,P:P:31,1.0,P,0.000,negative,0.6666666666666666,0.6685660018993352,1.360,-
nonstructural_protein_NS1,268,0.5287783439535796,"W:3135,?:13,C:1,G:1",0.5692048228491132,"C:W:1,G:W:1",1.0,W,0.000,neutral,0.6666666666666666,0.6685660018993352,36.852,-
nonstructural_protein_NS1,269,1.655315517989919e-08,"H:3135,Q:1,N:1,?:13",1.266676222461851e-07,"H:H:26,H:Q:1,H:N:1",1.0,H,0.000,negative,0.6666666666666666,0.6685660018993352,1.075,-
nonstructural_protein_NS1,270,5.715511807602436e-05,"L:3124,?:25,Q:1",0.000129797429437165,"L:L:31,L:Q:1",1.0,L,0.000,negative,0.6666666666666666,0.6685660018993352,0.716,-
nonstructural_protein_NS1,28,1.0,"W:3137,?:12,C:1",1.0,C:W:1,1.0,W,0.000,neutral,0.6666666666666666,0.6685660018993352,0.000,-
nonstructural_protein_NS1,271,2.317035452392702e-12,"G:3119,?:30,S:1",1.1651378274889016e-10,"G:G:61,G:S:1",1.0,G,0.000,negative,0.6666666666666666,0.6685660018993352,2.190,-
nonstructural_protein_NS1,272,0.7726162880951126,"K:2330,R:798,S:2,?:20",0.8241240406347868,"K:R:14,R:R:1,R:S:1,K:K:7",1.0,K,0.607,neutral,0.5468549109928242,0.6685660018993352,0.524,-
nonstructural_protein_NS1,273,1.48054504378603e-05,"L:3128,?:21,P:1",3.918435003102876e-05,"L:L:16,L:P:1",1.0,L,0.000,negative,0.6666666666666666,0.6685660018993352,0.506,-
nonstructural_protein_NS1,274,4.736114959780213e-05,"E:3127,?:22,K:1",0.00010896159907468204,"E:E:16,E:K:1",1.0,E,0.000,negative,0.6666666666666666,0.6685660018993352,0.936,-
nonstructural_protein_NS1,275,0.8571025268844026,"M:3089,V:35,?:21,I:4,L:1",0.9060062746645937,"M:V:1,I:M:2,L:M:1",1.0,M,0.078,neutral,0.6169775635425833,0.6685660018993352,0.000,-
nonstructural_protein_NS1,276,0.002597912095578914,"D:3130,?:20",0.0038102710735157404,D:D:10,1.0,D,0.000,negative,0.6666666666666666,0.6685660018993352,0.454,-
nonstructural_protein_NS1,277,3.6142155435126e-07,"F:3129,?:21",1.610384647235994e-06,F:F:20,1.0,F,0.000,negative,0.6666666666666666,0.6685660018993352,0.788,-
nonstructural_protein_NS1,278,0.006560591520425096,"D:3023,E:17,G:4,N:69,?:23,H:1,A:13",0.009091843366888322,"D:D:25,D:E:2,D:G:4,D:N:9,N:N:1,D:H:1,A:D:1",1.0,D,0.294,negative,0.6586663474704354,0.6685660018993352,1.047,-
nonstructural_protein_NS1,279,0.009905275878556608,"F:2957,?:24,L:162,V:3,Y:4",0.013307851562030251,"F:L:24,F:F:21,F:V:1,L:L:3,F:Y:1",1.0,F,0.448,negative,0.4057111989418698,0.6685660018993352,1.129,-
nonstructural_protein_NS1,280,2.509319174670566e-08,"C:3127,?:23",1.8298084904873872e-07,C:C:27,1.0,C,0.000,negative,0.6666666666666666,0.6685660018993352,1.240,-
nonstructural_protein_NS1,29,0.0230121552895256,"T:3135,?:12,I:3",0.029137693028464067,"T:T:3,I:T:3",1.0,T,0.000,negative,0.6666666666666666,0.6685660018993352,0.237,-
nonstructural_protein_NS1,281,0.6495807462471181,"D:859,E:2259,R:1,K:5,?:23,G:2,V:1",0.6971110447530049,"D:E:4,E:R:1,E:K:5,E:E:3,D:G:2,D:D:3,D:V:1",1.0,E,0.383,neutral,0.6666666666666666,0.6685660018993352,0.504,-
nonstructural_protein_NS1,282,0.000364490694606201,"G:3127,?:23",0.0006198102632917041,G:G:9,1.0,G,0.000,negative,0.6666666666666666,0.6685660018993352,0.702,-
nonstructural_protein_NS1,283,1.516120562428114e-12,"T:3126,?:24",1.0673488759493923e-10,T:T:51,1.0,T,0.000,negative,0.6666666666666666,0.6685660018993352,1.893,-
nonstructural_protein_NS1,284,0.001299715393782042,"T:3131,?:19",0.002015417703133387,T:T:6,1.0,T,0.000,negative,0.6666666666666666,0.6685660018993352,0.475,-
nonstructural_protein_NS1,285,1.088447203922982e-06,"V:3132,?:18",4.1197141481816096e-06,V:V:18,1.0,V,0.000,negative,0.6666666666666666,0.6685660018993352,0.916,-
nonstructural_protein_NS1,286,0.190465903120267,"V:2441,I:647,M:8,A:2,?:18,G:1,T:32,L:1",0.21488460864850636,"V:V:13,I:V:10,M:V:2,A:V:1,G:V:1,I:T:12,I:M:2,I:L:1",1.0,V,0.496,neutral,0.06972285524618116,0.6685660018993352,0.871,-
nonstructural_protein_NS1,287,3.071908740381879e-05,"V:3131,?:18,M:1",7.545258982127262e-05,"V:V:13,M:V:1",1.0,V,0.000,negative,0.6666666666666666,0.6685660018993352,0.672,-
nonstructural_protein_NS1,288,0.02629278124983647,"T:3117,A:5,S:5,?:21,N:2",0.03281935815582424,"T:T:14,A:T:3,S:T:3,N:T:2",1.0,T,0.116,negative,0.6528825774221283,0.6685660018993352,0.478,-
nonstructural_protein_NS1,289,3.890622651825382e-06,"E:3111,D:15,G:4,?:20",1.22276711914512e-05,"E:E:27,D:E:1,E:G:4",1.0,E,0.086,negative,0.6666666666666666,0.6685660018993352,1.732,-
nonstructural_protein_NS1,290,0.03141368036331027,"D:3074,N:46,?:20,G:1,A:1,E:7,H:1",0.03866299121638187,"D:D:20,D:N:9,D:G:1,A:D:1,D:E:1,D:H:1",1.0,D,0.316,negative,0.6413405514812965,0.6685660018993352,0.915,-
nonstructural_protein_NS1,30,5.876628766166014e-06,"E:3137,?:13",1.7095647319755678e-05,E:E:13,1.0,E,0.000,negative,0.6666666666666666,0.6685660018993352,1.334,-
nonstructural_protein_NS1,291,4.112256832056183e-06,"C:3127,?:23",1.269749477968225e-05,C:C:20,1.0,C,0.000,negative,0.6666666666666666,0.6685660018993352,0.813,-
nonstructural_protein_NS1,292,0.001458809040945308,"G:3121,?:21,R:1,E:7",0.002222947110011898,"G:G:11,G:R:1,E:G:2",1.0,G,0.076,negative,0.6666666666666666,0.6685660018993352,0.871,-
nonstructural_protein_NS1,293,0.09895871336140238,"N:3095,I:1,S:25,?:21,K:8",0.11346406222545158,"N:N:24,I:N:1,N:S:7,K:N:2",1.0,N,0.460,neutral,0.6666666666666666,0.6685660018993352,0.933,-
nonstructural_protein_NS1,294,0.0191476069849178,"R:3127,?:21,I:2",0.024420136444532847,"R:R:6,I:R:1",1.0,R,0.084,negative,0.02841397689895919,0.6685660018993352,0.664,-
nonstructural_protein_NS1,295,0.08230290308182242,"G:3124,V:1,?:23,S:2",0.09529809830526807,"G:G:5,G:V:1,G:S:1",1.0,G,0.088,neutral,0.05677152808729524,0.6685660018993352,0.454,-
nonstructural_protein_NS1,296,9.385825450181073e-13,"P:3126,?:23,S:1",8.259526396159345e-11,"P:P:37,P:S:1",1.0,P,0.000,negative,0.6666666666666666,0.6685660018993352,1.502,-
nonstructural_protein_NS1,297,5.68968492309363e-06,"S:3123,A:2,?:24,P:1",1.668974244107465e-05,"S:S:20,A:S:2,P:S:1",1.0,S,0.000,negative,0.6666666666666666,0.6685660018993352,0.658,-
nonstructural_protein_NS1,298,3.22734241475775e-06,"L:3130,?:20",1.023445522517773e-05,L:L:31,1.0,L,0.000,negative,0.6666666666666666,0.6685660018993352,0.995,-
nonstructural_protein_NS1,299,0.004071388477585924,"R:3130,?:20",0.005778744935928409,R:R:5,1.0,R,0.000,negative,0.6666666666666666,0.6685660018993352,0.484,-
nonstructural_protein_NS1,300,9.853635585255205e-08,"T:3130,?:20",5.255272312136109e-07,T:T:18,1.0,T,0.000,negative,0.6666666666666666,0.6685660018993352,1.257,-
nonstructural_protein_NS1,4,1.916551917169329e-09,"C:3114,?:35,Y:1",2.0468252870387008e-08,"C:C:32,C:Y:1",1.0,C,0.000,negative,0.6666666666666666,0.6685660018993352,1.438,-
nonstructural_protein_NS1,31,4.254896100375216e-05,"Q:3136,?:14",0.00010051835082765611,Q:Q:15,1.0,Q,0.000,negative,0.6666666666666666,0.6685660018993352,1.569,-
nonstructural_protein_NS1,301,4.574118861455645e-14,"T:3128,S:1,?:21",5.366966130774624e-12,"T:T:60,S:T:1",1.0,T,0.000,negative,0.6666666666666666,0.6685660018993352,2.136,-
nonstructural_protein_NS1,302,5.176358065517306e-07,"T:3129,?:21",2.1952747458579416e-06,T:T:28,1.0,T,0.000,negative,0.6666666666666666,0.6685660018993352,0.924,-
nonstructural_protein_NS1,303,6.987111111911304e-09,"A:3129,?:21",6.148657778481948e-08,A:A:33,1.0,A,0.000,negative,0.6666666666666666,0.6685660018993352,1.236,-
nonstructural_protein_NS1,304,5.943719177181617e-05,"S:3131,?:18,A:1",0.00013170634100402877,"S:S:16,A:S:1",1.0,S,0.000,negative,0.6666666666666666,0.6685660018993352,0.512,-
nonstructural_protein_NS1,305,0.000151073233379373,"G:3130,?:20",0.00028590203306203926,G:G:10,1.0,G,0.000,negative,0.6666666666666666,0.6685660018993352,0.802,-
nonstructural_protein_NS1,306,0.0001227935142356085,"K:3128,I:1,?:21",0.00024012953894963438,"K:K:10,I:K:1",1.0,K,0.000,negative,0.6666666666666666,0.6685660018993352,0.987,-
nonstructural_protein_NS1,307,2.067359616830799e-10,"L:3121,?:28,I:1",2.910842340497765e-09,"L:L:29,I:L:1",1.0,L,0.000,negative,0.6666666666666666,0.6685660018993352,1.164,-
nonstructural_protein_NS1,308,0.4678327645064536,"I:3113,?:28,V:9",0.5119998448012295,I:V:2,1.0,I,0.093,neutral,0.3846460467282931,0.6685660018993352,0.000,-
nonstructural_protein_NS1,309,0.03846621889243229,"T:3101,?:28,A:20,S:1",0.046851588408775666,"T:T:5,A:T:4,S:T:1",1.0,T,0.058,negative,0.6666666666666666,0.6685660018993352,0.393,-
nonstructural_protein_NS1,310,7.989410148567799e-05,"E:3122,?:28",0.00016739716501761102,E:E:10,1.0,E,0.000,negative,0.6666666666666666,0.6685660018993352,1.003,-
nonstructural_protein_NS1,32,1.996069975973569e-12,"Y:3136,?:14",1.1651378274889016e-10,Y:Y:51,1.0,Y,0.000,negative,0.6666666666666666,0.6685660018993352,2.287,-
nonstructural_protein_NS1,311,0.9999999327433606,"W:3123,?:27",1.0,NA,1.0,W,0.000,neutral,0.6666666666666666,0.6685660018993352,0.153,-
nonstructural_protein_NS1,312,1.57350161467118e-06,"C:3122,?:28",5.430123219257405e-06,C:C:20,1.0,C,0.000,negative,0.6666666666666666,0.6685660018993352,0.919,-
nonstructural_protein_NS1,313,1.234631286095578e-10,"C:3123,?:27",2.287316908977071e-09,C:C:36,1.0,C,0.000,negative,0.6666666666666666,0.6685660018993352,1.660,-
nonstructural_protein_NS1,314,5.501652590378381e-05,"R:3112,?:38",0.0001257520592086487,R:R:18,1.0,R,0.000,negative,0.6666666666666666,0.6685660018993352,1.290,-
nonstructural_protein_NS1,315,7.338835068537719e-07,"S:3105,?:43,G:1,C:1",3.0038022606107875e-06,"S:S:23,G:S:1,C:S:1",1.0,S,0.000,negative,0.6666666666666666,0.6685660018993352,0.793,-
nonstructural_protein_NS1,316,3.041211891652296e-06,"C:3111,?:39",9.731878053287348e-06,C:C:19,1.0,C,0.000,negative,0.6666666666666666,0.6685660018993352,0.868,-
nonstructural_protein_NS1,317,1.209872775109755e-05,"T:3113,?:37",3.275963206451029e-05,T:T:11,1.0,T,0.000,negative,0.6666666666666666,0.6685660018993352,0.885,-
nonstructural_protein_NS1,318,3.504181088631597e-07,"L:3110,?:39,F:1",1.5813740297414388e-06,"L:L:36,F:L:1",1.0,L,0.000,negative,0.6666666666666666,0.6685660018993352,1.199,-
nonstructural_protein_NS1,319,0.03705956922115483,"P:3112,L:1,?:37",0.04545285144894251,"L:P:1,P:P:2",1.0,P,0.000,negative,0.6666666666666666,0.6685660018993352,0.159,-
nonstructural_protein_NS1,320,8.286160646520102e-11,"P:3113,?:37",1.8229553422344225e-09,P:P:29,1.0,P,0.000,negative,0.6666666666666666,0.6685660018993352,1.265,-
nonstructural_protein_NS1,33,0.0007466972624217139,"K:3134,?:13,N:1,R:2",0.001194715619874742,"K:K:10,K:N:1,K:R:2",1.0,K,0.000,negative,0.6666666666666666,0.6685660018993352,0.699,-
nonstructural_protein_NS1,321,0.003023666350084664,"L:3108,I:2,?:39,P:1",0.004398060145577693,"I:L:2,L:L:16,L:P:1",1.0,L,0.000,negative,0.6666666666666666,0.6685660018993352,0.387,-
nonstructural_protein_NS1,322,1.223660081806077e-05,"R:3116,?:33,K:1",3.288002662562894e-05,"R:R:13,K:R:1",1.0,R,0.000,negative,0.6666666666666666,0.6685660018993352,1.052,-
nonstructural_protein_NS1,323,2.555569089679466e-10,"Y:3109,F:1,?:35,D:5",3.4598473829506613e-09,"F:Y:1,Y:Y:39,D:Y:5",1.0,Y,0.000,negative,0.6666666666666666,0.6685660018993352,1.863,-
nonstructural_protein_NS1,324,0.7005630771650626,"R:2921,I:1,K:189,?:39",0.7495386114349606,"I:R:1,R:R:5,K:R:13,?:K:1",1.0,R,0.380,neutral,0.6596680554999574,0.6685660018993352,0.485,-
nonstructural_protein_NS1,325,0.001352343803337042,"G:3118,?:32",0.0020787118723783354,G:G:14,1.0,G,0.000,negative,0.6666666666666666,0.6685660018993352,0.444,-
nonstructural_protein_NS1,326,0.0002470997612908921,"E:3113,?:33,D:4",0.000446046748586636,"E:E:13,D:E:4",1.0,E,0.000,negative,0.6666666666666666,0.6685660018993352,0.759,-
nonstructural_protein_NS1,327,9.39874362138049e-05,"D:3109,?:41",0.00019123455229629667,D:D:18,1.0,D,0.000,negative,0.6666666666666666,0.6685660018993352,0.700,-
nonstructural_protein_NS1,328,2.255443890319953e-06,"G:3116,?:34",7.351076383265032e-06,G:G:17,1.0,G,0.000,negative,0.6666666666666666,0.6685660018993352,1.190,-
nonstructural_protein_NS1,329,9.513055332366349e-08,"C:3118,?:32",5.151685349219931e-07,C:C:25,1.0,C,0.000,negative,0.6666666666666666,0.6685660018993352,1.132,-
nonstructural_protein_NS1,330,1.0,"W:3117,?:32,G:1",1.0,G:W:1,1.0,W,0.000,neutral,0.6666666666666666,0.6685660018993352,0.118,-
nonstructural_protein_NS1,34,2.857763292674065e-08,"F:3137,?:13",1.9666890406820306e-07,F:F:22,1.0,F,0.000,negative,0.6666666666666666,0.6685660018993352,1.008,-
nonstructural_protein_NS1,331,1.129344395778276e-10,"Y:3108,?:42",2.2084957072997397e-09,Y:Y:43,1.0,Y,0.000,negative,0.6666666666666666,0.6685660018993352,1.913,-
nonstructural_protein_NS1,332,4.107497988403708e-06,"G:3120,R:2,?:28",1.269749477968225e-05,"G:G:18,G:R:2",1.0,G,0.000,negative,0.6666666666666666,0.6685660018993352,1.058,-
nonstructural_protein_NS1,333,1.0,"M:3127,?:22,L:1",1.0,L:M:1,1.0,M,0.000,neutral,0.6666666666666666,0.6685660018993352,0.000,-
nonstructural_protein_NS1,334,0.001883520443078268,"E:3126,?:23,D:1",0.002809318626964196,"E:E:6,D:E:1",1.0,E,0.000,negative,0.6666666666666666,0.6685660018993352,0.631,-
nonstructural_protein_NS1,335,2.271775473294824e-07,"I:3125,T:1,?:23,M:1",1.0662199554663708e-06,"I:T:1,I:I:24,I:M:1",1.0,I,0.000,negative,0.6666666666666666,0.6685660018993352,0.987,-
nonstructural_protein_NS1,336,1.812206105955561e-06,"R:3129,?:21",6.133620666311129e-06,R:R:14,1.0,R,0.000,negative,0.6666666666666666,0.6685660018993352,1.330,-
nonstructural_protein_NS1,337,1.0732152166959e-08,"P:3118,?:31,A:1",8.852235310666063e-08,"P:P:16,A:P:1",1.0,P,0.000,negative,0.6666666666666666,0.6685660018993352,1.160,-
nonstructural_protein_NS1,338,0.0003543419496584432,"L:3117,S:5,?:23,M:4,F:1",0.0006054775062124854,"L:L:20,L:S:5,L:M:4,F:L:1",1.0,L,0.000,negative,0.6666666666666666,0.6685660018993352,0.559,-
nonstructural_protein_NS1,339,2.254534376611161e-05,"K:3120,?:29,E:1",5.7506963809212224e-05,"K:K:12,E:K:1",1.0,K,0.000,negative,0.6666666666666666,0.6685660018993352,1.210,-
nonstructural_protein_NS1,340,4.404861364881718e-05,"E:3123,K:1,R:1,D:1,?:23,G:1",0.00010336741336255764,"E:K:1,E:R:1,E:E:15,D:E:1,E:G:1",1.0,E,0.000,negative,0.6666666666666666,0.6685660018993352,0.946,-
nonstructural_protein_NS1,35,3.965975544650835e-05,"Q:3137,?:13",9.561804052856807e-05,Q:Q:15,1.0,Q,0.000,negative,0.6666666666666666,0.6685660018993352,1.584,-
nonstructural_protein_NS1,341,0.01300054893369174,"K:3130,R:1,?:18,E:1",0.017011870723641232,"K:R:1,K:K:4,E:K:1",1.0,K,0.000,negative,0.6666666666666666,0.6685660018993352,0.419,-
nonstructural_protein_NS1,342,1.530620202472299e-06,"E:3127,?:23",5.387783112702492e-06,E:E:16,1.0,E,0.000,negative,0.6666666666666666,0.6685660018993352,1.450,-
nonstructural_protein_NS1,343,9.816238830784307e-06,"E:3129,K:1,?:17,G:1,A:1,D:1",2.6994656784656845e-05,"E:E:17,E:K:1,E:G:1,A:E:1,D:E:1",1.0,E,0.000,negative,0.6666666666666666,0.6685660018993352,1.137,-
nonstructural_protein_NS1,344,0.0002642405297053063,"N:3116,T:3,?:29,D:1,S:1",0.000474554420695244,"N:N:23,N:T:2,D:N:1,N:S:1",1.0,N,0.079,negative,0.6666666666666666,0.6685660018993352,0.966,-
nonstructural_protein_NS1,345,0.0001379269676076156,"L:3126,?:21,M:2,F:1",0.00026530214534361033,"L:L:43,L:M:2,?:L:2,F:L:1",1.0,L,0.158,negative,0.009443042495816178,0.4748501369324707,1.168,-
nonstructural_protein_NS1,346,1.804349902823077e-08,"V:3123,I:8,?:19",1.3513429059440917e-07,"V:V:37,I:V:7",1.0,V,0.054,negative,0.6666666666666666,0.6685660018993352,1.416,-
nonstructural_protein_NS1,347,0.0009461012357648846,"N:3091,Y:1,S:39,?:18,H:1",0.0015069123755169203,"N:N:26,N:Y:1,N:S:5,H:N:1,S:S:2",1.0,N,0.247,negative,0.6666666666666666,0.6685660018993352,1.273,-
nonstructural_protein_NS1,348,4.231848205193955e-11,"S:3132,?:18",1.145854283252517e-09,S:S:39,1.0,S,0.000,negative,0.6666666666666666,0.6685660018993352,1.433,-
nonstructural_protein_NS1,349,7.138656964833512e-05,"L:3129,?:21",0.0001522913485831149,L:L:25,1.0,L,0.000,negative,0.6666666666666666,0.6685660018993352,0.690,-
nonstructural_protein_NS1,350,0.0001036522347778179,"V:3128,?:17,A:5",0.0002057648037382859,"V:V:23,A:V:3",1.0,V,0.109,negative,0.6666666666666666,0.6685660018993352,0.934,-
nonstructural_protein_NS1,36,0.0003138088267183869,"P:3137,?:13",0.0005495557562431452,P:P:6,1.0,P,0.000,negative,0.6666666666666666,0.6685660018993352,0.475,-
nonstructural_protein_NS1,351,5.908275586874456e-05,"T:3034,?:36,S:80",0.00013170634100402877,"T:T:13,S:T:1",1.0,T,0.058,negative,0.6666666666666666,0.6685660018993352,1.018,-
nonstructural_protein_NS1,352,1.283197548218595e-08,"A:3134,?:16",1.0265580385748761e-07,A:A:30,1.0,A,0.000,negative,0.6666666666666666,0.6685660018993352,1.212,-
nonstructural_protein_NS1,37,0.02847749365638585,"E:3137,?:12,K:1",0.035420769494868616,"E:E:3,E:K:1",1.0,E,0.000,negative,0.6666666666666666,0.6685660018993352,0.312,-
nonstructural_protein_NS1,38,8.263877024816679e-05,"S:3125,?:14,A:7,F:4",0.00017054460801078943,"A:S:2,S:S:22,F:S:4",1.0,S,0.097,negative,0.6666666666666666,0.6685660018993352,0.873,-
nonstructural_protein_NS1,39,4.687297217031983e-10,"P:3134,?:16",6.110846742204659e-09,P:P:33,1.0,P,0.000,negative,0.6666666666666666,0.6685660018993352,1.077,-
nonstructural_protein_NS1,40,0.002316657973814085,"S:3131,?:15,P:4",0.003426317675556966,"P:S:4,S:S:5",1.0,S,0.000,negative,0.6666666666666666,0.6685660018993352,0.395,-
nonstructural_protein_NS1,5,0.0792285089195921,"V:2975,?:23,D:2,I:146,A:1,G:3",0.09204104006500469,"V:V:21,D:V:2,I:V:10,A:V:1,G:V:2",1.0,V,0.327,neutral,0.0124842585070527,0.5493073743103188,0.700,-
nonstructural_protein_NS1,41,6.886361299196508e-06,"K:3136,?:13,R:1",1.9391993418537367e-05,"K:K:16,K:R:1",1.0,K,0.000,negative,0.6666666666666666,0.6685660018993352,1.283,-
nonstructural_protein_NS1,42,7.682004300124667e-06,"L:3136,?:14",2.1460837409872088e-05,L:L:40,1.0,L,0.000,negative,0.6666666666666666,0.6685660018993352,0.879,-
nonstructural_protein_NS1,43,1.443784883203847e-06,"A:3135,?:14,T:1",5.192544797947918e-06,"A:A:26,A:T:1",1.0,A,0.000,negative,0.6666666666666666,0.6685660018993352,0.825,-
nonstructural_protein_NS1,44,0.06383473824754815,"S:3131,?:14,A:5",0.07489942621045649,"S:S:4,A:S:2",1.0,S,0.051,neutral,0.6666666666666666,0.6685660018993352,0.316,-
nonstructural_protein_NS1,45,1.547085792807934e-10,"A:3137,?:13",2.3282651362421806e-09,A:A:45,1.0,A,0.000,negative,0.6666666666666666,0.6685660018993352,1.468,-
nonstructural_protein_NS1,46,5.949235289670618e-05,"I:3131,?:15,V:4",0.00013170634100402877,"I:I:19,I:V:3",1.0,I,0.055,negative,0.6666666666666666,0.6685660018993352,0.831,-
nonstructural_protein_NS1,47,0.01136021847556901,"Q:3122,?:16,K:6,L:2,H:4",0.014976767428465512,"Q:Q:14,K:Q:6,L:Q:2,H:Q:1",1.0,Q,0.141,negative,0.6666666666666666,0.6685660018993352,1.005,-
nonstructural_protein_NS1,48,0.0001747563667763297,"K:3124,?:18,R:8",0.0003237591637119371,"K:K:15,?:K:1,K:R:5",1.0,K,0.091,negative,0.6666666666666666,0.6685660018993352,1.306,-
nonstructural_protein_NS1,49,1.445651676701409e-06,"A:3133,?:16,G:1",5.192544797947918e-06,"A:A:26,A:G:1",1.0,A,0.000,negative,0.6666666666666666,0.6685660018993352,0.824,-
nonstructural_protein_NS1,50,0.01331518614556482,"H:2241,?:14,Y:12,R:2,Q:880,K:1",0.017359057493477097,"H:Y:9,H:H:12,H:R:1,H:Q:2,Q:Q:3,Q:R:1,K:Q:1",1.0,H,0.176,negative,0.6666666666666666,0.6685660018993352,0.697,-
nonstructural_protein_NS1,6,0.005102942321148163,"V:3125,?:20,A:3,M:1,G:1",0.007156317518104196,"A:V:3,V:V:6,M:V:1,G:V:1",1.0,V,0.000,negative,0.6666666666666666,0.6685660018993352,0.302,-
nonstructural_protein_NS1,51,0.02348669250960989,"E:3122,?:15,K:3,A:1,Q:9",0.029631956141156563,"E:K:2,E:E:8,A:E:1,E:Q:1",1.0,E,0.171,negative,0.6666666666666666,0.6685660018993352,0.836,-
nonstructural_protein_NS1,52,9.239027320973037e-10,"E:3130,?:16,D:2,Q:1,G:1",1.1214267644767272e-08,"E:E:32,D:E:2,E:Q:1,E:G:1",1.0,E,0.000,negative,0.6666666666666666,0.6685660018993352,2.205,-
nonstructural_protein_NS1,53,0.0001183545555987209,"G:3136,?:14",0.00023274191938966345,G:G:15,1.0,G,0.000,negative,0.6666666666666666,0.6685660018993352,0.698,-
nonstructural_protein_NS1,54,0.046318353838669,"I:3127,?:14,V:6,M:1,T:2",0.055645257853964125,"I:I:12,I:V:2,I:M:1,I:T:2",1.0,I,0.107,neutral,0.6468392463189911,0.6685660018993352,0.402,-
nonstructural_protein_NS1,55,1.907268960743558e-05,"C:3137,?:13",4.936460839571562e-05,C:C:18,1.0,C,0.000,negative,0.6666666666666666,0.6685660018993352,0.688,-
nonstructural_protein_NS1,56,0.0001728193296990366,"G:3135,?:15",0.00032186457171460783,G:G:11,1.0,G,0.000,negative,0.6666666666666666,0.6685660018993352,0.741,-
nonstructural_protein_NS1,57,2.165046896540623e-06,"I:3135,?:14,M:1",7.122397267124293e-06,"I:I:20,I:M:1",1.0,I,0.000,negative,0.6666666666666666,0.6685660018993352,0.828,-
nonstructural_protein_NS1,58,1.608395244767635e-07,"R:3136,?:13,G:1",7.809727205023922e-07,"R:R:23,G:R:1",1.0,R,0.000,negative,0.6666666666666666,0.6685660018993352,0.906,-
nonstructural_protein_NS1,59,0.001241632921776481,"S:3136,?:14",0.0019338707454217756,S:S:6,1.0,S,0.000,negative,0.6666666666666666,0.6685660018993352,0.427,-
nonstructural_protein_NS1,60,7.24160504783633e-07,"V:3125,?:15,E:1,A:7,I:2",2.9988764433392803e-06,"V:V:20,E:V:1,A:V:7,I:V:1",1.0,V,0.109,negative,0.6666666666666666,0.6685660018993352,1.590,-
nonstructural_protein_NS1,7,2.804625478747269e-06,"S:3125,?:22,C:3",9.057139160725125e-06,"S:S:28,C:S:2",1.0,S,0.067,negative,0.6666666666666666,0.6685660018993352,1.268,-
nonstructural_protein_NS1,61,0.06240929930245398,"T:3130,A:7,?:12,R:1",0.07347181723900936,"A:T:2,R:T:1,T:T:6",1.0,T,0.116,neutral,0.6548001201303848,0.6685660018993352,0.468,-
nonstructural_protein_NS1,62,0.04626641102553908,"R:3133,?:14,S:1,G:2",0.055645257853964125,"R:S:1,R:R:5,G:R:1",1.0,R,0.075,neutral,0.6666666666666666,0.6685660018993352,0.480,-
nonstructural_protein_NS1,63,4.201759945754446e-06,"L:3130,?:19,W:1",1.2861039138309262e-05,"L:L:38,L:W:1",1.0,L,0.000,negative,0.6666666666666666,0.6685660018993352,0.923,-
nonstructural_protein_NS1,64,0.01125301706878234,"E:3131,?:16,R:1,D:2",0.014905161145441097,"E:R:1,E:E:11,D:E:1",1.0,E,0.086,negative,0.6666666666666666,0.6685660018993352,0.652,-
nonstructural_protein_NS1,65,7.206001029025355e-05,"N:3131,?:17,K:2",0.00015280194953114007,"N:N:19,K:N:2,?:N:1",1.0,N,0.000,negative,0.6666666666666666,0.6685660018993352,0.760,-
nonstructural_protein_NS1,66,0.008956721560453351,"L:3125,?:19,I:6",0.012126023035690691,"L:L:25,I:L:1",1.0,L,0.075,negative,0.6666666666666666,0.6685660018993352,0.524,-
nonstructural_protein_NS1,67,0.9999999248047912,"M:3133,?:17",1.0,NA,1.0,M,0.000,neutral,0.6666666666666666,0.6685660018993352,0.153,-
nonstructural_protein_NS1,68,0.9999999327433606,"W:3133,?:17",1.0,NA,1.0,W,0.000,neutral,0.6666666666666666,0.6685660018993352,0.153,-
nonstructural_protein_NS1,69,0.0001767991565665428,"K:3129,?:15,R:4,Q:1,N:1",0.0003258288121016914,"K:K:13,K:R:2,K:Q:1,K:N:1",1.0,K,0.090,negative,0.6666666666666666,0.6685660018993352,1.366,-
nonstructural_protein_NS1,70,0.001655706764454812,"Q:3134,?:16",0.0024935967181729294,Q:Q:9,1.0,Q,0.000,negative,0.6666666666666666,0.6685660018993352,0.919,-
nonstructural_protein_NS1,8,1.0,"W:3125,?:23,L:1,E:1",1.0,"L:W:1,E:W:1",1.0,W,0.000,neutral,0.6666666666666666,0.6685660018993352,0.000,-
nonstructural_protein_NS1,71,0.4969858509789323,"I:3123,?:15,M:1,V:10,T:1",0.5382739062910282,"I:I:1,I:M:1,I:V:5,I:T:1",1.0,I,0.139,neutral,0.6344823022438933,0.6685660018993352,0.325,-
nonstructural_protein_NS1,72,0.008662780646864876,"T:3134,?:15,P:1",0.011818987549210994,"P:T:1,T:T:4",1.0,T,0.000,negative,0.6666666666666666,0.6685660018993352,0.316,-
nonstructural_protein_NS1,73,0.02410123645196771,"P:3092,Q:17,?:14,S:25,L:2",0.030190872708514713,"P:Q:2,P:P:7,P:S:5,L:P:2",1.0,P,0.123,negative,0.657304663617202,0.6685660018993352,0.535,-
nonstructural_protein_NS1,74,6.188246762672822e-05,"E:3139,?:11",0.00013529582984228778,E:E:10,1.0,E,0.000,negative,0.6666666666666666,0.6685660018993352,1.048,-
nonstructural_protein_NS1,75,9.99636687981642e-07,"L:3136,M:1,?:13",3.866726529335582e-06,"L:L:43,L:M:1",1.0,L,0.000,negative,0.6666666666666666,0.6685660018993352,1.043,-
nonstructural_protein_NS1,76,4.207752668516918e-07,"N:3137,K:1,?:12",1.8285542460715497e-06,"N:N:31,K:N:1",1.0,N,0.000,negative,0.6666666666666666,0.6685660018993352,1.218,-
nonstructural_protein_NS1,77,1.321055487224498e-10,"H:3135,Y:3,?:12",2.325057657515116e-09,"H:Y:3,H:H:33",1.0,H,0.000,negative,0.6666666666666666,0.6685660018993352,1.467,-
nonstructural_protein_NS1,78,1.550983618425761e-06,"I:3137,R:1,?:12",5.405408254315524e-06,"I:I:23,I:R:1",1.0,I,0.000,negative,0.6666666666666666,0.6685660018993352,0.802,-
nonstructural_protein_NS1,79,6.257972122691857e-05,"L:3135,T:1,?:13,P:1",0.0001359756905671317,"L:L:30,L:T:1,L:P:1",1.0,L,0.000,negative,0.6666666666666666,0.6685660018993352,0.708,-
nonstructural_protein_NS1,80,0.348364622460234,"S:1600,T:650,A:883,P:2,?:12,L:2,V:1",0.38320108470625736,"S:T:3,A:T:3,P:T:2,T:T:1,L:S:2,S:S:2,A:S:3,A:A:3,A:V:1",0.437601145885367,S,0.268,neutral,0.6178125072378707,0.6685660018993352,0.473,-
nonstructural_protein_NS1,9,6.183131656967156e-05,"K:3104,?:29,R:9,N:2,E:6",0.00013529582984228778,"K:K:13,K:R:9,K:N:2,E:K:6",1.0,K,0.000,negative,0.6666666666666666,0.6685660018993352,1.386,-
nonstructural_protein_NS1,81,1.152282579841568e-05,"E:3136,?:13,Q:1",3.144212931040557e-05,"E:E:11,E:Q:1",1.0,E,0.000,negative,0.6666666666666666,0.6685660018993352,1.257,-
nonstructural_protein_NS1,82,0.0004971656879743103,"N:3137,?:13",0.000817767860593258,N:N:15,1.0,N,0.000,negative,0.6666666666666666,0.6685660018993352,0.570,-
nonstructural_protein_NS1,83,0.005591104964794091,"E:3133,?:11,K:1,D:2,G:3",0.007809797411140953,"E:E:16,E:K:1,D:E:1,E:G:2",1.0,E,0.171,negative,0.6666666666666666,0.6685660018993352,0.942,-
nonstructural_protein_NS1,84,0.0003693164962174089,"V:2883,I:180,?:15,A:70,M:2",0.0006249971474448459,"V:V:21,I:V:8,A:V:9,M:V:2",1.0,V,0.326,negative,0.6636641253779778,0.6685660018993352,1.449,-
nonstructural_protein_NS1,85,0.003227438188983189,"K:3133,R:5,?:11,Q:1",0.004675136800502397,"K:R:3,K:K:18,K:Q:1",1.0,K,0.183,negative,0.6666666666666666,0.6685660018993352,1.071,-
nonstructural_protein_NS1,86,2.756533724612709e-07,"L:3134,?:12,M:3,F:1",1.2767103566627284e-06,"L:L:52,L:M:2,F:L:1",1.0,L,0.075,negative,0.6666666666666666,0.6685660018993352,1.509,-
nonstructural_protein_NS1,87,4.176464196703478e-08,"T:3125,?:13,S:12",2.574497429953947e-07,"T:T:40,S:T:1",1.0,T,0.058,negative,0.6666666666666666,0.6685660018993352,1.394,-
nonstructural_protein_NS1,88,6.597608126490684e-09,"I:3091,?:11,V:48",6.111468580328212e-08,"I:I:43,I:V:3",1.0,I,0.109,negative,0.6666666666666666,0.6685660018993352,1.697,-
nonstructural_protein_NS1,89,0.4756959441312891,"M:3136,?:11,I:3",0.5168054701673264,I:M:3,1.0,M,0.000,neutral,0.6666666666666666,0.6685660018993352,327.078,-
nonstructural_protein_NS1,90,0.003332606557317375,"T:3123,?:11,I:1,A:15",0.004807694705638181,"I:T:1,T:T:8,A:T:3",1.0,T,0.058,negative,0.6666666666666666,0.6685660018993352,0.634,-
nonstructural_protein_NS1,10,6.222748310968917e-06,"N:3078,?:29,S:40,T:1,I:1,K:1",1.780819028830129e-05,"N:N:31,N:S:4,N:T:1,I:N:1,K:N:1",1.0,N,0.081,negative,0.6666666666666666,0.6685660018993352,1.399,-
nonstructural_protein_NS1,91,0.0007442174478377028,"G:3139,?:11",0.001194715619874742,G:G:8,1.0,G,0.000,negative,0.6666666666666666,0.6685660018993352,0.633,-
nonstructural_protein_NS1,92,0.0005096667633643914,"D:3130,?:11,G:4,N:4,E:1",0.0008344311660663525,"D:D:20,D:G:4,D:N:2,D:E:1",1.0,D,0.079,negative,0.6666666666666666,0.6685660018993352,0.907,-
nonstructural_protein_NS1,93,1.039232669031165e-06,"I:3046,?:13,V:8,T:82,M:1",3.976194559771414e-06,"I:I:46,I:V:7,I:T:12,T:T:3,I:M:1",1.0,I,0.327,negative,0.6666666666666666,0.6685660018993352,1.847,-
nonstructural_protein_NS1,94,0.157059452892585,"K:3076,?:10,R:63,N:1",0.17891562271258873,"K:R:11,K:K:8,K:N:1",1.0,K,0.359,neutral,0.4033467211911937,0.6685660018993352,0.835,-
nonstructural_protein_NS1,95,0.2156016512267092,"G:3125,?:20,D:1,S:4",0.24092628962476711,"D:G:1,G:G:3,G:S:2",1.0,G,0.076,neutral,0.6666666666666666,0.6685660018993352,0.274,-
nonstructural_protein_NS1,96,0.000690331966464619,"I:3094,?:23,T:7,V:8,F:18",0.0011146644596125958,"I:I:25,I:T:7,I:V:6,F:I:9",1.0,I,0.219,negative,0.2070627121856508,0.6685660018993352,1.037,-
nonstructural_protein_NS1,97,1.0,"M:3128,?:19,L:1,T:1,I:1",1.0,"L:M:1,M:T:1,I:M:1",1.0,M,0.000,neutral,0.6666666666666666,0.6685660018993352,0.110,-
nonstructural_protein_NS1,98,0.1022437505330394,"Q:3112,?:22,R:4,P:3,H:8,E:1",0.11685000060918788,"Q:Q:18,Q:R:1,P:Q:1,H:Q:2,E:Q:1",1.0,Q,0.417,neutral,0.6666666666666666,0.6685660018993352,1.048,-
nonstructural_protein_NS1,99,0.03025643628117469,"A:3074,?:19,V:27,T:11,S:1,G:15,P:2,I:1",0.03736935288060873,"A:A:7,A:V:4,A:T:1,S:T:1,A:G:2,A:P:2,V:V:1,I:V:1",1.0,A,0.227,negative,0.6666666666666666,0.6685660018993352,0.771,-
nonstructural_protein_NS1,100,0.003472594277032615,"G:3128,?:22",0.004948798321925022,G:G:6,1.0,G,0.000,negative,0.6666666666666666,0.6685660018993352,0.475,-
nonstructural_protein_NS3,1,1.149830231028659e-10,A:3874,1.3665290053379062e-09,NA,1.0,A,0.000,negative,0.6666666666666666,0.6666666666666666,1.358,-
nonstructural_protein_NS3,2,0.006127806013182635,G:3874,0.007454693142021395,NA,1.0,G,0.000,negative,0.6666666666666666,0.6666666666666666,0.372,-
nonstructural_protein_NS3,11,0.007085160676856828,P:3874,0.008495879768120683,NA,1.0,P,0.042,negative,0.6666666666666666,0.6666666666666666,0.445,-
nonstructural_protein_NS3,101,4.209965709378594e-13,E:3874,1.626099255247482e-11,NA,1.0,E,0.000,negative,0.6666666666666666,0.6666666666666666,2.620,-
nonstructural_protein_NS3,102,1.297487038920409e-07,P:3874,4.6619011049582137e-07,NA,1.0,P,0.000,negative,0.6666666666666666,0.6666666666666666,0.819,-
nonstructural_protein_NS3,103,1.8650636590678e-12,G:3874,4.632667582882276e-11,NA,1.0,G,0.000,negative,0.6666666666666666,0.6666666666666666,2.453,-
nonstructural_protein_NS3,104,8.485361342458475e-06,K:3874,1.76564084499641e-05,NA,1.0,K,0.000,negative,0.6666666666666666,0.6666666666666666,0.989,-
nonstructural_protein_NS3,105,1.704291066750852e-05,N:3874,3.1820298466828594e-05,NA,1.0,N,0.000,negative,0.6666666666666666,0.6666666666666666,0.760,-
nonstructural_protein_NS3,106,1.779748949437554e-06,P:3874,4.602028664236018e-06,NA,1.0,P,0.085,negative,0.6666666666666666,0.6666666666666666,1.209,-
nonstructural_protein_NS3,107,0.07274217197000143,R:3874,0.07984842322817208,NA,1.0,R,0.059,neutral,0.6666666666666666,0.6666666666666666,0.350,-
nonstructural_protein_NS3,108,8.541769513925601e-10,A:3874,7.284159734847766e-09,NA,1.0,A,0.000,negative,0.6666666666666666,0.6666666666666666,1.209,-
nonstructural_protein_NS3,109,4.128969528505166e-07,V:3874,1.2952807962518743e-06,NA,1.0,V,0.000,negative,0.6666666666666666,0.6666666666666666,0.858,-
nonstructural_protein_NS3,110,0.2704383659502357,Q:3874,0.28815674165042354,NA,1.0,Q,0.000,neutral,0.6666666666666666,0.6666666666666666,0.094,-
nonstructural_protein_NS3,12,2.266076215562407e-12,P:3874,5.2973378769946865e-11,NA,1.0,P,0.000,negative,0.6666666666666666,0.6666666666666666,1.515,-
nonstructural_protein_NS3,111,1.915279046471596e-11,T:3874,3.034980642870375e-10,NA,1.0,T,0.000,negative,0.6666666666666666,0.6666666666666666,1.679,-
nonstructural_protein_NS3,112,1.158047770632997e-05,K:3874,2.286496876201892e-05,NA,1.0,K,0.000,negative,0.6666666666666666,0.6666666666666666,1.049,-
nonstructural_protein_NS3,113,1.141423844330802e-09,P:3874,9.043588920467125e-09,NA,1.0,P,0.000,negative,0.6666666666666666,0.6666666666666666,1.088,-
nonstructural_protein_NS3,114,1.478338802674006e-05,G:3874,2.828524396447479e-05,NA,1.0,G,0.000,negative,0.6666666666666666,0.6666666666666666,0.792,-
nonstructural_protein_NS3,115,0.007517345409714604,L:3874,0.008934075890776202,NA,1.0,L,0.228,negative,0.6666666666666666,0.6666666666666666,0.758,-
nonstructural_protein_NS3,116,1.110223024625157e-16,F:3874,1.372235658436694e-14,NA,1.0,F,0.000,negative,0.6666666666666666,0.6666666666666666,2.167,-
nonstructural_protein_NS3,117,3.263772006067978e-05,K:3874,5.713912463881049e-05,NA,1.0,K,0.136,negative,0.6666666666666666,0.6666666666666666,1.498,-
nonstructural_protein_NS3,118,2.314370917133601e-12,T:3874,5.2973378769946865e-11,NA,1.0,T,0.000,negative,0.6666666666666666,0.6666666666666666,1.554,-
nonstructural_protein_NS3,119,0.01327675642419646,N:3874,0.015365234962834104,NA,1.0,N,0.388,negative,0.6103650662702333,0.6666666666666666,1.070,-
nonstructural_protein_NS3,120,1.079419562954875e-06,T:3874,3.0280619614879183e-06,NA,1.0,T,0.139,negative,0.6666666666666666,0.6666666666666666,1.261,-
nonstructural_protein_NS3,13,0.1438123109879186,V:3874,0.15537763669673724,NA,1.0,V,0.227,neutral,0.6666666666666666,0.6666666666666666,0.517,-
nonstructural_protein_NS3,121,0.0001206227513538272,G:3874,0.00019514361344676758,NA,1.0,G,0.000,negative,0.6666666666666666,0.6666666666666666,0.730,-
nonstructural_protein_NS3,122,0.005984925033017952,I:3874,0.007309651522539712,NA,1.0,I,0.181,negative,0.6488842578100031,0.6666666666666666,0.714,-
nonstructural_protein_NS3,123,0.003096724928898675,I:3874,0.00393781071205634,NA,1.0,I,0.040,negative,0.6666666666666666,0.6666666666666666,0.980,-
nonstructural_protein_NS3,124,4.600114733577243e-10,G:3874,4.73811817558456e-09,NA,1.0,G,0.000,negative,0.6666666666666666,0.6666666666666666,1.576,-
nonstructural_protein_NS3,125,6.884370462589828e-08,A:3874,2.780745716261774e-07,NA,1.0,A,0.000,negative,0.6666666666666666,0.6666666666666666,0.933,-
nonstructural_protein_NS3,126,2.926699993466286e-10,V:3874,3.1184493033830425e-09,NA,1.0,V,0.052,negative,0.6666666666666666,0.6666666666666666,1.917,-
nonstructural_protein_NS3,127,6.117037731900865e-08,S:3874,2.520219545543156e-07,NA,1.0,S,0.000,negative,0.6666666666666666,0.6666666666666666,0.884,-
nonstructural_protein_NS3,128,1.306382567745068e-05,L:3874,2.5388189524102265e-05,NA,1.0,L,0.000,negative,0.6666666666666666,0.6666666666666666,0.804,-
nonstructural_protein_NS3,129,3.102190001813554e-05,D:3874,5.493276278283027e-05,NA,1.0,D,0.000,negative,0.6666666666666666,0.6666666666666666,0.744,-
nonstructural_protein_NS3,130,2.799263058017587e-06,F:3874,6.837725572548888e-06,NA,1.0,F,0.000,negative,0.6666666666666666,0.6666666666666666,0.677,-
nonstructural_protein_NS3,14,0.05521382905646721,G:3874,0.06093240420874417,NA,1.0,G,1.434,neutral,0.0320709896266308,0.6666666666666666,0.685,-
nonstructural_protein_NS3,131,8.354472759153353e-07,S:3874,2.4126468061480243e-06,NA,1.0,S,0.042,negative,0.6666666666666666,0.6666666666666666,0.946,-
nonstructural_protein_NS3,132,6.19725858153064e-06,P:3874,1.3438265976792756e-05,NA,1.0,P,0.000,negative,0.6666666666666666,0.6666666666666666,0.599,-
nonstructural_protein_NS3,133,0.01476521115471829,G:3874,0.0170240680851043,NA,1.0,G,0.000,negative,0.6666666666666666,0.6666666666666666,0.292,-
nonstructural_protein_NS3,134,2.529966869335709e-08,T:3874,1.175578590413134e-07,NA,1.0,T,0.000,negative,0.6666666666666666,0.6666666666666666,1.038,-
nonstructural_protein_NS3,135,0.05182712844507009,S:3874,0.05750298990853378,NA,1.0,S,0.000,neutral,0.6666666666666666,0.6666666666666666,0.149,-
nonstructural_protein_NS3,136,0.0006089997642544365,G:3874,0.0008592736399754378,NA,1.0,G,0.000,negative,0.6666666666666666,0.6666666666666666,0.574,-
nonstructural_protein_NS3,137,0.0001750128583766219,S:3874,0.00027381758601709453,NA,1.0,S,0.000,negative,0.6666666666666666,0.6666666666666666,0.424,-
nonstructural_protein_NS3,138,0.0001766819592428082,P:3874,0.0002750364000303664,NA,1.0,P,0.000,negative,0.6666666666666666,0.6666666666666666,0.517,-
nonstructural_protein_NS3,139,8.710309806758687e-09,I:3874,5.175934096708527e-08,NA,1.0,I,0.000,negative,0.6666666666666666,0.6666666666666666,1.078,-
nonstructural_protein_NS3,140,0.0004433199293748524,V:3874,0.0006461597083812706,NA,1.0,V,0.153,negative,0.6666666666666666,0.6666666666666666,0.879,-
nonstructural_protein_NS3,15,5.938113247061505e-05,R:3874,0.00010081741721659368,NA,1.0,R,0.405,negative,0.6666666666666666,0.6666666666666666,1.895,-
nonstructural_protein_NS3,141,1.917357096981043e-06,D:3874,4.896391264191259e-06,NA,1.0,D,0.067,negative,0.6666666666666666,0.6666666666666666,1.274,-
nonstructural_protein_NS3,142,0.1471341417632474,K:3874,0.1586891790744972,NA,1.0,K,0.601,neutral,0.6666666666666666,0.6666666666666666,1.137,-
nonstructural_protein_NS3,143,0.1103045692743374,K:3874,0.11980355678653869,NA,0.8169526852562393,K,0.135,neutral,0.6474887585114475,0.6666666666666666,0.477,-
nonstructural_protein_NS3,144,1.861579745909836e-08,G:3874,9.532103504863882e-08,NA,1.0,G,0.000,negative,0.6666666666666666,0.6666666666666666,1.576,-
nonstructural_protein_NS3,145,4.558415356292755e-08,K:3874,1.9744682612442343e-07,NA,1.0,K,0.000,negative,0.6666666666666666,0.6666666666666666,1.599,-
nonstructural_protein_NS3,146,2.49854226197499e-08,V:3874,1.1697720590155636e-07,NA,1.0,V,0.051,negative,0.6666666666666666,0.6666666666666666,1.314,-
nonstructural_protein_NS3,147,2.515542205983046e-05,V:3874,4.506101690717456e-05,NA,1.0,V,0.000,negative,0.6666666666666666,0.6666666666666666,0.636,-
nonstructural_protein_NS3,148,4.688309382128164e-05,G:3874,8.070683003217843e-05,NA,1.0,G,0.000,negative,0.6666666666666666,0.6666666666666666,0.668,-
nonstructural_protein_NS3,149,1.569229017062135e-06,L:3874,4.1748156355827675e-06,NA,1.0,L,0.000,negative,0.6666666666666666,0.6666666666666666,0.702,-
nonstructural_protein_NS3,150,1.586814527443359e-05,Y:3874,3.017388855261526e-05,NA,1.0,Y,0.000,negative,0.6666666666666666,0.6666666666666666,0.792,-
nonstructural_protein_NS3,16,1.710952490796558e-10,A:3874,1.9580900728005055e-09,NA,1.0,A,0.000,negative,0.6666666666666666,0.6666666666666666,1.320,-
nonstructural_protein_NS3,151,4.25215418431435e-14,G:3874,2.0214086814663605e-12,NA,1.0,G,0.000,negative,0.6666666666666666,0.6666666666666666,2.334,-
nonstructural_protein_NS3,152,0.0007631785501439614,N:3874,0.001069488308365007,NA,1.0,N,0.000,negative,0.6666666666666666,0.6666666666666666,0.468,-
nonstructural_protein_NS3,153,6.830941136626301e-06,G:3874,1.4506947156134205e-05,NA,1.0,G,0.000,negative,0.6666666666666666,0.6666666666666666,0.820,-
nonstructural_protein_NS3,154,2.125977172084959e-11,V:3874,3.204521688654889e-10,NA,1.0,V,0.000,negative,0.6666666666666666,0.6666666666666666,1.517,-
nonstructural_protein_NS3,155,1.037714358886888e-11,V:3874,1.8807861934533325e-10,NA,1.0,V,0.000,negative,0.6666666666666666,0.6666666666666666,1.562,-
nonstructural_protein_NS3,156,6.253367104469554e-06,T:3874,1.3512520526441203e-05,NA,1.0,T,0.000,negative,0.6666666666666666,0.6666666666666666,0.789,-
nonstructural_protein_NS3,157,8.55035312941066e-06,R:3874,1.7713847600837927e-05,NA,1.0,R,0.000,negative,0.6666666666666666,0.6666666666666666,0.805,-
nonstructural_protein_NS3,158,0.1906642613421463,S:3874,0.20478891147006262,NA,1.0,S,0.167,neutral,0.6666666666666666,0.6666666666666666,0.380,-
nonstructural_protein_NS3,159,0.0005451297361565022,G:3874,0.000778037360149465,NA,1.0,G,0.000,negative,0.6666666666666666,0.6666666666666666,0.590,-
nonstructural_protein_NS3,160,0.8394266134608552,T:3874,0.8777760526544983,NA,1.0,T,0.337,neutral,0.58867008049381,0.6666666666666666,0.294,-
nonstructural_protein_NS3,17,0.00939369575920923,E:3874,0.010953403734323216,NA,1.0,E,0.000,negative,0.6666666666666666,0.6666666666666666,0.377,-
nonstructural_protein_NS3,161,1.381170935399467e-07,Y:3874,4.905538149867073e-07,NA,1.0,Y,0.000,negative,0.6666666666666666,0.6666666666666666,1.191,-
nonstructural_protein_NS3,162,3.954524889326905e-06,V:3874,9.327848784748196e-06,NA,1.0,V,0.000,negative,0.6666666666666666,0.6666666666666666,0.775,-
nonstructural_protein_NS3,163,1.825649359277204e-05,S:3874,3.3779979162674013e-05,NA,1.0,S,0.000,negative,0.6666666666666666,0.6666666666666666,0.682,-
nonstructural_protein_NS3,164,2.897682094271659e-14,A:3874,1.5037415757035433e-12,NA,1.0,A,0.000,negative,0.6666666666666666,0.6666666666666666,1.884,-
nonstructural_protein_NS3,165,0.004436723854080338,I:3874,0.005483790683643298,NA,1.0,I,0.000,negative,0.6666666666666666,0.6666666666666666,0.643,-
nonstructural_protein_NS3,166,2.709436120351683e-05,A:3874,4.8254510731335454e-05,NA,1.0,A,0.000,negative,0.6666666666666666,0.6666666666666666,0.565,-
nonstructural_protein_NS3,167,0.001137266381126434,Q:3874,0.0015480850738681415,NA,1.0,Q,0.000,negative,0.6666666666666666,0.6666666666666666,0.757,-
nonstructural_protein_NS3,168,2.983476132811802e-09,T:3874,2.1949860119972542e-08,NA,1.0,T,0.000,negative,0.6666666666666666,0.6666666666666666,1.109,-
nonstructural_protein_NS3,169,4.855568280781597e-06,E:3874,1.1113856287122323e-05,NA,1.0,E,0.141,negative,0.6666666666666666,0.6666666666666666,1.798,-
nonstructural_protein_NS3,170,0.05477881216397273,K:3874,0.06056047570185179,NA,1.0,K,0.135,neutral,0.6666666666666666,0.6666666666666666,0.574,-
nonstructural_protein_NS3,18,7.386837387879375e-05,L:3874,0.00012271681466960896,NA,1.0,L,0.000,negative,0.6666666666666666,0.6666666666666666,0.658,-
nonstructural_protein_NS3,171,0.002643036143234578,S:3874,0.003453269210399512,NA,1.0,S,0.282,negative,0.6462578189369746,0.6666666666666666,1.024,-
nonstructural_protein_NS3,172,0.0230615887481711,I:3874,0.026198643099944376,NA,1.0,I,0.143,negative,0.6463709781985647,0.6666666666666666,0.519,-
nonstructural_protein_NS3,173,0.009139896206974085,E:3874,0.010677610313629462,NA,1.0,E,0.000,negative,0.6666666666666666,0.6666666666666666,0.382,-
nonstructural_protein_NS3,174,0.004174502483882958,D:3874,0.0051908300503816255,NA,1.0,D,0.067,negative,0.6666666666666666,0.6666666666666666,0.587,-
nonstructural_protein_NS3,175,1.143387788260508e-05,N:3874,2.2647873498236984e-05,NA,1.0,N,0.063,negative,0.6666666666666666,0.6666666666666666,1.073,-
nonstructural_protein_NS3,176,4.204529790996503e-06,P:3874,9.805280795606939e-06,NA,1.0,P,0.000,negative,0.6666666666666666,0.6666666666666666,0.724,-
nonstructural_protein_NS3,177,0.004624109546719324,E:3874,0.005692628884208252,NA,0.5738859423261681,E,0.144,negative,0.6666666666666666,0.6666666666666666,0.816,-
nonstructural_protein_NS3,178,1.030076846042505e-08,I:3874,5.949415802376337e-08,NA,1.0,I,0.000,negative,0.6666666666666666,0.6666666666666666,1.061,-
nonstructural_protein_NS3,179,0.003570819882845244,E:3874,0.004476200177684302,NA,1.0,E,0.000,negative,0.6666666666666666,0.6666666666666666,0.475,-
nonstructural_protein_NS3,180,0.009020516711685023,D:3874,0.010558104787540424,NA,1.0,D,0.065,negative,0.6666666666666666,0.6666666666666666,0.515,-
nonstructural_protein_NS3,19,5.407316653138761e-05,E:3874,9.205844880550289e-05,NA,1.0,E,0.000,negative,0.6666666666666666,0.6666666666666666,0.901,-
nonstructural_protein_NS3,181,0.0002075203098613754,D:3874,0.0003190237599361443,NA,1.0,D,0.000,negative,0.6666666666666666,0.6666666666666666,0.588,-
nonstructural_protein_NS3,182,6.56030785251005e-13,I:3874,2.3848648546183593e-11,NA,1.0,I,0.000,negative,0.6666666666666666,0.6666666666666666,1.688,-
nonstructural_protein_NS3,183,0.0,F:3874,0.0,NA,1.0,F,0.000,negative,0.6666666666666666,0.6666666666666666,4.267,-
nonstructural_protein_NS3,184,8.556377828483619e-12,R:3874,1.6023762115160233e-10,NA,1.0,R,0.406,negative,0.6666666666666666,0.6666666666666666,4.732,-
nonstructural_protein_NS3,185,7.127692714936629e-07,K:3874,2.107614400875998e-06,NA,1.0,K,0.000,negative,0.6666666666666666,0.6666666666666666,1.145,-
nonstructural_protein_NS3,186,0.3279835611241549,K:3874,0.3482712040802882,NA,0.0956609806319848,K,1.480,neutral,0.2777244310340493,0.6666666666666666,1.022,-
nonstructural_protein_NS3,187,0.373598270255235,R:3874,0.39534885448242335,NA,1.0,R,0.242,neutral,0.6233551787167625,0.6666666666666666,0.436,-
nonstructural_protein_NS3,188,3.531241193699408e-05,L:3874,6.147343824524604e-05,NA,1.0,L,0.000,negative,0.6666666666666666,0.6666666666666666,0.714,-
nonstructural_protein_NS3,189,2.710329861432825e-06,T:3874,6.673242447671259e-06,NA,1.0,T,0.000,negative,0.6666666666666666,0.6666666666666666,0.685,-
nonstructural_protein_NS3,190,3.638272122463704e-07,I:3874,1.1710688394180047e-06,NA,1.0,I,0.048,negative,0.6666666666666666,0.6666666666666666,1.068,-
nonstructural_protein_NS3,20,0.01832416173885965,D:3874,0.021048944153559967,NA,1.0,D,0.143,negative,0.6666666666666666,0.6666666666666666,0.590,-
nonstructural_protein_NS3,191,0.09045782782472411,M:3874,0.09842066478112589,NA,1.0,M,0.000,neutral,0.6666666666666666,0.6666666666666666,10000.000,-
nonstructural_protein_NS3,192,7.160826917318452e-06,D:3874,1.5129455171318117e-05,NA,1.0,D,0.000,negative,0.6666666666666666,0.6666666666666666,0.863,-
nonstructural_protein_NS3,193,0.0004094137789344421,L:3874,0.0005995680459276901,NA,1.0,L,0.089,negative,0.6666666666666666,0.6666666666666666,0.679,-
nonstructural_protein_NS3,194,2.383213559831177e-07,H:3874,8.004489021606888e-07,NA,1.0,H,0.000,negative,0.6666666666666666,0.6666666666666666,1.004,-
nonstructural_protein_NS3,195,0.001510751329428017,P:3874,0.0020035285870955246,NA,1.0,P,0.000,negative,0.6666666666666666,0.6666666666666666,0.367,-
nonstructural_protein_NS3,196,0.007733022459094574,G:3874,0.009172759845912567,NA,1.0,G,0.000,negative,0.6666666666666666,0.6666666666666666,0.340,-
nonstructural_protein_NS3,197,2.256561604241369e-11,A:3874,3.3203692176694434e-10,NA,1.0,A,0.000,negative,0.6666666666666666,0.6666666666666666,1.630,-
nonstructural_protein_NS3,198,2.190688933589868e-07,G:3874,7.521365338658546e-07,NA,1.0,G,0.000,negative,0.6666666666666666,0.6666666666666666,1.327,-
nonstructural_protein_NS3,199,3.316861946212057e-07,K:3874,1.0732045459471472e-06,NA,1.0,K,0.000,negative,0.6666666666666666,0.6666666666666666,1.236,-
nonstructural_protein_NS3,200,4.033909972722682e-08,T:3874,1.7680541582571755e-07,NA,1.0,T,0.000,negative,0.6666666666666666,0.6666666666666666,1.069,-
nonstructural_protein_NS3,3,2.209343819004062e-14,V:3874,1.3653744801445103e-12,NA,1.0,V,0.000,negative,0.6666666666666666,0.6666666666666666,2.431,-
nonstructural_protein_NS3,21,0.2202566891410321,G:3874,0.23590751107306387,NA,1.0,G,0.000,neutral,0.6666666666666666,0.6666666666666666,0.074,-
nonstructural_protein_NS3,201,1.789283111230944e-06,K:3874,4.607404011419681e-06,NA,1.0,K,0.083,negative,0.6666666666666666,0.6666666666666666,1.499,-
nonstructural_protein_NS3,202,0.03196228736236861,R:3874,0.03597940544616358,NA,1.0,R,0.060,negative,0.6666666666666666,0.6666666666666666,0.439,-
nonstructural_protein_NS3,203,0.0001035963159163877,Y:3874,0.00016982101654198302,NA,1.0,Y,0.065,negative,0.6666666666666666,0.6666666666666666,0.903,-
nonstructural_protein_NS3,204,1.574000069726189e-06,L:3874,4.1748156355827675e-06,NA,1.0,L,0.000,negative,0.6666666666666666,0.6666666666666666,0.704,-
nonstructural_protein_NS3,205,3.429918875808013e-06,P:3874,8.184130753858502e-06,NA,1.0,P,0.000,negative,0.6666666666666666,0.6666666666666666,0.780,-
nonstructural_protein_NS3,206,1.063846761639731e-05,A:3874,2.1346016191342655e-05,NA,1.0,A,0.049,negative,0.6666666666666666,0.6666666666666666,0.880,-
nonstructural_protein_NS3,207,0.0002743167256629153,I:3874,0.0004124762444274493,NA,1.0,I,0.000,negative,0.6666666666666666,0.6666666666666666,0.990,-
nonstructural_protein_NS3,208,5.112176015842351e-09,V:3874,3.434048671511492e-08,NA,1.0,V,0.000,negative,0.6666666666666666,0.6666666666666666,1.150,-
nonstructural_protein_NS3,209,0.0003888800464217912,R:3874,0.0005722092111634928,NA,1.0,R,0.000,negative,0.6666666666666666,0.6666666666666666,0.624,-
nonstructural_protein_NS3,210,2.072743797598697e-06,E:3874,5.228390477208142e-06,NA,1.0,E,0.000,negative,0.6666666666666666,0.6666666666666666,1.217,-
nonstructural_protein_NS3,22,1.506172964127472e-11,A:3874,2.515715923866967e-10,NA,1.0,A,0.000,negative,0.6666666666666666,0.6666666666666666,1.468,-
nonstructural_protein_NS3,211,1.866318000143252e-08,A:3874,9.532103504863882e-08,NA,1.0,A,0.000,negative,0.6666666666666666,0.6666666666666666,1.019,-
nonstructural_protein_NS3,212,4.749625059918827e-08,I:3874,2.0243229565723002e-07,NA,1.0,I,0.000,negative,0.6666666666666666,0.6666666666666666,2.113,-
nonstructural_protein_NS3,213,0.001226163789167733,K:3874,0.0016509133370493662,NA,1.0,K,0.068,negative,0.6666666666666666,0.6666666666666666,0.870,-
nonstructural_protein_NS3,214,1.634479614542883e-06,R:3874,4.293244829949946e-06,NA,1.0,R,0.000,negative,0.6666666666666666,0.6666666666666666,1.075,-
nonstructural_protein_NS3,215,2.350323342614757e-07,G:3874,7.937157517682621e-07,NA,1.0,G,0.000,negative,0.6666666666666666,0.6666666666666666,1.076,-
nonstructural_protein_NS3,216,1.862438816147005e-05,L:3874,3.435782651877162e-05,NA,1.0,L,0.000,negative,0.6666666666666666,0.6666666666666666,0.765,-
nonstructural_protein_NS3,217,6.166809081398217e-05,R:3874,0.00010412808776787153,NA,1.0,R,0.000,negative,0.6666666666666666,0.6666666666666666,0.779,-
nonstructural_protein_NS3,218,1.664522428534987e-05,T:3874,3.136203844007994e-05,NA,1.0,T,0.000,negative,0.6666666666666666,0.6666666666666666,0.728,-
nonstructural_protein_NS3,219,2.394907050451422e-09,L:3874,1.8049421429011938e-08,NA,1.0,L,0.000,negative,0.6666666666666666,0.6666666666666666,1.585,-
nonstructural_protein_NS3,220,3.687947878527886e-06,I:3874,8.765968418962436e-06,NA,1.0,I,0.000,negative,0.6666666666666666,0.6666666666666666,0.685,-
nonstructural_protein_NS3,23,2.241353058707318e-08,Y:3874,1.0885801235299268e-07,NA,1.0,Y,0.000,negative,0.6666666666666666,0.6666666666666666,1.338,-
nonstructural_protein_NS3,221,8.21474769097108e-07,L:3874,2.3834338370986515e-06,NA,1.0,L,0.000,negative,0.6666666666666666,0.6666666666666666,1.017,-
nonstructural_protein_NS3,222,3.564335904204796e-08,A:3874,1.5847191286320605e-07,NA,1.0,A,0.000,negative,0.6666666666666666,0.6666666666666666,0.974,-
nonstructural_protein_NS3,223,3.014409100110527e-08,P:3874,1.3722498651117455e-07,NA,1.0,P,0.000,negative,0.6666666666666666,0.6666666666666666,0.897,-
nonstructural_protein_NS3,224,1.819683470571931e-08,T:3874,9.450120880785323e-08,NA,1.0,T,0.000,negative,0.6666666666666666,0.6666666666666666,0.995,-
nonstructural_protein_NS3,225,0.0578367736465516,R:3874,0.06371323727908892,NA,1.0,R,0.000,neutral,0.6666666666666666,0.6666666666666666,0.176,-
nonstructural_protein_NS3,226,4.859161961690006e-10,V:3874,4.922888675941678e-09,NA,1.0,V,0.000,negative,0.6666666666666666,0.6666666666666666,1.317,-
nonstructural_protein_NS3,227,1.361743082006761e-05,V:3874,2.6298663271255567e-05,NA,1.0,V,0.000,negative,0.6666666666666666,0.6666666666666666,0.674,-
nonstructural_protein_NS3,228,9.526710176288589e-08,A:3874,3.6796918055914675e-07,NA,1.0,A,0.000,negative,0.6666666666666666,0.6666666666666666,1.079,-
nonstructural_protein_NS3,229,0.0001629262631076545,A:3874,0.00025817546307828327,NA,1.0,A,0.000,negative,0.6666666666666666,0.6666666666666666,0.457,-
nonstructural_protein_NS3,230,0.06479749614705421,E:3874,0.07125418615458987,NA,1.0,E,0.000,neutral,0.6666666666666666,0.6666666666666666,0.191,-
nonstructural_protein_NS3,24,0.007249979036609622,R:3874,0.008666319235250962,NA,1.0,R,0.000,negative,0.6666666666666666,0.6666666666666666,0.352,-
nonstructural_protein_NS3,231,1.0,M:3874,1.0,NA,1.0,M,0.000,neutral,0.6666666666666666,0.6666666666666666,0.025,-
nonstructural_protein_NS3,232,1.653016300240395e-05,E:3874,3.124049154582765e-05,NA,1.0,E,0.000,negative,0.6666666666666666,0.6666666666666666,0.923,-
nonstructural_protein_NS3,233,9.276889989529025e-08,E:3874,3.6285557047651504e-07,NA,1.0,E,0.000,negative,0.6666666666666666,0.6666666666666666,1.603,-
nonstructural_protein_NS3,234,8.981235106952923e-06,A:3874,1.850134432032302e-05,NA,1.0,A,0.000,negative,0.6666666666666666,0.6666666666666666,0.633,-
nonstructural_protein_NS3,235,7.349039155002401e-10,L:3874,6.786751660659007e-09,NA,1.0,L,0.000,negative,0.6666666666666666,0.6666666666666666,1.158,-
nonstructural_protein_NS3,236,0.00236475138469161,R:3874,0.0031093965015732234,NA,1.0,R,0.000,negative,0.6666666666666666,0.6666666666666666,0.456,-
nonstructural_protein_NS3,237,1.021992311878162e-05,G:3874,2.0685082602109922e-05,NA,1.0,G,0.000,negative,0.6666666666666666,0.6666666666666666,0.957,-
nonstructural_protein_NS3,238,7.28547384643008e-08,L:3874,2.923651192918045e-07,NA,1.0,L,0.000,negative,0.6666666666666666,0.6666666666666666,0.884,-
nonstructural_protein_NS3,239,0.0001759012444126906,P:3874,0.0002745125480985929,NA,1.0,P,0.000,negative,0.6666666666666666,0.6666666666666666,0.516,-
nonstructural_protein_NS3,240,0.002987939517175797,I:3874,0.003823077891541703,NA,1.0,I,0.000,negative,0.6666666666666666,0.6666666666666666,0.655,-
nonstructural_protein_NS3,25,1.213356765061846e-07,I:3874,4.4370087621788216e-07,NA,1.0,I,0.000,negative,0.6666666666666666,0.6666666666666666,0.908,-
nonstructural_protein_NS3,241,0.001051928367433508,R:3874,0.001441445079986492,NA,1.0,R,0.000,negative,0.6666666666666666,0.6666666666666666,0.519,-
nonstructural_protein_NS3,242,7.495483784758505e-07,Y:3874,2.1953597056780838e-06,NA,1.0,Y,0.000,negative,0.6666666666666666,0.6666666666666666,1.032,-
nonstructural_protein_NS3,243,0.1340336519644687,Q:3874,0.14506619424525685,NA,1.0,Q,0.114,neutral,0.6666666666666666,0.6666666666666666,0.477,-
nonstructural_protein_NS3,244,1.608923897900016e-05,T:3874,3.0500459168779448e-05,NA,1.0,T,0.000,negative,0.6666666666666666,0.6666666666666666,0.580,-
nonstructural_protein_NS3,245,1.100610794102508e-05,P:3874,2.201221588205016e-05,NA,1.0,P,0.086,negative,0.6666666666666666,0.6666666666666666,1.101,-
nonstructural_protein_NS3,246,2.919886554764162e-14,A:3874,1.5037415757035433e-12,NA,1.0,A,0.000,negative,0.6666666666666666,0.6666666666666666,1.873,-
nonstructural_protein_NS3,247,5.221045817904724e-12,I:3874,1.075535438488373e-10,NA,1.0,I,0.000,negative,0.6666666666666666,0.6666666666666666,1.549,-
nonstructural_protein_NS3,248,0.08461575472354366,R:3874,0.09222669562460314,NA,1.0,R,0.427,neutral,0.6446219750046318,0.6666666666666666,0.982,-
nonstructural_protein_NS3,249,0.001467155246850482,A:3874,0.0019498966506528988,NA,1.0,A,0.290,negative,0.6439208359116837,0.6666666666666666,1.032,-
nonstructural_protein_NS3,250,2.174830689727347e-05,E:3874,3.95307460662206e-05,NA,1.0,E,0.143,negative,0.6666666666666666,0.6666666666666666,1.407,-
nonstructural_protein_NS3,26,7.291631867656356e-05,K:3874,0.0001214616844800978,NA,1.0,K,0.000,negative,0.6666666666666666,0.6666666666666666,0.722,-
nonstructural_protein_NS3,251,6.023880094740974e-08,H:3874,2.507919145197154e-07,NA,1.0,H,0.000,negative,0.6666666666666666,0.6666666666666666,1.253,-
nonstructural_protein_NS3,252,1.288364970264411e-10,T:3874,1.5022821728743507e-09,NA,1.0,T,0.000,negative,0.6666666666666666,0.6666666666666666,1.308,-
nonstructural_protein_NS3,253,3.739641191924381e-05,G:3874,6.491849035419291e-05,NA,1.0,G,0.069,negative,0.6666666666666666,0.6666666666666666,1.009,-
nonstructural_protein_NS3,254,1.288149488354318e-05,R:3874,2.511281967832708e-05,NA,1.0,R,0.000,negative,0.6666666666666666,0.6666666666666666,0.795,-
nonstructural_protein_NS3,255,1.380145786644693e-05,E:3874,2.6488512302683858e-05,NA,1.0,E,0.000,negative,0.6666666666666666,0.6666666666666666,0.947,-
nonstructural_protein_NS3,256,8.239772086859887e-09,I:3874,4.943863252115932e-08,NA,1.0,I,0.000,negative,0.6666666666666666,0.6666666666666666,1.077,-
nonstructural_protein_NS3,257,0.0003871219084472521,V:3874,0.0005711371837487327,NA,1.0,V,0.000,negative,0.6666666666666666,0.6666666666666666,0.447,-
nonstructural_protein_NS3,258,1.432076103924373e-06,D:3874,3.847609261077198e-06,NA,1.0,D,0.000,negative,0.6666666666666666,0.6666666666666666,0.998,-
nonstructural_protein_NS3,259,4.626825678144542e-08,L:3874,1.9856793535370326e-07,NA,1.0,L,0.000,negative,0.6666666666666666,0.6666666666666666,1.309,-
nonstructural_protein_NS3,260,1.0,M:3874,1.0,NA,1.0,M,0.000,neutral,0.6666666666666666,0.6666666666666666,0.045,-
nonstructural_protein_NS3,27,3.121417349871702e-05,Q:3874,5.495828838235646e-05,NA,1.0,Q,0.000,negative,0.6666666666666666,0.6666666666666666,1.284,-
nonstructural_protein_NS3,261,8.692669917209628e-10,C:3874,7.284159734847766e-09,NA,1.0,C,0.000,negative,0.6666666666666666,0.6666666666666666,1.417,-
nonstructural_protein_NS3,262,2.057559833623657e-08,H:3874,1.0348485731210128e-07,NA,1.0,H,0.000,negative,0.6666666666666666,0.6666666666666666,1.193,-
nonstructural_protein_NS3,263,0.0001074099309975596,A:3874,0.00017514337033375154,NA,1.0,A,0.000,negative,0.6666666666666666,0.6666666666666666,0.482,-
nonstructural_protein_NS3,264,4.488826421678027e-09,T:3874,3.1523803734057054e-08,NA,1.0,T,0.000,negative,0.6666666666666666,0.6666666666666666,1.344,-
nonstructural_protein_NS3,265,8.659739592076221e-15,F:3874,6.480001720395497e-13,NA,1.0,F,0.000,negative,0.6666666666666666,0.6666666666666666,1.894,-
nonstructural_protein_NS3,266,1.287417683570879e-08,T:3874,7.167784940962191e-08,NA,1.0,T,0.000,negative,0.6666666666666666,0.6666666666666666,1.015,-
nonstructural_protein_NS3,267,1.0,M:3874,1.0,NA,1.0,M,0.000,neutral,0.6666666666666666,0.6666666666666666,0.025,-
nonstructural_protein_NS3,268,0.001862298813692931,R:3874,0.0024539459847808774,NA,1.0,R,0.000,negative,0.6666666666666666,0.6666666666666666,0.389,-
nonstructural_protein_NS3,269,4.772563166444144e-06,L:3874,1.0964475973466472e-05,NA,1.0,L,0.000,negative,0.6666666666666666,0.6666666666666666,0.883,-
nonstructural_protein_NS3,270,1.092177560613194e-07,L:3874,4.090701408842145e-07,NA,1.0,L,0.000,negative,0.6666666666666666,0.6666666666666666,1.227,-
nonstructural_protein_NS3,28,0.2545493424260629,K:3874,0.2716951530557977,NA,1.0,K,0.300,neutral,0.6666666666666666,0.6666666666666666,0.609,-
nonstructural_protein_NS3,271,0.002418586612778495,S:3874,0.0031667087430023513,NA,1.0,S,0.000,negative,0.6666666666666666,0.6666666666666666,0.354,-
nonstructural_protein_NS3,272,0.1558194942206167,P:3874,0.16776384569397407,NA,1.0,P,0.000,neutral,0.6666666666666666,0.6666666666666666,0.073,-
nonstructural_protein_NS3,273,0.007093647185032803,I:3874,0.008495879768120683,NA,0.1818757495841514,I,0.354,negative,0.6666666666666666,0.6666666666666666,1.008,-
nonstructural_protein_NS3,274,0.0001590374073626721,R:3874,0.0002526609710800292,NA,1.0,R,0.000,negative,0.6666666666666666,0.6666666666666666,0.699,-
nonstructural_protein_NS3,275,3.118410788727211e-05,V:3874,5.495828838235646e-05,NA,1.0,V,0.103,negative,0.6666666666666666,0.6666666666666666,1.014,-
nonstructural_protein_NS3,276,0.004521683439830837,P:3874,0.005577645440749416,NA,1.0,P,0.000,negative,0.6666666666666666,0.6666666666666666,0.297,-
nonstructural_protein_NS3,277,1.415692813311331e-06,N:3874,3.820515976534509e-06,NA,1.0,N,0.000,negative,0.6666666666666666,0.6666666666666666,0.961,-
nonstructural_protein_NS3,278,1.230495678916643e-05,Y:3874,2.406475726488878e-05,NA,1.0,Y,0.053,negative,0.6666666666666666,0.6666666666666666,1.078,-
nonstructural_protein_NS3,279,0.003265955228615169,N:3874,0.004127526239844937,NA,1.0,N,0.064,negative,0.6666666666666666,0.6666666666666666,0.585,-
nonstructural_protein_NS3,280,5.0355377680944e-06,L:3874,1.148325586967653e-05,NA,1.0,L,0.000,negative,0.6666666666666666,0.6666666666666666,0.873,-
nonstructural_protein_NS3,29,2.837835744173844e-09,G:3874,2.112990951686067e-08,NA,1.0,G,0.000,negative,0.6666666666666666,0.6666666666666666,1.507,-
nonstructural_protein_NS3,281,1.535639782002107e-08,I:3874,8.186715588201784e-08,NA,1.0,I,0.034,negative,0.6666666666666666,0.6666666666666666,1.267,-
nonstructural_protein_NS3,282,4.568753420031157e-08,I:3874,1.9744682612442343e-07,NA,1.0,I,0.048,negative,0.6666666666666666,0.6666666666666666,1.213,-
nonstructural_protein_NS3,283,1.108340977662436e-06,M:3874,3.0853816405197547e-06,NA,1.0,M,0.034,negative,0.6666666666666666,0.6666666666666666,10000.000,-
nonstructural_protein_NS3,284,1.09962641214878e-08,D:3874,6.292306691740241e-08,NA,1.0,D,0.000,negative,0.6666666666666666,0.6666666666666666,1.419,-
nonstructural_protein_NS3,285,0.1118868700966242,E:3874,0.12130892231528728,NA,0.00420248202430662,E,0.155,neutral,5.147117209025609e-05,0.015904592175889132,0.551,"overall,Hydrophobicity_KyteDoolittle,Isoelectric_Point_pI,Volume_Angstrom3"
nonstructural_protein_NS3,286,0.0009916644041287892,A:3874,0.001367965628909803,NA,1.0,A,0.066,negative,0.001598753751983928,0.24700745468151689,0.618,-
nonstructural_protein_NS3,287,5.747228305486018e-07,H:3874,1.7410721043089997e-06,NA,1.0,H,0.056,negative,0.6666666666666666,0.6666666666666666,1.218,-
nonstructural_protein_NS3,288,6.104683425434132e-11,F:3874,8.201509471561508e-10,NA,1.0,F,0.000,negative,0.6666666666666666,0.6666666666666666,1.322,-
nonstructural_protein_NS3,289,0.0007251065110209787,T:3874,0.0010184450541158292,NA,1.0,T,0.000,negative,0.6666666666666666,0.6666666666666666,0.448,-
nonstructural_protein_NS3,290,0.0001250161139441097,D:3874,0.00020067521666872673,NA,1.0,D,0.000,negative,0.6666666666666666,0.6666666666666666,0.631,-
nonstructural_protein_NS3,30,0.001366702134680597,I:3874,0.0018281859723649546,NA,1.0,I,0.143,negative,0.6666666666666666,0.6666666666666666,0.752,-
nonstructural_protein_NS3,291,2.641109553280785e-11,P:3874,3.782629966828857e-10,NA,1.0,P,0.000,negative,0.6666666666666666,0.6666666666666666,1.653,-
nonstructural_protein_NS3,292,3.268059602934414e-07,A:3874,1.0629793866386673e-06,NA,1.0,A,0.000,negative,0.6666666666666666,0.6666666666666666,1.046,-
nonstructural_protein_NS3,293,1.748601263784622e-13,S:3874,7.718825578706402e-12,NA,1.0,S,0.000,negative,0.6666666666666666,0.6666666666666666,2.039,-
nonstructural_protein_NS3,294,0.03506630513644982,I:3874,0.03933026601511069,NA,1.0,I,0.000,negative,0.6666666666666666,0.6666666666666666,0.335,-
nonstructural_protein_NS3,295,7.962052128718256e-10,A:3874,7.0293545936398316e-09,NA,1.0,A,0.000,negative,0.6666666666666666,0.6666666666666666,1.503,-
nonstructural_protein_NS3,296,6.786413764281463e-09,A:3874,4.2795956186999425e-08,NA,1.0,A,0.000,negative,0.6666666666666666,0.6666666666666666,1.102,-
nonstructural_protein_NS3,297,0.0010326125430834,R:3874,0.0014181212258345358,NA,1.0,R,0.000,negative,0.6666666666666666,0.6666666666666666,0.530,-
nonstructural_protein_NS3,298,0.0002267590934262875,G:3874,0.0003468740587560536,NA,1.0,G,0.000,negative,0.6666666666666666,0.6666666666666666,0.669,-
nonstructural_protein_NS3,299,6.496555028379092e-07,Y:3874,1.9395512113711493e-06,NA,1.0,Y,0.000,negative,0.6666666666666666,0.6666666666666666,1.059,-
nonstructural_protein_NS3,300,1.10559339461247e-10,I:3874,1.339719054648052e-09,NA,1.0,I,0.000,negative,0.6666666666666666,0.6666666666666666,1.380,-
nonstructural_protein_NS3,4,5.581205642091192e-07,L:3874,1.699105954094757e-06,NA,1.0,L,0.000,negative,0.6666666666666666,0.6666666666666666,1.049,-
nonstructural_protein_NS3,31,0.006796788578643964,L:3874,0.008184594155247029,NA,0.2957569816835964,L,0.361,negative,0.2799190537630863,0.6666666666666666,1.022,-
nonstructural_protein_NS3,301,0.005739042381716963,S:3874,0.007023224142378383,NA,1.0,S,0.000,negative,0.6666666666666666,0.6666666666666666,0.306,-
nonstructural_protein_NS3,302,1.714983850487073e-07,T:3874,6.0219319295512e-07,NA,1.0,T,0.000,negative,0.6666666666666666,0.6666666666666666,0.869,-
nonstructural_protein_NS3,303,0.0003115237257541592,R:3874,0.0004650281703286724,NA,1.0,R,0.000,negative,0.6666666666666666,0.6666666666666666,0.926,-
nonstructural_protein_NS3,304,2.219335826225688e-13,V:3874,9.143663604049835e-12,NA,1.0,V,0.000,negative,0.6666666666666666,0.6666666666666666,2.107,-
nonstructural_protein_NS3,305,8.147375105660437e-05,E:3874,0.00013498868137528552,NA,1.0,E,0.000,negative,0.6666666666666666,0.6666666666666666,0.754,-
nonstructural_protein_NS3,306,1.0,M:3874,1.0,NA,1.0,M,0.000,neutral,0.6666666666666666,0.6666666666666666,0.045,-
nonstructural_protein_NS3,307,0.004834503986935967,G:3874,0.005939808079376596,NA,1.0,G,0.000,negative,0.6666666666666666,0.6666666666666666,0.325,-
nonstructural_protein_NS3,308,6.775136007775018e-12,E:3874,1.3224706746362003e-10,NA,1.0,E,0.000,negative,0.6666666666666666,0.6666666666666666,2.561,-
nonstructural_protein_NS3,309,5.821872453015686e-06,A:3874,1.2803975715173288e-05,NA,1.0,A,0.000,negative,0.6666666666666666,0.6666666666666666,0.830,-
nonstructural_protein_NS3,310,5.565801164397755e-07,A:3874,1.699105954094757e-06,NA,1.0,A,0.000,negative,0.6666666666666666,0.6666666666666666,0.827,-
nonstructural_protein_NS3,32,5.414491680122424e-06,G:3874,1.2079985048070968e-05,NA,1.0,G,0.000,negative,0.6666666666666666,0.6666666666666666,1.029,-
nonstructural_protein_NS3,311,1.949148939806022e-05,G:3874,3.585041800000362e-05,NA,1.0,G,0.000,negative,0.6666666666666666,0.6666666666666666,0.782,-
nonstructural_protein_NS3,312,7.627292440970379e-07,I:3874,2.2234277021319314e-06,NA,1.0,I,0.000,negative,0.6666666666666666,0.6666666666666666,0.801,-
nonstructural_protein_NS3,313,6.661338147750939e-16,F:3874,6.861178292183467e-14,NA,1.0,F,0.000,negative,0.6666666666666666,0.6666666666666666,2.051,-
nonstructural_protein_NS3,314,1.0,M:3874,1.0,NA,1.0,M,0.000,neutral,0.6666666666666666,0.6666666666666666,0.045,-
nonstructural_protein_NS3,315,1.504473801094974e-08,T:3874,8.155831658567491e-08,NA,1.0,T,0.000,negative,0.6666666666666666,0.6666666666666666,1.253,-
nonstructural_protein_NS3,316,3.589363251066402e-10,A:3874,3.759705913828875e-09,NA,1.0,A,0.000,negative,0.6666666666666666,0.6666666666666666,1.280,-
nonstructural_protein_NS3,317,5.866775820706494e-07,T:3874,1.7686182718032259e-06,NA,1.0,T,0.000,negative,0.6666666666666666,0.6666666666666666,0.788,-
nonstructural_protein_NS3,318,8.767431225464861e-13,P:3874,2.9885848182163356e-11,NA,1.0,P,0.000,negative,0.6666666666666666,0.6666666666666666,1.530,-
nonstructural_protein_NS3,319,8.141157414875977e-09,P:3874,4.9325836101895623e-08,NA,1.0,P,0.000,negative,0.6666666666666666,0.6666666666666666,1.035,-
nonstructural_protein_NS3,320,1.063435123704881e-05,G:3874,2.1346016191342655e-05,NA,1.0,G,0.000,negative,0.6666666666666666,0.6666666666666666,0.966,-
nonstructural_protein_NS3,33,4.845611467629851e-09,Y:3874,3.3273198744391645e-08,NA,1.0,Y,0.000,negative,0.6666666666666666,0.6666666666666666,1.461,-
nonstructural_protein_NS3,321,2.800555837234597e-07,S:3874,9.255312873855513e-07,NA,1.0,S,0.056,negative,0.6666666666666666,0.6666666666666666,1.268,-
nonstructural_protein_NS3,322,0.03539241670530879,R:3874,0.03962411870268267,NA,1.0,R,0.244,negative,0.6347680259168619,0.6666666666666666,0.814,-
nonstructural_protein_NS3,323,0.0001707731116937783,D:3874,0.0002678623934689213,NA,1.0,D,0.000,negative,0.6666666666666666,0.6666666666666666,0.611,-
nonstructural_protein_NS3,324,7.173026480900013e-06,P:3874,1.5129455171318117e-05,NA,1.0,P,0.043,negative,0.6666666666666666,0.6666666666666666,0.989,-
nonstructural_protein_NS3,325,5.330262977110145e-06,F:3874,1.1978554617651162e-05,NA,1.0,F,0.000,negative,0.6666666666666666,0.6666666666666666,0.645,-
nonstructural_protein_NS3,326,8.561074071877783e-10,P:3874,7.284159734847766e-09,NA,1.0,P,0.000,negative,0.6666666666666666,0.6666666666666666,1.122,-
nonstructural_protein_NS3,327,0.008581228661058149,Q:3874,0.010159385656195279,NA,1.0,Q,0.000,negative,0.6666666666666666,0.6666666666666666,0.488,-
nonstructural_protein_NS3,328,4.009731841003727e-07,S:3874,1.2642929988470934e-06,NA,1.0,S,0.001,negative,0.6666666666666666,0.6666666666666666,0.962,-
nonstructural_protein_NS3,329,1.15580415516181e-06,N:3874,3.1887811066517793e-06,NA,1.0,N,0.000,negative,0.6666666666666666,0.6666666666666666,0.986,-
nonstructural_protein_NS3,330,5.662198002243102e-06,A:3874,1.2542072994215903e-05,NA,1.0,A,0.000,negative,0.6666666666666666,0.6666666666666666,0.830,-
nonstructural_protein_NS3,34,7.907827725972538e-10,S:3874,7.0293545936398316e-09,NA,1.0,S,0.000,negative,0.6666666666666666,0.6666666666666666,1.167,-
nonstructural_protein_NS3,331,1.408973770988808e-08,P:3874,7.72936301275857e-08,NA,1.0,P,0.000,negative,0.6666666666666666,0.6666666666666666,1.204,-
nonstructural_protein_NS3,332,9.632710407103673e-09,I:3874,5.6160519165944056e-08,NA,1.0,I,0.000,negative,0.6666666666666666,0.6666666666666666,1.074,-
nonstructural_protein_NS3,333,0.2510887290174151,M:3874,0.26846511164837805,NA,0.03425266731338161,M,0.289,neutral,0.6666666666666666,0.6666666666666666,1.255,"overall,Hydrophobicity_KyteDoolittle,Isoelectric_Point_pI,Volume_Angstrom3"
nonstructural_protein_NS3,334,6.318719382081284e-05,D:3874,0.00010640241357292188,NA,1.0,D,0.000,negative,0.6666666666666666,0.6666666666666666,0.690,-
nonstructural_protein_NS3,335,2.622495642867761e-08,E:3874,1.2094793338002062e-07,NA,1.0,E,0.000,negative,0.6666666666666666,0.6666666666666666,1.665,-
nonstructural_protein_NS3,336,0.00132029692115232,E:3874,0.0017737902114611603,NA,1.0,E,0.000,negative,0.6666666666666666,0.6666666666666666,0.606,-
nonstructural_protein_NS3,337,5.53460114516291e-06,R:3874,1.2303537797520427e-05,NA,1.0,R,0.181,negative,0.6666666666666666,0.6666666666666666,1.625,-
nonstructural_protein_NS3,338,0.0005157728087001878,E:3874,0.0007412734785505025,NA,1.0,E,0.000,negative,0.6666666666666666,0.6666666666666666,0.691,-
nonstructural_protein_NS3,339,2.422413780678312e-08,I:3874,1.1427875698161808e-07,NA,1.0,I,0.048,negative,0.6666666666666666,0.6666666666666666,1.260,-
nonstructural_protein_NS3,340,9.241876842369656e-06,P:3874,1.8912185061537906e-05,NA,1.0,P,0.000,negative,0.6666666666666666,0.6666666666666666,0.582,-
nonstructural_protein_NS3,35,0.006541370247874712,Q:3874,0.007895638307005024,NA,1.0,Q,0.000,negative,0.6666666666666666,0.6666666666666666,0.513,-
nonstructural_protein_NS3,341,6.69946244036268e-08,E:3874,2.723860386936932e-07,NA,1.0,E,0.000,negative,0.6666666666666666,0.6666666666666666,1.501,-
nonstructural_protein_NS3,342,6.680451369867058e-08,R:3874,2.723860386936932e-07,NA,1.0,R,0.000,negative,0.6666666666666666,0.6666666666666666,1.051,-
nonstructural_protein_NS3,343,3.019837890860799e-08,S:3874,1.3722498651117455e-07,NA,1.0,S,0.000,negative,0.6666666666666666,0.6666666666666666,1.078,-
nonstructural_protein_NS3,344,1.0,W:3874,1.0,NA,1.0,W,0.000,neutral,0.6666666666666666,0.6666666666666666,0.045,-
nonstructural_protein_NS3,345,5.893491693553798e-06,N:3874,1.2915524349703003e-05,NA,1.0,N,0.064,negative,0.6666666666666666,0.6666666666666666,1.140,-
nonstructural_protein_NS3,346,0.0004634518831526657,S:3874,0.0006723316051369658,NA,1.0,S,0.091,negative,0.6666666666666666,0.6666666666666666,0.708,-
nonstructural_protein_NS3,347,0.00279048810976934,G:3874,0.0036153493749212836,NA,1.0,G,0.000,negative,0.6666666666666666,0.6666666666666666,0.444,-
nonstructural_protein_NS3,348,0.07888617210872773,H:3874,0.08630981808598849,NA,1.0,H,0.113,neutral,0.6666666666666666,0.6666666666666666,0.387,-
nonstructural_protein_NS3,349,2.275899657622205e-08,E:3874,1.0885801235299268e-07,NA,1.0,E,0.000,negative,0.6666666666666666,0.6666666666666666,1.576,-
nonstructural_protein_NS3,350,1.0,W:3874,1.0,NA,1.0,W,0.000,neutral,0.6666666666666666,0.6666666666666666,0.045,-
nonstructural_protein_NS3,36,2.69313460421472e-11,I:3874,3.782629966828857e-10,NA,1.0,I,0.000,negative,0.6666666666666666,0.6666666666666666,1.477,-
nonstructural_protein_NS3,351,2.347000935754018e-05,V:3874,4.228707225352721e-05,NA,0.6863834945892683,V,0.257,negative,0.6666666666666666,0.6666666666666666,1.354,-
nonstructural_protein_NS3,352,4.917915200630674e-07,T:3874,1.53498565353018e-06,NA,1.0,T,0.000,negative,0.6666666666666666,0.6666666666666666,0.858,-
nonstructural_protein_NS3,353,1.536665061863118e-08,D:3874,8.186715588201784e-08,NA,1.0,D,0.000,negative,0.6666666666666666,0.6666666666666666,1.382,-
nonstructural_protein_NS3,354,1.398325899515385e-12,F:3874,4.072258472460717e-11,NA,1.0,F,0.000,negative,0.6666666666666666,0.6666666666666666,1.568,-
nonstructural_protein_NS3,355,7.918642162985101e-06,K:3874,1.6645309036478886e-05,NA,1.0,K,0.086,negative,0.6666666666666666,0.6666666666666666,1.555,-
nonstructural_protein_NS3,356,6.43032475589056e-06,G:3874,1.3846483272266083e-05,NA,1.0,G,0.000,negative,0.6666666666666666,0.6666666666666666,0.869,-
nonstructural_protein_NS3,357,6.572707403673661e-06,K:3874,1.4103934637049731e-05,NA,1.0,K,0.000,negative,0.6666666666666666,0.6666666666666666,0.937,-
nonstructural_protein_NS3,358,2.154084445260551e-05,T:3874,3.92691500640419e-05,NA,1.0,T,0.000,negative,0.6666666666666666,0.6666666666666666,0.565,-
nonstructural_protein_NS3,359,9.239314047171376e-08,V:3874,3.6285557047651504e-07,NA,1.0,V,0.000,negative,0.6666666666666666,0.6666666666666666,0.966,-
nonstructural_protein_NS3,360,1.0,W:3874,1.0,NA,1.0,W,0.000,neutral,0.6666666666666666,0.6666666666666666,0.045,-
nonstructural_protein_NS3,37,0.0005703912913034292,G:3874,0.0008066403158478702,NA,1.0,G,0.000,negative,0.6666666666666666,0.6666666666666666,0.586,-
nonstructural_protein_NS3,361,1.856848008685574e-11,F:3874,3.019821235178118e-10,NA,1.0,F,0.000,negative,0.6666666666666666,0.6666666666666666,1.408,-
nonstructural_protein_NS3,362,0.0003872273139008398,V:3874,0.0005711371837487327,NA,1.0,V,0.000,negative,0.6666666666666666,0.6666666666666666,0.424,-
nonstructural_protein_NS3,363,4.372853363077134e-06,P:3874,1.0121435874088647e-05,NA,1.0,P,0.000,negative,0.6666666666666666,0.6666666666666666,0.758,-
nonstructural_protein_NS3,364,1.874056465567264e-12,S:3874,4.632667582882276e-11,NA,1.0,S,0.000,negative,0.6666666666666666,0.6666666666666666,1.864,-
nonstructural_protein_NS3,365,0.003692272214358194,I:3874,0.004609745916107805,NA,1.0,I,0.000,negative,0.6666666666666666,0.6666666666666666,0.594,-
nonstructural_protein_NS3,366,0.02175842913738735,K:3874,0.02476373702929168,NA,1.0,K,0.000,negative,0.6666666666666666,0.6666666666666666,0.289,-
nonstructural_protein_NS3,367,5.410642531566978e-06,A:3874,1.2079985048070968e-05,NA,1.0,A,0.096,negative,0.6666666666666666,0.6666666666666666,1.256,-
nonstructural_protein_NS3,368,0.001379577692940392,G:3874,0.0018414233568837199,NA,1.0,G,0.000,negative,0.6666666666666666,0.6666666666666666,0.498,-
nonstructural_protein_NS3,369,0.004189130962702348,N:3874,0.005198560110341467,NA,1.0,N,0.000,negative,0.6666666666666666,0.6666666666666666,0.337,-
nonstructural_protein_NS3,370,1.50712775592865e-12,D:3874,4.072258472460717e-11,NA,1.0,D,0.000,negative,0.6666666666666666,0.6666666666666666,2.175,-
nonstructural_protein_NS3,38,0.0,A:3874,0.0,NA,1.0,A,0.000,negative,0.6666666666666666,0.6666666666666666,2.478,-
nonstructural_protein_NS3,371,0.003117243669304215,I:3874,0.003955763013613973,NA,1.0,I,0.000,negative,0.6666666666666666,0.6666666666666666,0.636,-
nonstructural_protein_NS3,372,0.0007830222609099824,A:3874,0.001089882336131462,NA,1.0,A,0.048,negative,0.6666666666666666,0.6666666666666666,0.672,-
nonstructural_protein_NS3,373,5.426206262093558e-08,A:3874,2.296846212310835e-07,NA,1.0,A,0.000,negative,0.6666666666666666,0.6666666666666666,0.957,-
nonstructural_protein_NS3,374,1.803589184334875e-06,C:3874,4.624971435348352e-06,NA,1.0,C,0.000,negative,0.6666666666666666,0.6666666666666666,0.842,-
nonstructural_protein_NS3,375,4.569481121119434e-05,L:3874,7.910194209668937e-05,NA,1.0,L,0.000,negative,0.6666666666666666,0.6666666666666666,0.615,-
nonstructural_protein_NS3,376,0.0,R:3874,0.0,NA,1.0,R,0.000,negative,0.6666666666666666,0.6666666666666666,9.753,-
nonstructural_protein_NS3,377,1.275403029854516e-07,K:3874,4.609351300877725e-07,NA,1.0,K,0.000,negative,0.6666666666666666,0.6666666666666666,1.444,-
nonstructural_protein_NS3,378,0.002379290053499572,N:3874,0.0031218710256109036,NA,1.0,N,0.000,negative,0.6666666666666666,0.6666666666666666,0.380,-
nonstructural_protein_NS3,379,8.163830215957013e-06,G:3874,1.7102532452411642e-05,NA,1.0,G,0.000,negative,0.6666666666666666,0.6666666666666666,0.963,-
nonstructural_protein_NS3,380,0.002822079571588532,K:3874,0.0036410128919451205,NA,1.0,K,0.000,negative,0.6666666666666666,0.6666666666666666,0.412,-
nonstructural_protein_NS3,39,0.01417327137647872,G:3874,0.01637211534703523,NA,1.0,G,0.000,negative,0.6666666666666666,0.6666666666666666,0.299,-
nonstructural_protein_NS3,381,0.001450599375379946,K:3874,0.0019320483060017385,NA,1.0,K,0.068,negative,0.6666666666666666,0.6666666666666666,0.843,-
nonstructural_protein_NS3,382,1.593760759255325e-06,V:3874,4.209163030853807e-06,NA,1.0,V,0.000,negative,0.6666666666666666,0.6666666666666666,0.832,-
nonstructural_protein_NS3,383,0.03568557961632501,I:3874,0.03988008716616429,NA,1.0,I,0.000,negative,0.6666666666666666,0.6666666666666666,0.330,-
nonstructural_protein_NS3,384,0.00097708256467266,Q:3874,0.0013508658276682414,NA,1.0,Q,0.000,negative,0.6666666666666666,0.6666666666666666,0.857,-
nonstructural_protein_NS3,385,1.335320742867907e-11,L:3874,2.292300608589907e-10,NA,1.0,L,0.000,negative,0.6666666666666666,0.6666666666666666,1.399,-
nonstructural_protein_NS3,386,6.472452462880085e-09,S:3874,4.123686208309168e-08,NA,1.0,S,0.000,negative,0.6666666666666666,0.6666666666666666,1.250,-
nonstructural_protein_NS3,387,2.818429746254125e-07,R:3874,9.264838208431114e-07,NA,1.0,R,0.000,negative,0.6666666666666666,0.6666666666666666,1.080,-
nonstructural_protein_NS3,388,5.911655444057473e-07,K:3874,1.773496633217242e-06,NA,1.0,K,0.000,negative,0.6666666666666666,0.6666666666666666,1.153,-
nonstructural_protein_NS3,389,6.296209775769057e-09,T:3874,4.0531850431513305e-08,NA,1.0,T,0.000,negative,0.6666666666666666,0.6666666666666666,1.062,-
nonstructural_protein_NS3,390,0.0004553044050170652,F:3874,0.0006620661701189325,NA,1.0,F,0.000,negative,0.6666666666666666,0.6666666666666666,0.378,-
nonstructural_protein_NS3,40,5.803667091353049e-08,V:3874,2.439909022079037e-07,NA,1.0,V,0.000,negative,0.6666666666666666,0.6666666666666666,0.994,-
nonstructural_protein_NS3,391,1.09966178607479e-07,D:3874,4.0939215891218083e-07,NA,1.0,D,0.000,negative,0.6666666666666666,0.6666666666666666,1.213,-
nonstructural_protein_NS3,392,0.5088504880822873,S:3874,0.5366375454519685,NA,1.0,S,0.401,neutral,0.657531352342969,0.6666666666666666,0.532,-
nonstructural_protein_NS3,393,0.008818139995986685,E:3874,0.010340816921289887,NA,1.0,E,0.142,negative,0.6666666666666666,0.6666666666666666,0.774,-
nonstructural_protein_NS3,394,7.009629036736076e-05,Y:3874,0.000117079749856835,NA,0.3958529202273428,Y,0.132,negative,0.6666666666666666,0.6666666666666666,1.136,-
nonstructural_protein_NS3,395,0.01749299807191718,I:3874,0.02013160671963653,NA,1.0,I,0.558,negative,0.6666666666666666,0.6666666666666666,1.220,-
nonstructural_protein_NS3,396,0.0008390763387606803,K:3874,0.0011652790502339335,NA,1.0,K,0.000,negative,0.6666666666666666,0.6666666666666666,0.512,-
nonstructural_protein_NS3,397,8.119915961835034e-09,T:3874,4.9325836101895623e-08,NA,1.0,T,0.000,negative,0.6666666666666666,0.6666666666666666,1.050,-
nonstructural_protein_NS3,398,0.008758083867282385,R:3874,0.010299914775476085,NA,1.0,R,0.059,negative,0.6666666666666666,0.6666666666666666,0.524,-
nonstructural_protein_NS3,399,0.1908712184575341,T:3874,0.20478891147006262,NA,1.0,T,0.386,neutral,0.6666666666666666,0.6666666666666666,0.645,-
nonstructural_protein_NS3,400,0.07890784339576618,N:3874,0.08630981808598849,NA,1.0,N,0.125,neutral,0.6431738030939835,0.6666666666666666,0.422,-
nonstructural_protein_NS3,5,1.0,W:3874,1.0,NA,1.0,W,0.000,neutral,0.6666666666666666,0.6666666666666666,0.032,-
nonstructural_protein_NS3,41,0.000138124085272584,Y:3874,0.00022057024469885508,NA,1.0,Y,0.062,negative,0.6666666666666666,0.6666666666666666,0.877,-
nonstructural_protein_NS3,401,1.27185617593284e-09,D:3874,9.949457173753101e-09,NA,1.0,D,0.000,negative,0.6666666666666666,0.6666666666666666,1.592,-
nonstructural_protein_NS3,402,1.0,W:3874,1.0,NA,1.0,W,0.000,neutral,0.6666666666666666,0.6666666666666666,0.045,-
nonstructural_protein_NS3,403,2.181657432487327e-08,D:3874,1.0786114346217345e-07,NA,1.0,D,0.000,negative,0.6666666666666666,0.6666666666666666,1.354,-
nonstructural_protein_NS3,404,8.757767737677113e-07,F:3874,2.505694658279841e-06,NA,1.0,F,0.000,negative,0.6666666666666666,0.6666666666666666,0.748,-
nonstructural_protein_NS3,405,0.0007691438927023286,V:3874,0.00107540933414036,NA,1.0,V,0.000,negative,0.6666666666666666,0.6666666666666666,0.403,-
nonstructural_protein_NS3,406,6.821618825370024e-10,V:3874,6.485785283197961e-09,NA,1.0,V,0.000,negative,0.6666666666666666,0.6666666666666666,1.290,-
nonstructural_protein_NS3,407,3.762805793616764e-07,T:3874,1.1986670002346186e-06,NA,1.0,T,0.000,negative,0.6666666666666666,0.6666666666666666,0.923,-
nonstructural_protein_NS3,408,2.510805442446085e-07,T:3874,8.387447369900976e-07,NA,1.0,T,0.000,negative,0.6666666666666666,0.6666666666666666,0.865,-
nonstructural_protein_NS3,409,1.006379370172006e-06,D:3874,2.85294702186376e-06,NA,1.0,D,0.000,negative,0.6666666666666666,0.6666666666666666,1.031,-
nonstructural_protein_NS3,410,8.136933227209653e-08,I:3874,3.2442740222035906e-07,NA,1.0,I,0.000,negative,0.6666666666666666,0.6666666666666666,0.931,-
nonstructural_protein_NS3,42,0.002920249449435253,K:3874,0.0037442202484460297,NA,1.0,K,0.137,negative,0.6666666666666666,0.6666666666666666,0.963,-
nonstructural_protein_NS3,411,2.120904604829832e-06,S:3874,5.328126202377383e-06,NA,1.0,S,0.000,negative,0.6666666666666666,0.6666666666666666,0.877,-
nonstructural_protein_NS3,412,0.000544320821417088,E:3874,0.000778037360149465,NA,1.0,E,0.000,negative,0.6666666666666666,0.6666666666666666,0.675,-
nonstructural_protein_NS3,413,1.0,M:3874,1.0,NA,1.0,M,0.000,neutral,0.6666666666666666,0.6666666666666666,0.045,-
nonstructural_protein_NS3,414,6.72072256169276e-06,G:3874,1.4371648938152684e-05,NA,1.0,G,0.000,negative,0.6666666666666666,0.6666666666666666,0.816,-
nonstructural_protein_NS3,415,1.505684465996637e-12,A:3874,4.072258472460717e-11,NA,1.0,A,0.000,negative,0.6666666666666666,0.6666666666666666,1.633,-
nonstructural_protein_NS3,416,1.69100193475602e-05,N:3874,3.1667854414521834e-05,NA,1.0,N,0.000,negative,0.6666666666666666,0.6666666666666666,0.763,-
nonstructural_protein_NS3,417,9.416680346596706e-08,F:3874,3.660068210186644e-07,NA,1.0,F,0.000,negative,0.6666666666666666,0.6666666666666666,0.877,-
nonstructural_protein_NS3,418,0.01220663651431775,K:3874,0.014179889785429264,NA,1.0,K,0.615,negative,0.5806341546982169,0.6666666666666666,1.540,-
nonstructural_protein_NS3,419,0.003087541680994899,A:3874,0.00393781071205634,NA,1.0,A,0.000,negative,0.6666666666666666,0.6666666666666666,0.282,-
nonstructural_protein_NS3,420,0.003910033403241697,E:3874,0.0048717754903293735,NA,1.0,E,0.071,negative,0.6666666666666666,0.6666666666666666,0.664,-
nonstructural_protein_NS3,43,0.000547953238602239,E:3874,0.0007802652107285338,NA,1.0,E,0.000,negative,0.6666666666666666,0.6666666666666666,0.674,-
nonstructural_protein_NS3,421,0.001814838493247262,R:3874,0.0023965174974931794,NA,1.0,R,0.000,negative,0.6666666666666666,0.6666666666666666,0.390,-
nonstructural_protein_NS3,422,9.188205751797796e-13,V:3874,2.9885848182163356e-11,NA,1.0,V,0.000,negative,0.6666666666666666,0.6666666666666666,1.741,-
nonstructural_protein_NS3,423,0.0002771117172188919,I:3874,0.00041566757582833786,NA,1.0,I,0.000,negative,0.6666666666666666,0.6666666666666666,0.990,-
nonstructural_protein_NS3,424,6.786127002111897e-06,D:3874,1.4461470645879836e-05,NA,1.0,D,0.000,negative,0.6666666666666666,0.6666666666666666,0.871,-
nonstructural_protein_NS3,425,1.019512617661533e-07,P:3874,3.865391397023481e-07,NA,1.0,P,0.000,negative,0.6666666666666666,0.6666666666666666,0.829,-
nonstructural_protein_NS3,426,0.000250886076956669,R:3874,0.0003809523232413303,NA,1.0,R,0.000,negative,0.6666666666666666,0.6666666666666666,0.629,-
nonstructural_protein_NS3,427,2.07162993637322e-06,R:3874,5.228390477208142e-06,NA,1.0,R,0.000,negative,0.6666666666666666,0.6666666666666666,0.804,-
nonstructural_protein_NS3,428,0.0001883353592052606,C:3874,0.00029170739846829833,NA,1.0,C,0.000,negative,0.6666666666666666,0.6666666666666666,0.513,-
nonstructural_protein_NS3,429,0.9789097148500518,M:3874,1.0,NA,1.0,M,0.034,neutral,0.6509728580416069,0.6666666666666666,0.016,-
nonstructural_protein_NS3,430,0.0001707234802248436,K:3874,0.0002678623934689213,NA,0.8681887864824674,K,0.137,negative,0.6666666666666666,0.6666666666666666,1.299,-
nonstructural_protein_NS3,44,0.006029277001345368,G:3874,0.007349296226491987,NA,1.0,G,0.000,negative,0.6666666666666666,0.6666666666666666,0.374,-
nonstructural_protein_NS3,431,0.04944607336996454,P:3874,0.054959844141435406,NA,1.0,P,0.043,neutral,0.6666666666666666,0.6666666666666666,0.290,-
nonstructural_protein_NS3,432,8.72213301583713e-10,V:3874,7.284159734847766e-09,NA,1.0,V,0.000,negative,0.6666666666666666,0.6666666666666666,1.271,-
nonstructural_protein_NS3,433,1.0,I:3874,1.0,NA,1.0,I,0.000,neutral,0.6666666666666666,0.6666666666666666,0.000,-
nonstructural_protein_NS3,434,1.709777324054862e-06,L:3874,4.458406693105083e-06,NA,1.0,L,0.000,negative,0.6666666666666666,0.6666666666666666,0.991,-
nonstructural_protein_NS3,435,0.02454391572907089,T:3874,0.027679087446287973,NA,1.0,T,0.046,negative,0.6666666666666666,0.6666666666666666,0.368,-
nonstructural_protein_NS3,436,0.006476337391811415,D:3874,0.007832439350566447,NA,1.0,D,0.135,negative,0.6666666666666666,0.6666666666666666,0.700,-
nonstructural_protein_NS3,437,0.0004722181957755867,G:3874,0.0006818477686666183,NA,1.0,G,0.064,negative,0.6666666666666666,0.6666666666666666,0.739,-
nonstructural_protein_NS3,438,0.0001301488586109567,E:3874,0.0002083730430610654,NA,1.0,E,0.071,negative,0.6666666666666666,0.6666666666666666,1.100,-
nonstructural_protein_NS3,439,0.0007192372560698157,E:3874,0.0010125025609365515,NA,1.0,E,0.072,negative,0.6666666666666666,0.6666666666666666,0.824,-
nonstructural_protein_NS3,440,2.040193256558354e-07,R:3874,7.043795712586943e-07,NA,1.0,R,0.000,negative,0.6666666666666666,0.6666666666666666,1.029,-
nonstructural_protein_NS3,45,5.076932938608003e-06,T:3874,1.1535090279631419e-05,NA,1.0,T,0.000,negative,0.6666666666666666,0.6666666666666666,0.772,-
nonstructural_protein_NS3,441,1.413297767705046e-08,V:3874,7.72936301275857e-08,NA,1.0,V,0.000,negative,0.6666666666666666,0.6666666666666666,1.144,-
nonstructural_protein_NS3,442,7.467623186485639e-10,I:3874,6.786751660659007e-09,NA,1.0,I,0.096,negative,0.6666666666666666,0.6666666666666666,1.671,-
nonstructural_protein_NS3,443,1.74150400467088e-06,L:3874,4.522056617170604e-06,NA,1.0,L,0.000,negative,0.6666666666666666,0.6666666666666666,1.011,-
nonstructural_protein_NS3,444,0.0001151560945815699,A:3874,0.00018678862585671968,NA,1.0,A,0.000,negative,0.6666666666666666,0.6666666666666666,0.592,-
nonstructural_protein_NS3,445,0.9857580239674288,G:3874,1.0,NA,9.242569021461478e-06,G,0.702,neutral,1.486404442863076e-07,9.18597945689381e-05,0.706,"overall,Hydrophobicity_KyteDoolittle,Isoelectric_Point_pI,Volume_Angstrom3"
nonstructural_protein_NS3,446,0.0,P:3874,0.0,NA,1.0,P,0.000,negative,0.6666666666666666,0.6666666666666666,2.674,-
nonstructural_protein_NS3,447,1.0,M:3874,1.0,NA,1.0,M,0.000,neutral,0.6666666666666666,0.6666666666666666,0.045,-
nonstructural_protein_NS3,448,0.002683025303755415,P:3874,0.0034907571320438873,NA,1.0,P,0.042,negative,0.6666666666666666,0.6666666666666666,0.520,-
nonstructural_protein_NS3,449,1.639491553184769e-06,V:3874,4.293244829949946e-06,NA,1.0,V,0.000,negative,0.6666666666666666,0.6666666666666666,0.822,-
nonstructural_protein_NS3,450,1.484944471308314e-05,T:3874,2.8323940841621546e-05,NA,1.0,T,0.000,negative,0.6666666666666666,0.6666666666666666,0.583,-
nonstructural_protein_NS3,46,2.289893463736092e-08,F:3874,1.0885801235299268e-07,NA,1.0,F,0.000,negative,0.6666666666666666,0.6666666666666666,0.959,-
nonstructural_protein_NS3,451,2.399750695092351e-05,H:3874,4.3111800278112585e-05,NA,1.0,H,0.000,negative,0.6666666666666666,0.6666666666666666,0.671,-
nonstructural_protein_NS3,452,2.629898403339048e-05,S:3874,4.697332986310784e-05,NA,1.0,S,0.000,negative,0.6666666666666666,0.6666666666666666,0.533,-
nonstructural_protein_NS3,453,5.319962335104123e-07,S:3874,1.6356899119872377e-06,NA,1.0,S,0.000,negative,0.6666666666666666,0.6666666666666666,0.933,-
nonstructural_protein_NS3,454,0.01109125201290473,A:3874,0.012908462794680081,NA,1.0,A,0.047,negative,0.6666666666666666,0.6666666666666666,0.450,-
nonstructural_protein_NS3,455,1.903300850258915e-10,A:3874,2.1004284383214454e-09,NA,1.0,A,0.000,negative,0.6666666666666666,0.6666666666666666,1.544,-
nonstructural_protein_NS3,456,0.006807251449509666,Q:3874,0.008184594155247029,NA,1.0,Q,0.000,negative,0.6666666666666666,0.6666666666666666,0.578,-
nonstructural_protein_NS3,457,0.007311012399947026,R:3874,0.008722404755149155,NA,1.0,R,0.000,negative,0.6666666666666666,0.6666666666666666,0.351,-
nonstructural_protein_NS3,458,0.0003903920556381779,R:3874,0.0005730695733596056,NA,1.0,R,0.000,negative,0.6666666666666666,0.6666666666666666,0.616,-
nonstructural_protein_NS3,459,0.00367622137572432,G:3874,0.004598997591493178,NA,1.0,G,0.000,negative,0.6666666666666666,0.6666666666666666,0.356,-
nonstructural_protein_NS3,460,0.001125870197093426,R:3874,0.0015359553682201706,NA,1.0,R,0.001,negative,0.6666666666666666,0.6666666666666666,0.543,-
nonstructural_protein_NS3,47,1.065170174285868e-11,H:3874,1.8807861934533325e-10,NA,1.0,H,0.000,negative,0.6666666666666666,0.6666666666666666,1.755,-
nonstructural_protein_NS3,461,0.02137692912816591,V:3874,0.02437443210554711,NA,0.04364892428132006,V,0.343,negative,0.6666666666666666,0.6666666666666666,1.195,"overall,Hydrophobicity_KyteDoolittle,Volume_Angstrom3"
nonstructural_protein_NS3,462,0.002710174363965367,G:3874,0.0035186717582575563,NA,1.0,G,0.000,negative,0.6666666666666666,0.6666666666666666,0.442,-
nonstructural_protein_NS3,463,1.132418629945509e-05,R:3874,2.2502723900524908e-05,NA,1.0,R,0.000,negative,0.6666666666666666,0.6666666666666666,0.929,-
nonstructural_protein_NS3,464,3.391539669994614e-06,N:3874,8.153645875041195e-06,NA,1.0,N,0.000,negative,0.6666666666666666,0.6666666666666666,0.884,-
nonstructural_protein_NS3,465,8.570291962217702e-06,P:3874,1.7713847600837927e-05,NA,1.0,P,0.042,negative,0.6666666666666666,0.6666666666666666,0.960,-
nonstructural_protein_NS3,466,1.376139862563353e-05,K:3874,2.6488512302683858e-05,NA,1.0,K,0.136,negative,0.6666666666666666,0.6666666666666666,1.610,-
nonstructural_protein_NS3,467,0.007477325743896479,N:3874,0.008903636434928756,NA,1.0,N,0.000,negative,0.6666666666666666,0.6666666666666666,0.293,-
nonstructural_protein_NS3,468,0.0003649776772849389,E:3874,0.0005422024148127217,NA,1.0,E,0.070,negative,0.6666666666666666,0.6666666666666666,1.034,-
nonstructural_protein_NS3,469,0.05338869829325288,N:3874,0.059129418539839204,NA,1.0,N,0.064,neutral,0.6666666666666666,0.6666666666666666,0.337,-
nonstructural_protein_NS3,470,2.785251073000872e-06,D:3874,6.8304966790259484e-06,NA,1.0,D,0.000,negative,0.6666666666666666,0.6666666666666666,0.942,-
nonstructural_protein_NS3,48,5.177282472845768e-06,T:3874,1.1677228351163082e-05,NA,1.0,T,0.000,negative,0.6666666666666666,0.6666666666666666,0.803,-
nonstructural_protein_NS3,471,0.002850494670051607,Q:3874,0.003662381925346971,NA,1.0,Q,0.000,negative,0.6666666666666666,0.6666666666666666,0.622,-
nonstructural_protein_NS3,472,5.054078711097532e-09,Y:3874,3.432330377426675e-08,NA,1.0,Y,0.000,negative,0.6666666666666666,0.6666666666666666,1.445,-
nonstructural_protein_NS3,473,0.0002808817656918539,I:3874,0.0004203024968464061,NA,1.0,I,0.000,negative,0.6666666666666666,0.6666666666666666,0.987,-
nonstructural_protein_NS3,474,6.77016570097555e-05,Y:3874,0.00011369463052181766,NA,1.0,Y,0.000,negative,0.6666666666666666,0.6666666666666666,0.669,-
nonstructural_protein_NS3,475,0.5475311550476161,M:3874,0.5754664180602496,NA,1.0,M,0.000,neutral,0.6666666666666666,0.6666666666666666,495.083,-
nonstructural_protein_NS3,476,1.078934086296002e-06,G:3874,3.0280619614879183e-06,NA,1.0,G,0.000,negative,0.6666666666666666,0.6666666666666666,1.037,-
nonstructural_protein_NS3,477,0.001108931451923256,E:3874,0.0015161938878065757,NA,1.0,E,0.069,negative,0.6666666666666666,0.6666666666666666,0.906,-
nonstructural_protein_NS3,478,1.43818404418905e-06,P:3874,3.847609261077198e-06,NA,1.0,P,0.043,negative,0.6666666666666666,0.6666666666666666,0.883,-
nonstructural_protein_NS3,479,3.178408447546133e-08,L:3874,1.4337638106448979e-07,NA,1.0,L,0.000,negative,0.6666666666666666,0.6666666666666666,1.179,-
nonstructural_protein_NS3,480,0.00135350972808379,E:3874,0.0018144664033747989,NA,1.0,E,0.000,negative,0.6666666666666666,0.6666666666666666,0.581,-
nonstructural_protein_NS3,49,1.0,M:3874,1.0,NA,1.0,M,0.000,neutral,0.6666666666666666,0.6666666666666666,0.034,-
nonstructural_protein_NS3,481,0.03219998948350478,N:3874,0.03618107909237447,NA,1.0,N,0.063,negative,0.6666666666666666,0.6666666666666666,0.382,-
nonstructural_protein_NS3,482,0.0001923187529274673,D:3874,0.000297132473272937,NA,1.0,D,0.000,negative,0.6666666666666666,0.6666666666666666,0.597,-
nonstructural_protein_NS3,483,1.670091286976039e-05,E:3874,3.137131961553775e-05,NA,1.0,E,0.000,negative,0.6666666666666666,0.6666666666666666,1.060,-
nonstructural_protein_NS3,484,0.0001243679656318664,D:3874,0.00020015469468878495,NA,1.0,D,0.000,negative,0.6666666666666666,0.6666666666666666,0.634,-
nonstructural_protein_NS3,485,3.290527605948057e-08,C:3874,1.4735841017941298e-07,NA,1.0,C,0.000,negative,0.6666666666666666,0.6666666666666666,1.144,-
nonstructural_protein_NS3,486,2.005505761459858e-10,A:3874,2.1743904571617406e-09,NA,1.0,A,0.000,negative,0.6666666666666666,0.6666666666666666,1.620,-
nonstructural_protein_NS3,487,0.0002002657263840968,H:3874,0.00030863894988870775,NA,1.0,H,0.114,negative,0.6666666666666666,0.6666666666666666,0.938,-
nonstructural_protein_NS3,488,1.0,W:3874,1.0,NA,1.0,W,0.000,neutral,0.6666666666666666,0.6666666666666666,0.045,-
nonstructural_protein_NS3,489,0.008637989071491492,K:3874,0.010207031063445013,NA,1.0,K,0.000,negative,0.6666666666666666,0.6666666666666666,0.375,-
nonstructural_protein_NS3,490,0.003520723543899096,E:3874,0.004431379124500287,NA,1.0,E,0.000,negative,0.6666666666666666,0.6666666666666666,0.480,-
nonstructural_protein_NS3,50,1.0,W:3874,1.0,NA,1.0,W,0.000,neutral,0.6666666666666666,0.6666666666666666,0.045,-
nonstructural_protein_NS3,491,6.217248937900877e-15,A:3874,5.488942633746774e-13,NA,1.0,A,0.000,negative,0.6666666666666666,0.6666666666666666,1.990,-
nonstructural_protein_NS3,492,3.954732193944821e-07,K:3874,1.2533458953117434e-06,NA,1.0,K,0.000,negative,0.6666666666666666,0.6666666666666666,1.278,-
nonstructural_protein_NS3,493,1.0,M:3874,1.0,NA,1.0,M,0.000,neutral,0.6666666666666666,0.6666666666666666,0.025,-
nonstructural_protein_NS3,494,2.763496812496768e-07,L:3874,9.181941022166681e-07,NA,1.0,L,0.000,negative,0.6666666666666666,0.6666666666666666,0.804,-
nonstructural_protein_NS3,495,3.896964351546295e-06,L:3874,9.227294901362492e-06,NA,1.0,L,0.000,negative,0.6666666666666666,0.6666666666666666,0.926,-
nonstructural_protein_NS3,496,9.43689570931383e-15,D:3874,6.480001720395497e-13,NA,1.0,D,0.000,negative,0.6666666666666666,0.6666666666666666,2.629,-
nonstructural_protein_NS3,497,3.384124741212524e-05,N:3874,5.90787878550661e-05,NA,1.0,N,0.000,negative,0.6666666666666666,0.6666666666666666,0.716,-
nonstructural_protein_NS3,498,1.515565450915801e-12,I:3874,4.072258472460717e-11,NA,1.0,I,0.000,negative,0.6666666666666666,0.6666666666666666,1.633,-
nonstructural_protein_NS3,499,1.740864403598774e-05,N:3874,3.240524703084465e-05,NA,1.0,N,0.064,negative,0.6666666666666666,0.6666666666666666,1.041,-
nonstructural_protein_NS3,500,1.364222282917993e-07,T:3874,4.873348964412253e-07,NA,1.0,T,0.000,negative,0.6666666666666666,0.6666666666666666,1.004,-
nonstructural_protein_NS3,6,2.387787412239106e-09,D:3874,1.8049421429011938e-08,NA,1.0,D,0.000,negative,0.6666666666666666,0.6666666666666666,1.539,-
nonstructural_protein_NS3,51,2.452343374148569e-06,H:3874,6.062192820895262e-06,NA,1.0,H,0.000,negative,0.6666666666666666,0.6666666666666666,0.842,-
nonstructural_protein_NS3,501,7.406352198202626e-10,P:3874,6.786751660659007e-09,NA,1.0,P,0.000,negative,0.6666666666666666,0.6666666666666666,1.167,-
nonstructural_protein_NS3,502,8.456798355671591e-05,E:3874,0.0001397406787113648,NA,1.0,E,0.000,negative,0.6666666666666666,0.6666666666666666,0.874,-
nonstructural_protein_NS3,503,2.287950123891491e-05,G:3874,4.1343660133477816e-05,NA,1.0,G,0.000,negative,0.6666666666666666,0.6666666666666666,0.899,-
nonstructural_protein_NS3,504,1.599867704982216e-08,I:3874,8.378968149822115e-08,NA,1.0,I,0.048,negative,0.6666666666666666,0.6666666666666666,1.280,-
nonstructural_protein_NS3,505,3.156450979868719e-05,I:3874,5.541723595337694e-05,NA,1.0,I,0.000,negative,0.6666666666666666,0.6666666666666666,0.563,-
nonstructural_protein_NS3,506,9.108303000715523e-11,P:3874,1.1726940113421236e-09,NA,1.0,P,0.000,negative,0.6666666666666666,0.6666666666666666,1.244,-
nonstructural_protein_NS3,507,6.847744593585503e-12,S:3874,1.3224706746362003e-10,NA,1.0,S,0.000,negative,0.6666666666666666,0.6666666666666666,1.773,-
nonstructural_protein_NS3,508,0.008662162454743716,M:3874,0.010216061826396214,NA,1.0,M,0.069,negative,0.6666666666666666,0.6666666666666666,7.207,-
nonstructural_protein_NS3,509,3.902094758423402e-09,F:3874,2.804063442681003e-08,NA,1.0,F,0.000,negative,0.6666666666666666,0.6666666666666666,1.078,-
nonstructural_protein_NS3,510,1.149026704783118e-06,E:3874,3.184298222224067e-06,NA,1.0,E,0.000,negative,0.6666666666666666,0.6666666666666666,1.329,-
nonstructural_protein_NS3,52,5.135573474956967e-05,V:3874,8.791646558236581e-05,NA,1.0,V,0.000,negative,0.6666666666666666,0.6666666666666666,0.546,-
nonstructural_protein_NS3,511,6.040579897303999e-05,P:3874,0.00010227611990503758,NA,1.0,P,0.000,negative,0.6666666666666666,0.6666666666666666,0.592,-
nonstructural_protein_NS3,512,2.95236639258345e-06,E:3874,7.183316655970756e-06,NA,1.0,E,0.000,negative,0.6666666666666666,0.6666666666666666,1.044,-
nonstructural_protein_NS3,513,4.584486726022519e-06,R:3874,1.0571689539857898e-05,NA,1.0,R,0.000,negative,0.6666666666666666,0.6666666666666666,0.751,-
nonstructural_protein_NS3,514,3.733191480392861e-07,E:3874,1.1953949921672478e-06,NA,1.0,E,0.000,negative,0.6666666666666666,0.6666666666666666,1.427,-
nonstructural_protein_NS3,515,9.557451496888802e-10,K:3874,7.875340033436373e-09,NA,1.0,K,0.000,negative,0.6666666666666666,0.6666666666666666,1.864,-
nonstructural_protein_NS3,516,2.293028991129376e-07,V:3874,7.829237107834002e-07,NA,1.0,V,0.000,negative,0.6666666666666666,0.6666666666666666,0.947,-
nonstructural_protein_NS3,517,4.621443419272619e-05,D:3874,7.977798975168934e-05,NA,1.0,D,0.000,negative,0.6666666666666666,0.6666666666666666,0.715,-
nonstructural_protein_NS3,518,3.403949248803606e-06,A:3874,8.153645875041195e-06,NA,1.0,A,0.000,negative,0.6666666666666666,0.6666666666666666,0.696,-
nonstructural_protein_NS3,519,0.3355328225733356,I:3874,0.35567630248768684,NA,1.0,I,0.194,neutral,0.6127898808154736,0.6666666666666666,0.337,-
nonstructural_protein_NS3,520,0.0005561103657250044,D:3874,0.0007900602437196614,NA,1.0,D,0.000,negative,0.6666666666666666,0.6666666666666666,0.509,-
nonstructural_protein_NS3,53,1.219287416021064e-05,T:3874,2.392125787622278e-05,NA,1.0,T,0.000,negative,0.6666666666666666,0.6666666666666666,0.746,-
nonstructural_protein_NS3,521,0.0004720365907300295,G:3874,0.0006818477686666183,NA,1.0,G,0.000,negative,0.6666666666666666,0.6666666666666666,0.494,-
nonstructural_protein_NS3,522,3.999340414395647e-08,E:3874,1.7654231257832213e-07,NA,1.0,E,0.000,negative,0.6666666666666666,0.6666666666666666,1.699,-
nonstructural_protein_NS3,523,0.000146700656481813,Y:3874,0.00023366238583958873,NA,1.0,Y,0.016,negative,0.6666666666666666,0.6666666666666666,0.618,-
nonstructural_protein_NS3,524,8.536534801262263e-08,R:3874,3.3817810943462044e-07,NA,1.0,R,0.000,negative,0.6666666666666666,0.6666666666666666,1.021,-
nonstructural_protein_NS3,525,9.597277750295063e-08,L:3874,3.6839240060138815e-07,NA,1.0,L,0.000,negative,0.6666666666666666,0.6666666666666666,1.213,-
nonstructural_protein_NS3,526,1.104649657868162e-05,R:3874,2.2021725437500775e-05,NA,1.0,R,0.000,negative,0.6666666666666666,0.6666666666666666,0.936,-
nonstructural_protein_NS3,527,0.0002529101873258721,G:3874,0.00038214791141170896,NA,1.0,G,0.000,negative,0.6666666666666666,0.6666666666666666,0.659,-
nonstructural_protein_NS3,528,2.106051101180562e-05,E:3874,3.8507088181348734e-05,NA,1.0,E,0.000,negative,0.6666666666666666,0.6666666666666666,1.035,-
nonstructural_protein_NS3,529,9.984857385347823e-11,A:3874,1.234128372828991e-09,NA,1.0,A,0.000,negative,0.6666666666666666,0.6666666666666666,1.565,-
nonstructural_protein_NS3,530,1.270282229404174e-07,R:3874,4.609351300877725e-07,NA,1.0,R,0.000,negative,0.6666666666666666,0.6666666666666666,1.137,-
nonstructural_protein_NS3,54,0.000854256836852807,R:3874,0.0011837011775224994,NA,1.0,R,0.054,negative,0.6666666666666666,0.6666666666666666,0.605,-
nonstructural_protein_NS3,531,0.001154758569491876,K:3874,0.0015650017454955688,NA,1.0,K,0.000,negative,0.6666666666666666,0.6666666666666666,0.579,-
nonstructural_protein_NS3,532,7.530409629197266e-11,T:3874,9.901687554987043e-10,NA,1.0,T,0.000,negative,0.6666666666666666,0.6666666666666666,1.372,-
nonstructural_protein_NS3,533,4.809639085734396e-05,F:3874,8.256547097177381e-05,NA,1.0,F,0.000,negative,0.6666666666666666,0.6666666666666666,0.510,-
nonstructural_protein_NS3,534,6.17640630706795e-06,V:3874,1.3438265976792756e-05,NA,1.0,V,0.000,negative,0.6666666666666666,0.6666666666666666,0.732,-
nonstructural_protein_NS3,535,0.03761907516487628,D:3874,0.04196496110450098,NA,0.2507173492395655,D,0.206,negative,0.6666666666666666,0.6666666666666666,0.654,-
nonstructural_protein_NS3,536,1.027655687213525e-07,L:3874,3.8725074066948686e-07,NA,1.0,L,0.000,negative,0.6666666666666666,0.6666666666666666,1.252,-
nonstructural_protein_NS3,537,1.0,M:3874,1.0,NA,1.0,M,0.000,neutral,0.6666666666666666,0.6666666666666666,0.016,-
nonstructural_protein_NS3,538,0.3159045283787766,R:3874,0.33602237269893964,NA,0.1723792117942717,R,0.239,neutral,0.00155812819999257,0.24700745468151689,0.458,-
nonstructural_protein_NS3,539,0.00267538930328437,R:3874,0.003488165800484685,NA,1.0,R,0.000,negative,0.6666666666666666,0.6666666666666666,0.443,-
nonstructural_protein_NS3,540,0.001005902105649104,G:3874,0.0013845155930760494,NA,1.0,G,0.000,negative,0.6666666666666666,0.6666666666666666,0.518,-
nonstructural_protein_NS3,55,4.719121315943653e-09,G:3874,3.2768730036552556e-08,NA,1.0,G,0.000,negative,0.6666666666666666,0.6666666666666666,1.394,-
nonstructural_protein_NS3,541,0.0001877725358919724,D:3874,0.0002915663999528617,NA,1.0,D,0.068,negative,0.6666666666666666,0.6666666666666666,0.870,-
nonstructural_protein_NS3,542,1.038661823216103e-09,L:3874,8.445960615099364e-09,NA,1.0,L,0.000,negative,0.6666666666666666,0.6666666666666666,1.657,-
nonstructural_protein_NS3,543,0.04473497746871891,P:3874,0.04981300193814106,NA,1.0,P,0.000,negative,0.6666666666666666,0.6666666666666666,0.149,-
nonstructural_protein_NS3,544,1.969995172323991e-06,V:3874,5.0101111789968165e-06,NA,1.0,V,0.000,negative,0.6666666666666666,0.6666666666666666,0.758,-
nonstructural_protein_NS3,545,0.3900047108033784,W:3874,0.4120049765410049,NA,1.0,W,0.000,neutral,0.6666666666666666,0.6666666666666666,10000.000,-
nonstructural_protein_NS3,546,2.332158799411843e-09,L:3874,1.801592672545649e-08,NA,1.0,L,0.000,negative,0.6666666666666666,0.6666666666666666,1.520,-
nonstructural_protein_NS3,547,6.953003728327189e-09,A:3874,4.340359903137578e-08,NA,1.0,A,0.000,negative,0.6666666666666666,0.6666666666666666,1.081,-
nonstructural_protein_NS3,548,3.350636069821e-06,Y:3874,8.088644887302257e-06,NA,1.0,Y,0.000,negative,0.6666666666666666,0.6666666666666666,0.913,-
nonstructural_protein_NS3,549,0.5115612746145118,R:3874,0.5385772874135747,NA,1.0,R,0.447,neutral,0.6666666666666666,0.6666666666666666,0.639,-
nonstructural_protein_NS3,550,0.0003806540150290694,V:3874,0.0005641347273092684,NA,1.0,V,0.000,negative,0.6666666666666666,0.6666666666666666,0.448,-
nonstructural_protein_NS3,56,8.451183652891103e-07,A:3874,2.4292239523193963e-06,NA,1.0,A,0.000,negative,0.6666666666666666,0.6666666666666666,0.784,-
nonstructural_protein_NS3,551,5.933659954937553e-06,A:3874,1.2957603717849497e-05,NA,1.0,A,0.000,negative,0.6666666666666666,0.6666666666666666,0.817,-
nonstructural_protein_NS3,552,0.0005654810918801489,A:3874,0.0008015305384906699,NA,1.0,A,0.048,negative,0.6666666666666666,0.6666666666666666,0.578,-
nonstructural_protein_NS3,553,9.813107536060794e-05,E:3874,0.0001617200121942819,NA,1.0,E,0.000,negative,0.6666666666666666,0.6666666666666666,0.852,-
nonstructural_protein_NS3,554,2.273377230910256e-08,G:3874,1.0885801235299268e-07,NA,1.0,G,0.000,negative,0.6666666666666666,0.6666666666666666,1.266,-
nonstructural_protein_NS3,555,1.161652990466777e-06,I:3874,3.1906735471487475e-06,NA,1.0,I,0.000,negative,0.6666666666666666,0.6666666666666666,0.766,-
nonstructural_protein_NS3,556,1.169627952268826e-07,N:3874,4.30255996727461e-07,NA,1.0,N,0.000,negative,0.6666666666666666,0.6666666666666666,1.165,-
nonstructural_protein_NS3,557,5.189776234315602e-07,Y:3874,1.603640856403521e-06,NA,1.0,Y,0.000,negative,0.6666666666666666,0.6666666666666666,1.071,-
nonstructural_protein_NS3,558,0.6284911220162301,A:3874,0.6583178193322546,NA,1.0,A,0.338,neutral,0.6574168270111105,0.6666666666666666,0.444,-
nonstructural_protein_NS3,559,2.917241077515786e-05,D:3874,5.180617775588378e-05,NA,1.0,D,0.000,negative,0.6666666666666666,0.6666666666666666,0.754,-
nonstructural_protein_NS3,560,0.01994662109517065,R:3874,0.022827799697806413,NA,1.0,R,0.000,negative,0.6666666666666666,0.6666666666666666,0.265,-
nonstructural_protein_NS3,57,6.054036827407572e-09,V:3874,3.938310272987242e-08,NA,1.0,V,0.000,negative,0.6666666666666666,0.6666666666666666,1.143,-
nonstructural_protein_NS3,561,0.00281541689335596,R:3874,0.003640015983460216,NA,1.0,R,0.182,negative,0.6666666666666666,0.6666666666666666,0.914,-
nonstructural_protein_NS3,562,1.0,W:3874,1.0,NA,1.0,W,0.000,neutral,0.6666666666666666,0.6666666666666666,0.032,-
nonstructural_protein_NS3,563,1.89522146420984e-07,C:3874,6.582604215717702e-07,NA,1.0,C,0.000,negative,0.6666666666666666,0.6666666666666666,1.018,-
nonstructural_protein_NS3,564,0.00010128501221629,F:3874,0.0001664737700789022,NA,1.0,F,0.000,negative,0.6666666666666666,0.6666666666666666,0.464,-
nonstructural_protein_NS3,565,0.00534674416953318,D:3874,0.006556126779308542,NA,1.0,D,0.000,negative,0.6666666666666666,0.6666666666666666,0.332,-
nonstructural_protein_NS3,566,0.0005212926897838477,G:3874,0.0007474684043768396,NA,1.0,G,0.000,negative,0.6666666666666666,0.6666666666666666,0.597,-
nonstructural_protein_NS3,567,3.107828592252559e-07,V:3874,1.0162106190540115e-06,NA,1.0,V,0.595,negative,0.6666666666666666,0.6666666666666666,2.450,-
nonstructural_protein_NS3,568,0.9321876582704864,K:3874,0.9731283324512848,NA,1.0,K,0.479,neutral,0.6666666666666666,0.6666666666666666,0.500,-
nonstructural_protein_NS3,569,1.198802766366747e-05,N:3874,2.3594271006835975e-05,NA,1.0,N,0.000,negative,0.6666666666666666,0.6666666666666666,0.792,-
nonstructural_protein_NS3,570,4.294472850996378e-06,N:3874,9.977384292916397e-06,NA,1.0,N,0.000,negative,0.6666666666666666,0.6666666666666666,0.872,-
nonstructural_protein_NS3,58,4.091290402130632e-06,L:3874,9.577338895896705e-06,NA,1.0,L,0.000,negative,0.6666666666666666,0.6666666666666666,0.917,-
nonstructural_protein_NS3,571,0.001735617631312802,Q:3874,0.0022968130538571986,NA,1.0,Q,0.000,negative,0.6666666666666666,0.6666666666666666,0.775,-
nonstructural_protein_NS3,572,9.053181644347319e-07,I:3874,2.5782793807403886e-06,NA,1.0,I,0.000,negative,0.6666666666666666,0.6666666666666666,0.807,-
nonstructural_protein_NS3,573,1.200580535765106e-06,L:3874,3.2685408418627115e-06,NA,1.0,L,0.000,negative,0.6666666666666666,0.6666666666666666,0.987,-
nonstructural_protein_NS3,574,0.003436198307607441,E:3874,0.004333817457349793,NA,1.0,E,0.000,negative,0.6666666666666666,0.6666666666666666,0.481,-
nonstructural_protein_NS3,575,1.180488487961817e-06,E:3874,3.228061440532756e-06,NA,1.0,E,0.000,negative,0.6666666666666666,0.6666666666666666,1.337,-
nonstructural_protein_NS3,576,5.67276670082606e-10,N:3874,5.523813500357688e-09,NA,1.0,N,0.000,negative,0.6666666666666666,0.6666666666666666,1.594,-
nonstructural_protein_NS3,577,0.5675317955730329,V:3874,0.595474787205661,NA,0.558862218575849,V,0.449,neutral,0.4473359810796674,0.6666666666666666,0.337,-
nonstructural_protein_NS3,578,0.008766594129288707,E:3874,0.010299914775476085,NA,1.0,E,0.000,negative,0.6666666666666666,0.6666666666666666,0.389,-
nonstructural_protein_NS3,579,1.024212827871462e-05,V:3874,2.0685082602109922e-05,NA,1.0,V,0.000,negative,0.6666666666666666,0.6666666666666666,0.689,-
nonstructural_protein_NS3,580,0.02382141451057151,E:3874,0.026913407984521378,NA,1.0,E,0.000,negative,0.6666666666666666,0.6666666666666666,0.284,-
nonstructural_protein_NS3,59,0.9832308300883906,M:3874,1.0,NA,1.0,M,0.034,neutral,0.6548500382320749,0.6666666666666666,0.017,-
nonstructural_protein_NS3,581,1.233173141379496e-08,I:3874,6.928190921568442e-08,NA,1.0,I,0.047,negative,0.6666666666666666,0.6666666666666666,1.302,-
nonstructural_protein_NS3,582,1.0,W:3874,1.0,NA,1.0,W,0.000,neutral,0.6666666666666666,0.6666666666666666,0.045,-
nonstructural_protein_NS3,583,1.082850636713317e-06,T:3874,3.0280619614879183e-06,NA,1.0,T,0.047,negative,0.6666666666666666,0.6666666666666666,1.201,-
nonstructural_protein_NS3,584,0.003217201902632305,K:3874,0.004074243393087632,NA,1.0,K,0.069,negative,0.6666666666666666,0.6666666666666666,0.758,-
nonstructural_protein_NS3,585,0.003094509705694914,E:3874,0.00393781071205634,NA,1.0,E,0.071,negative,0.6666666666666666,0.6666666666666666,0.797,-
nonstructural_protein_NS3,586,1.896901524744976e-10,G:3874,2.1004284383214454e-09,NA,1.0,G,0.000,negative,0.6666666666666666,0.6666666666666666,1.821,-
nonstructural_protein_NS3,587,0.02342909233692525,E:3874,0.026567301035265698,NA,1.0,E,0.000,negative,0.6666666666666666,0.6666666666666666,0.290,-
nonstructural_protein_NS3,588,0.0004933430014796292,R:3874,0.0007106899182154099,NA,1.0,R,0.178,negative,0.6666666666666666,0.6666666666666666,1.047,-
nonstructural_protein_NS3,589,5.167561216601335e-06,K:3874,1.1677228351163082e-05,NA,1.0,K,0.000,negative,0.6666666666666666,0.6666666666666666,0.985,-
nonstructural_protein_NS3,590,4.044692028970509e-06,K:3874,9.504257315223478e-06,NA,1.0,K,0.000,negative,0.6666666666666666,0.6666666666666666,1.170,-
nonstructural_protein_NS3,60,4.729328040298242e-12,H:3874,1.0078361134152805e-10,NA,1.0,H,0.056,negative,0.6666666666666666,0.6666666666666666,2.142,-
nonstructural_protein_NS3,591,1.129751514561406e-09,L:3874,9.043588920467125e-09,NA,1.0,L,0.000,negative,0.6666666666666666,0.6666666666666666,1.636,-
nonstructural_protein_NS3,592,1.010432886083823e-05,K:3874,2.054103696051982e-05,NA,1.0,K,0.000,negative,0.6666666666666666,0.6666666666666666,1.078,-
nonstructural_protein_NS3,593,8.119997230160436e-09,P:3874,4.9325836101895623e-08,NA,1.0,P,0.000,negative,0.6666666666666666,0.6666666666666666,0.979,-
nonstructural_protein_NS3,594,8.366835401729666e-06,R:3874,1.7468595534692344e-05,NA,1.0,R,0.000,negative,0.6666666666666666,0.6666666666666666,0.980,-
nonstructural_protein_NS3,595,1.0,W:3874,1.0,NA,1.0,W,0.000,neutral,0.6666666666666666,0.6666666666666666,0.045,-
nonstructural_protein_NS3,596,9.577594273224577e-11,L:3874,1.2079496450719977e-09,NA,1.0,L,0.000,negative,0.6666666666666666,0.6666666666666666,1.796,-
nonstructural_protein_NS3,597,1.334782589956784e-05,D:3874,2.585879751076152e-05,NA,1.0,D,0.000,negative,0.6666666666666666,0.6666666666666666,0.823,-
nonstructural_protein_NS3,598,4.457545443870004e-12,A:3874,9.838439586827366e-11,NA,1.0,A,0.000,negative,0.6666666666666666,0.6666666666666666,1.569,-
nonstructural_protein_NS3,599,0.0002474078241463395,R:3874,0.0003765961461143788,NA,1.0,R,0.000,negative,0.6666666666666666,0.6666666666666666,0.542,-
nonstructural_protein_NS3,600,0.001181220766613755,I:3874,0.001593874309535591,NA,1.0,I,0.144,negative,0.6666666666666666,0.6666666666666666,0.762,-
nonstructural_protein_NS3,7,5.371686651045593e-09,V:3874,3.569572419727071e-08,NA,1.0,V,0.051,negative,0.6666666666666666,0.6666666666666666,1.413,-
nonstructural_protein_NS3,61,0.019232895438833,K:3874,0.022051817033763996,NA,1.0,K,0.179,negative,0.6666666666666666,0.6666666666666666,0.842,-
nonstructural_protein_NS3,601,2.22483537148932e-08,Y:3874,1.0885801235299268e-07,NA,1.0,Y,0.000,negative,0.6666666666666666,0.6666666666666666,1.341,-
nonstructural_protein_NS3,602,0.0001670004658843594,S:3874,0.0002635618516613407,NA,1.0,S,0.000,negative,0.6666666666666666,0.6666666666666666,0.428,-
nonstructural_protein_NS3,603,0.0001213610470295334,D:3874,0.0001958253970345996,NA,1.0,D,0.000,negative,0.6666666666666666,0.6666666666666666,0.631,-
nonstructural_protein_NS3,604,7.359483644719944e-07,P:3874,2.1657909011604408e-06,NA,1.0,P,0.000,negative,0.6666666666666666,0.6666666666666666,0.908,-
nonstructural_protein_NS3,605,9.599877242583155e-06,L:3874,1.9579947643288415e-05,NA,1.0,L,0.000,negative,0.6666666666666666,0.6666666666666666,0.827,-
nonstructural_protein_NS3,606,2.059650072716579e-08,A:3874,1.0348485731210128e-07,NA,1.0,A,0.000,negative,0.6666666666666666,0.6666666666666666,1.142,-
nonstructural_protein_NS3,607,3.397843117980415e-09,L:3874,2.470431819896349e-08,NA,1.0,L,0.000,negative,0.6666666666666666,0.6666666666666666,1.283,-
nonstructural_protein_NS3,608,0.0001671783913450575,K:3874,0.0002635618516613407,NA,1.0,K,0.000,negative,0.6666666666666666,0.6666666666666666,0.779,-
nonstructural_protein_NS3,609,0.0002524850273355472,E:3874,0.00038214791141170896,NA,1.0,E,0.000,negative,0.6666666666666666,0.6666666666666666,0.748,-
nonstructural_protein_NS3,610,5.868252106466798e-09,F:3874,3.858063618932427e-08,NA,1.0,F,0.000,negative,0.6666666666666666,0.6666666666666666,1.050,-
nonstructural_protein_NS3,62,1.154692608196228e-08,G:3874,6.546789283167605e-08,NA,1.0,G,0.000,negative,0.6666666666666666,0.6666666666666666,1.437,-
nonstructural_protein_NS3,611,2.354418447869655e-06,K:3874,5.84439047930267e-06,NA,1.0,K,0.000,negative,0.6666666666666666,0.6666666666666666,1.084,-
nonstructural_protein_NS3,612,2.354778688262726e-06,E:3874,5.84439047930267e-06,NA,1.0,E,0.000,negative,0.6666666666666666,0.6666666666666666,1.222,-
nonstructural_protein_NS3,613,2.055311476567567e-11,F:3874,3.175456231296891e-10,NA,1.0,F,0.000,negative,0.6666666666666666,0.6666666666666666,1.402,-
nonstructural_protein_NS3,614,0.0001087822198643229,A:3874,0.00017691424177934619,NA,1.0,A,0.000,negative,0.6666666666666666,0.6666666666666666,0.602,-
nonstructural_protein_NS3,615,1.556828854720749e-08,A:3874,8.223249848012162e-08,NA,1.0,A,0.000,negative,0.6666666666666666,0.6666666666666666,1.042,-
nonstructural_protein_NS3,616,0.001154630246335331,G:3874,0.0015650017454955688,NA,1.0,G,0.000,negative,0.6666666666666666,0.6666666666666666,0.526,-
nonstructural_protein_NS3,617,5.028935353701414e-07,R:3874,1.5617497731595345e-06,NA,1.0,R,0.000,negative,0.6666666666666666,0.6666666666666666,1.246,-
nonstructural_protein_NS3,618,2.216947146971293e-06,K:3874,5.546855614689308e-06,NA,1.0,K,0.000,negative,0.6666666666666666,0.6666666666666666,1.109,-
nonstructural_protein_NS3,63,1.895960437536814e-07,K:3874,6.582604215717702e-07,NA,1.0,K,0.000,negative,0.6666666666666666,0.6666666666666666,1.249,-
nonstructural_protein_NS3,64,1.123938165870086e-07,R:3874,4.1592442305851085e-07,NA,1.0,R,0.000,negative,0.6666666666666666,0.6666666666666666,1.177,-
nonstructural_protein_NS3,65,1.755256176982911e-05,I:3874,3.257502454580898e-05,NA,1.0,I,0.000,negative,0.6666666666666666,0.6666666666666666,0.597,-
nonstructural_protein_NS3,66,0.003566683020898687,E:3874,0.004476200177684302,NA,1.0,E,0.000,negative,0.6666666666666666,0.6666666666666666,0.482,-
nonstructural_protein_NS3,67,2.313416912480548e-07,P:3874,7.855448636884497e-07,NA,1.0,P,0.000,negative,0.6666666666666666,0.6666666666666666,0.924,-
nonstructural_protein_NS3,68,0.0007713237025277486,S:3874,0.0010760226820815996,NA,1.0,S,0.000,negative,0.6666666666666666,0.6666666666666666,0.446,-
nonstructural_protein_NS3,69,1.0,W:3874,1.0,NA,1.0,W,0.000,neutral,0.6666666666666666,0.6666666666666666,0.023,-
nonstructural_protein_NS3,70,5.691189741696689e-10,A:3874,5.523813500357688e-09,NA,1.0,A,0.000,negative,0.6666666666666666,0.6666666666666666,1.359,-
nonstructural_protein_NS3,8,2.131762921742109e-08,P:3874,1.062443133577922e-07,NA,1.0,P,0.000,negative,0.6666666666666666,0.6666666666666666,0.925,-
nonstructural_protein_NS3,71,1.664569434511876e-07,D:3874,5.87830806016194e-07,NA,1.0,D,0.000,negative,0.6666666666666666,0.6666666666666666,1.183,-
nonstructural_protein_NS3,72,1.309595650589301e-06,V:3874,3.549693473965737e-06,NA,1.0,V,0.040,negative,0.6666666666666666,0.6666666666666666,0.999,-
nonstructural_protein_NS3,73,0.02032412321075872,K:3874,0.023216835756467446,NA,1.0,K,0.334,negative,0.6666666666666666,0.6666666666666666,0.996,-
nonstructural_protein_NS3,74,9.180015689724819e-06,K:3874,1.8848005635381853e-05,NA,1.0,K,0.000,negative,0.6666666666666666,0.6666666666666666,1.039,-
nonstructural_protein_NS3,75,4.418538201989008e-09,D:3874,3.1386857572749504e-08,NA,1.0,D,0.000,negative,0.6666666666666666,0.6666666666666666,1.492,-
nonstructural_protein_NS3,76,5.365120910383325e-05,L:3874,9.159239565240041e-05,NA,1.0,L,0.000,negative,0.6666666666666666,0.6666666666666666,0.697,-
nonstructural_protein_NS3,77,0.000430621746719706,I:3874,0.0006291353179025492,NA,1.0,I,0.041,negative,0.6666666666666666,0.6666666666666666,1.274,-
nonstructural_protein_NS3,78,6.046601175313526e-08,S:3874,2.507919145197154e-07,NA,1.0,S,0.000,negative,0.6666666666666666,0.6666666666666666,1.054,-
nonstructural_protein_NS3,79,0.002844228797746595,Y:3874,0.0036619445770987415,NA,1.0,Y,0.000,negative,0.6666666666666666,0.6666666666666666,0.380,-
nonstructural_protein_NS3,80,0.08283724573688656,G:3874,0.09044773474451571,NA,1.0,G,0.000,neutral,0.6666666666666666,0.6666666666666666,0.149,-
nonstructural_protein_NS3,9,0.0002671904129615266,S:3874,0.00040274067124444746,NA,1.0,S,0.000,negative,0.6666666666666666,0.6666666666666666,0.524,-
nonstructural_protein_NS3,81,0.0001052667808476571,G:3874,0.0001721028321795029,NA,1.0,G,0.000,negative,0.6666666666666666,0.6666666666666666,0.743,-
nonstructural_protein_NS3,82,0.006354322688303493,G:3874,0.007699943963473645,NA,1.0,G,0.128,negative,0.6666666666666666,0.6666666666666666,0.663,-
nonstructural_protein_NS3,83,0.004364356672238556,W:3874,0.005405155157201258,NA,1.0,W,0.000,negative,0.6666666666666666,0.6666666666666666,124.820,-
nonstructural_protein_NS3,84,6.943774141143777e-05,K:3874,0.00011629410350208277,NA,1.0,K,0.000,negative,0.6666666666666666,0.6666666666666666,0.728,-
nonstructural_protein_NS3,85,5.856715112884103e-11,L:3874,8.043222088360836e-10,NA,1.0,L,0.000,negative,0.6666666666666666,0.6666666666666666,1.867,-
nonstructural_protein_NS3,86,0.02370595720752011,E:3874,0.02683201749862166,NA,1.0,E,0.000,negative,0.6666666666666666,0.6666666666666666,0.284,-
nonstructural_protein_NS3,87,0.001166091902576993,G:3874,0.0015769032730691065,NA,1.0,G,0.000,negative,0.6666666666666666,0.6666666666666666,0.521,-
nonstructural_protein_NS3,88,0.0002153190263054494,E:3874,0.00033019145969421273,NA,1.0,E,0.000,negative,0.6666666666666666,0.6666666666666666,0.772,-
nonstructural_protein_NS3,89,1.0,W:3874,1.0,NA,1.0,W,0.000,neutral,0.6666666666666666,0.6666666666666666,0.016,-
nonstructural_protein_NS3,90,5.69953566686987e-06,K:3874,1.2579689436162785e-05,NA,1.0,K,0.000,negative,0.6666666666666666,0.6666666666666666,0.953,-
nonstructural_protein_NS3,10,5.720454110402784e-10,P:3874,5.523813500357688e-09,NA,0.9999999999885297,P,0.000,negative,0.6666666666666666,0.6666666666666666,1.115,-
nonstructural_protein_NS3,91,0.0002298282784805039,E:3874,0.0003507009286443245,NA,1.0,E,0.000,negative,0.6666666666666666,0.6666666666666666,0.769,-
nonstructural_protein_NS3,92,0.006164230248225766,G:3874,0.007484271696274113,NA,1.0,G,0.000,negative,0.6666666666666666,0.6666666666666666,0.374,-
nonstructural_protein_NS3,93,2.212966768944113e-05,E:3874,4.0105966662975424e-05,NA,1.0,E,0.000,negative,0.6666666666666666,0.6666666666666666,0.974,-
nonstructural_protein_NS3,94,2.048237147478371e-05,E:3874,3.756114412883185e-05,NA,1.0,E,0.000,negative,0.6666666666666666,0.6666666666666666,1.035,-
nonstructural_protein_NS3,95,0.01250981988759958,V:3874,0.01450481930682278,NA,1.0,V,0.102,negative,0.6666666666666666,0.6666666666666666,0.493,-
nonstructural_protein_NS3,96,7.056703157370947e-07,Q:3874,2.096655072718868e-06,NA,1.0,Q,0.000,negative,0.6666666666666666,0.6666666666666666,1.754,-
nonstructural_protein_NS3,97,9.77824213821421e-08,V:3874,3.730218297170606e-07,NA,1.0,V,0.000,negative,0.6666666666666666,0.6666666666666666,0.972,-
nonstructural_protein_NS3,98,3.087424976233599e-06,L:3874,7.482465236519075e-06,NA,1.0,L,0.072,negative,0.6666666666666666,0.6666666666666666,1.210,-
nonstructural_protein_NS3,99,0.0003236427848043455,A:3874,0.0004819547976122543,NA,1.0,A,0.000,negative,0.6666666666666666,0.6666666666666666,0.509,-
nonstructural_protein_NS3,100,9.59653234655633e-09,L:3874,5.6160519165944056e-08,NA,1.0,L,0.000,negative,0.6666666666666666,0.6666666666666666,1.417,-
envelope_protein_E,1,1.0,"M:6145,?:30,I:1,L:3",1.0,"I:M:1,L:M:2",1.0,M,0.000,neutral,1.0,1.0,0.000,-
envelope_protein_E,2,3.430589146091734e-14,"R:6147,?:31,S:1",3.265656975606554e-13,"R:R:59,R:S:1",1.0,R,0.000,negative,0.6666666666666666,0.6680161943319838,1.160,-
envelope_protein_E,11,9.166461478749e-09,"F:6161,?:16,V:2",2.4394615225702984e-08,"F:F:30,F:V:1",1.0,F,0.025,negative,0.6666666666666666,0.6680161943319838,0.719,-
envelope_protein_E,101,3.715225684031154e-05,"W:6152,?:24,S:1,C:1,R:1",5.556002155877405e-05,"S:W:1,C:W:1,R:W:1",1.0,W,0.000,negative,0.6666666666666666,0.6680161943319838,10000.000,-
envelope_protein_E,102,2.102440752493884e-06,"G:6152,E:2,?:23,A:1,R:1",3.8121178479284713e-06,"G:G:17,E:G:2,A:G:1,G:R:1",1.0,G,0.000,negative,0.6666666666666666,0.6680161943319838,0.800,-
envelope_protein_E,103,0.03377209795673253,"N:6150,K:4,?:23,D:2",0.03674107360128044,"K:N:3,N:N:11,D:N:2",1.0,N,0.044,negative,0.6666666666666666,0.6680161943319838,0.251,-
envelope_protein_E,104,8.872435586337879e-06,"G:6154,?:25",1.4989268311389931e-05,G:G:15,1.0,G,0.000,negative,0.6666666666666666,0.6680161943319838,0.701,-
envelope_protein_E,105,2.587701164458167e-10,"C:6155,?:24",9.488237603013279e-10,C:C:37,1.0,C,0.000,negative,0.6666666666666666,0.6680161943319838,0.935,-
envelope_protein_E,106,1.071779704764353e-06,"G:6154,?:23,V:1,R:1",2.0249273048028803e-06,"G:G:18,G:V:1,G:R:1",1.0,G,0.000,negative,0.6666666666666666,0.6680161943319838,0.848,-
envelope_protein_E,107,0.0,"L:6152,?:25,S:1,V:1",0.0,"L:L:98,L:S:1,L:V:1",1.0,L,0.000,negative,0.6666666666666666,0.6680161943319838,2.031,-
envelope_protein_E,108,9.19327055282082e-06,"F:6155,?:23,I:1",1.5478465726688117e-05,"F:F:15,F:I:1",1.0,F,0.000,negative,0.6666666666666666,0.6680161943319838,0.344,-
envelope_protein_E,109,0.0001352106087557647,"G:6154,?:25",0.00018488743462459538,G:G:11,1.0,G,0.000,negative,0.6666666666666666,0.6680161943319838,0.519,-
envelope_protein_E,110,0.0,"K:6148,?:30,R:1",0.0,"K:K:111,K:R:1",1.0,K,0.000,negative,0.6666666666666666,0.6680161943319838,4.385,-
envelope_protein_E,12,3.356948052868347e-11,"V:6153,?:15,I:1,L:1,E:2,K:3,M:1,A:1,G:2",1.408211259465959e-10,"V:V:39,I:V:1,L:V:1,E:V:2,K:V:1,K:M:1,A:V:1,G:V:2",1.0,V,0.066,negative,0.08279939299910455,0.6680161943319838,1.404,-
envelope_protein_E,111,0.0002741274341112598,"G:6153,?:24,R:1,E:1",0.00035992859385961163,"G:G:10,G:R:1,E:G:1",1.0,G,0.000,negative,0.6666666666666666,0.6680161943319838,0.472,-
envelope_protein_E,112,1.071721515755186e-06,"G:6146,S:7,?:24,A:2",2.0249273048028803e-06,"G:S:7,G:G:39,A:G:1",1.0,G,0.047,negative,0.6666666666666666,0.6680161943319838,0.897,-
envelope_protein_E,113,8.199330103764169e-12,"I:6141,V:12,?:24,A:1,M:1",3.94045475860511e-11,"I:I:55,I:V:7,A:I:1,I:M:1",1.0,I,0.063,negative,0.6666666666666666,0.6680161943319838,1.284,-
envelope_protein_E,114,4.693166524849524e-06,"V:6154,?:24,L:1",8.122788216085715e-06,"V:V:16,L:V:1",1.0,V,0.000,negative,0.6666666666666666,0.6680161943319838,0.488,-
envelope_protein_E,115,4.47520307256255e-07,"T:6155,?:24",9.116154407071862e-07,T:T:20,1.0,T,0.000,negative,0.6666666666666666,0.6680161943319838,0.495,-
envelope_protein_E,116,1.209567185356253e-05,"C:6152,?:26,W:1",1.9957858558378175e-05,"C:C:19,C:W:1",1.0,C,0.000,negative,0.6666666666666666,0.6680161943319838,0.436,-
envelope_protein_E,117,3.996802888650564e-15,"A:6151,?:26,T:1,V:1",4.3964831775156205e-14,"A:A:50,A:T:1,A:V:1",1.0,A,0.000,negative,0.6666666666666666,0.6680161943319838,1.193,-
envelope_protein_E,118,0.8517549185003724,"M:6108,K:47,?:24",0.8838966135381223,K:M:8,0.6169689234666467,M,0.093,neutral,0.6016705495739705,0.6680161943319838,0.000,-
envelope_protein_E,119,0.0,"F:6148,L:2,?:28,V:1",0.0,"F:L:2,F:F:50,F:V:1",1.0,F,0.000,negative,0.6666666666666666,0.6680161943319838,1.464,-
envelope_protein_E,120,0.9237072224400058,"T:6072,?:28,R:38,I:34,S:6,K:1",0.9486204877755245,"R:T:8,I:T:8,T:T:5,S:T:2,K:T:1",0.2985211918185504,T,0.225,neutral,0.6550227772439294,0.6680161943319838,0.237,-
envelope_protein_E,13,1.599523048956275e-05,"E:6164,V:1,G:1,?:13",2.570662042965442e-05,"E:E:12,E:V:1,E:G:1",1.0,E,0.000,negative,0.6666666666666666,0.6680161943319838,0.733,-
envelope_protein_E,121,7.543299318513164e-12,"C:6147,?:30,S:1,R:1",3.696963527390115e-11,"C:C:38,C:S:1,C:R:1",1.0,C,0.000,negative,0.6666666666666666,0.6680161943319838,1.157,-
envelope_protein_E,122,2.761602058143353e-11,"K:6135,?:39,R:5",1.1886895815486608e-10,"K:K:29,K:R:5",1.0,K,0.000,negative,0.6666666666666666,0.6680161943319838,1.763,-
envelope_protein_E,123,0.0006930874980695112,"K:6112,?:38,R:28,M:1",0.0008598453923418748,"K:K:23,K:R:8,K:M:1",1.0,K,0.158,negative,0.6666666666666666,0.6680161943319838,0.871,-
envelope_protein_E,124,1.485750283025666e-06,"N:6129,S:4,?:32,Q:1,K:4,D:1,I:3,T:1,H:1,Y:3",2.7857817806731236e-06,"N:N:39,N:S:4,N:Q:1,K:N:3,K:K:1,D:N:1,I:N:2,N:T:1,N:Y:1,H:Y:1",1.0,N,0.140,negative,0.6666666666666666,0.6680161943319838,1.194,-
envelope_protein_E,125,0.0007026027140425439,"M:6149,V:1,?:27,K:1,Q:1",0.0008694708586276482,"M:V:1,K:M:1,M:Q:1",1.0,M,0.000,negative,0.6666666666666666,0.6680161943319838,42.541,-
envelope_protein_E,126,0.1073796155875681,"E:6131,?:28,Q:1,K:19",0.11504958812953726,"E:Q:1,E:E:9,E:K:12",1.0,E,0.259,neutral,0.6666666666666666,0.6680161943319838,0.610,-
envelope_protein_E,127,0.0,"G:6141,?:35,H:1,W:2",0.0,"G:G:75,G:H:1,G:W:1",1.0,G,0.049,negative,0.6666666666666666,0.6680161943319838,3.007,-
envelope_protein_E,128,4.796077633695273e-05,"K:6113,?:61,L:1,R:2,E:1,T:1",7.044683764626589e-05,"K:K:10,K:L:1,K:R:2,E:K:1,K:T:1",1.0,K,0.000,negative,0.6666666666666666,0.6680161943319838,0.664,-
envelope_protein_E,129,7.024987701298446e-05,"I:4622,?:66,T:5,V:1484,S:1,P:1",0.00010050199168042574,"I:T:4,I:I:43,I:V:40,I:S:1,I:P:1,V:V:18",4.582266185426676e-05,I,0.695,negative,0.6666666666666666,0.6680161943319838,1.764,overall
envelope_protein_E,130,4.364615884822065e-06,"V:6108,?:62,F:1,A:2,M:3,I:3",7.60734106685536e-06,"V:V:20,F:V:1,A:V:2,M:V:3,I:V:1",1.0,V,0.033,negative,0.6666666666666666,0.6680161943319838,0.656,-
envelope_protein_E,14,9.145340946759006e-07,"G:6165,?:14",1.7683374096272297e-06,G:G:24,1.0,G,0.000,negative,0.6666666666666666,0.6680161943319838,0.739,-
envelope_protein_E,131,0.0001424437166085424,"Q:5914,?:62,L:201,H:1,R:1",0.00019424143173892147,"Q:Q:27,L:Q:6,H:Q:1,L:L:1,Q:R:1",1.0,Q,0.231,negative,0.6666666666666666,0.6680161943319838,1.439,-
envelope_protein_E,132,0.004842314259163039,"P:6096,?:61,S:15,I:1,L:1,T:5",0.005527900275897891,"P:S:7,I:P:1,P:P:10,L:P:1,P:T:1",1.0,P,0.107,negative,0.6666666666666666,0.6680161943319838,0.474,-
envelope_protein_E,133,3.118760776088525e-05,"E:6113,?:60,I:1,K:5",4.735541669214171e-05,"E:E:17,E:I:1,E:K:2",1.0,E,0.104,negative,0.6666666666666666,0.6680161943319838,1.106,-
envelope_protein_E,134,1.292119444773476e-08,"N:6117,?:60,R:1,I:1",3.348686519177333e-08,"N:N:34,N:R:1,I:N:1",1.0,N,0.000,negative,0.6666666666666666,0.6680161943319838,0.960,-
envelope_protein_E,135,6.427236520778479e-11,"L:6112,?:62,I:1,F:4",2.5451856622282775e-10,"L:L:69,I:L:1,F:L:4",1.0,L,0.000,negative,0.6666666666666666,0.6680161943319838,1.118,-
envelope_protein_E,136,1.55623242070746e-08,"E:6117,?:59,H:1,G:1,K:1",3.950436144872783e-08,"E:E:24,E:H:1,E:G:1,E:K:1",1.0,E,0.000,negative,0.6666666666666666,0.6680161943319838,1.191,-
envelope_protein_E,137,9.32108834561518e-10,"Y:6111,?:63,H:3,F:2",3.1175261696483206e-09,"Y:Y:34,H:Y:3,F:Y:2",1.0,Y,0.000,negative,0.6666666666666666,0.6680161943319838,1.021,-
envelope_protein_E,138,2.539206511720238e-09,"T:6114,?:62,P:1,S:2",7.758686563589615e-09,"T:T:28,P:T:1,S:T:2",1.0,T,0.000,negative,0.6666666666666666,0.6680161943319838,0.691,-
envelope_protein_E,139,1.103561686477406e-13,"I:6089,?:59,V:29,L:2",9.932055178296654e-13,"I:I:61,I:V:2,I:L:2",1.0,I,0.032,negative,0.6666666666666666,0.6680161943319838,1.325,-
envelope_protein_E,140,0.0001325511683919478,"V:6106,?:60,A:5,L:1,M:7",0.00018175298713023314,"A:V:4,V:V:19,L:V:1,M:V:6",1.0,V,0.066,negative,0.6666666666666666,0.6680161943319838,0.581,-
envelope_protein_E,15,5.793841125245613e-05,"V:6148,I:14,S:1,A:2,?:14",8.435151049989936e-05,"I:V:9,V:V:32,S:V:1,A:V:2,I:I:1",1.0,V,0.098,negative,0.6666666666666666,0.6680161943319838,0.647,-
envelope_protein_E,141,2.212163230375097e-09,"I:4107,?:59,V:2012,A:1",6.8869232643753025e-09,"I:V:17,V:V:14,A:V:1,I:I:5",1.0,I,0.115,negative,0.6666666666666666,0.6680161943319838,1.787,-
envelope_protein_E,142,8.098971468806226e-06,"T:6118,?:60,A:1",1.3729420811846171e-05,"T:T:10,A:T:1",1.0,T,0.000,negative,0.6666666666666666,0.6680161943319838,0.474,-
envelope_protein_E,143,0.0,"P:6114,?:62,L:2,H:1",0.0,"P:P:72,L:P:1,H:P:1",1.0,P,0.021,negative,0.6666666666666666,0.6680161943319838,1.354,-
envelope_protein_E,144,1.882938249764265e-13,"H:6117,?:60,Q:2",1.5033136026343728e-12,"H:H:47,H:Q:1",1.0,H,0.031,negative,0.6666666666666666,0.6680161943319838,1.386,-
envelope_protein_E,145,0.0001174909789649625,"S:6117,?:60,P:1,T:1",0.00016336526569566415,"S:S:7,P:S:1,S:T:1",1.0,S,0.000,negative,0.6666666666666666,0.6680161943319838,0.332,-
envelope_protein_E,146,1.417511663603932e-10,"G:6116,?:61,R:2",5.315668738514745e-10,"G:G:39,G:R:2",1.0,G,0.000,negative,0.6666666666666666,0.6680161943319838,1.299,-
envelope_protein_E,147,3.839028770435959e-07,"E:6115,?:62,D:1,G:1",7.917996839024165e-07,"E:E:17,D:E:1,E:G:1",1.0,E,0.000,negative,0.6666666666666666,0.6680161943319838,1.008,-
envelope_protein_E,148,0.0006534087455487558,"E:6100,?:60,K:12,Q:2,A:1,G:2,D:2",0.0008167609319359448,"E:E:22,E:K:5,E:Q:2,A:E:1,E:G:2,D:E:2,K:K:2",1.0,E,0.157,negative,0.6666666666666666,0.6680161943319838,0.861,-
envelope_protein_E,149,0.001254297073137733,"N:3007,S:60,?:59,K:36,H:2990,R:14,Y:6,Q:4,P:1,T:1,L:1",0.001503334264414474,"N:S:5,K:N:5,H:N:6,H:R:12,H:H:23,H:Y:5,H:Q:4,H:P:1,N:T:1,S:S:1,N:N:12,K:K:1,N:R:1,L:R:1",1.0,N,0.324,negative,0.005833715582900356,0.3609611516919595,0.958,-
envelope_protein_E,150,2.058136529092813e-06,"A:6083,?:60,V:20,T:10,S:4,G:1,F:1",3.745505815812288e-06,"A:V:16,A:T:8,A:A:30,A:S:2,A:G:1,A:F:1",1.0,A,0.167,negative,0.6666666666666666,0.6680161943319838,1.015,-
envelope_protein_E,16,1.840571609568187e-07,"S:6162,Q:1,L:1,A:1,?:14",3.995977836562511e-07,"S:S:12,Q:S:1,L:S:1,A:S:1",1.0,S,0.000,negative,0.6666666666666666,0.6680161943319838,0.607,-
envelope_protein_E,151,4.137346021337862e-11,"V:6087,I:20,?:61,A:7,F:1,L:3",1.6925506450927617e-10,"V:V:57,I:V:7,A:V:5,F:V:1,L:V:2",1.0,V,0.132,negative,0.6666666666666666,0.6680161943319838,1.506,-
envelope_protein_E,152,4.936554831580509e-09,"G:6119,?:59,R:1",1.4459139891315693e-08,"G:G:31,G:R:1",1.0,G,0.000,negative,0.6666666666666666,0.6680161943319838,1.134,-
envelope_protein_E,153,0.01505589390963968,"N:6112,?:60,K:1,S:1,D:4,H:1",0.01667263419523857,"N:N:13,K:N:1,N:S:1,D:N:3,H:N:1",1.0,N,0.044,negative,0.6666666666666666,0.6680161943319838,0.300,-
envelope_protein_E,154,0.0004245348229633406,"D:6105,?:59,N:8,E:1,Y:2,V:1,G:1,A:2",0.0005416101478527155,"D:D:30,D:N:6,D:E:1,D:Y:1,D:V:1,D:G:1,A:D:1",1.0,D,0.189,negative,0.6666666666666666,0.6680161943319838,0.901,-
envelope_protein_E,155,0.002344541833587233,"T:6106,?:62,I:3,P:3,S:1,G:2,A:2",0.0027632100181563817,"T:T:8,I:T:3,P:T:3,S:T:1,G:T:1,A:T:2",1.0,T,0.056,negative,0.03256691397602285,0.6680161943319838,0.426,-
envelope_protein_E,156,6.981063294109191e-08,"G:6116,?:59,R:4",1.614778659151425e-07,"G:G:21,G:R:4",1.0,G,0.000,negative,0.6666666666666666,0.6680161943319838,1.035,-
envelope_protein_E,157,3.882254728804213e-08,"K:6092,?:75,T:1,N:8,R:2,E:1",9.37422483296627e-08,"K:T:1,K:N:7,K:K:27,K:R:2,E:K:1",1.0,K,0.060,negative,0.6666666666666666,0.6680161943319838,1.548,-
envelope_protein_E,158,7.943645741192995e-13,"H:6102,Y:10,?:59,P:4,N:1,R:1,Q:2",5.242806189187377e-12,"H:Y:7,H:H:60,H:P:3,H:N:1,H:R:1,H:Q:1",1.0,H,0.122,negative,0.6666666666666666,0.6680161943319838,1.608,-
envelope_protein_E,159,8.570760029469326e-07,"G:6114,?:55,S:5,A:3,D:2",1.670285911254849e-06,"G:G:48,G:S:3,A:G:2,D:G:1",1.0,G,0.142,negative,0.6666666666666666,0.6680161943319838,1.201,-
envelope_protein_E,160,0.6403755392328312,"K:5518,?:53,R:9,M:305,Q:134,I:1,T:141,N:1,E:17",0.6673387198321084,"K:R:7,K:K:15,K:M:6,K:Q:2,Q:Q:1,I:M:1,K:T:7,K:N:1,E:K:7,E:Q:1",1.0,K,0.707,neutral,0.02672592010236452,0.6680161943319838,0.595,-
envelope_protein_E,17,0.004824831027371967,"G:6165,E:1,?:13",0.005527900275897891,"G:G:6,E:G:1",1.0,G,0.000,negative,0.6666666666666666,0.6680161943319838,0.282,-
envelope_protein_E,161,0.01373516571420219,"E:6121,?:55,G:2,A:1",0.015278442760741761,"E:E:7,E:G:1,A:E:1",1.0,E,0.052,negative,0.6666666666666666,0.6680161943319838,0.428,-
envelope_protein_E,162,1.321102738316426e-08,"T:2,I:5944,?:55,V:176,L:1,C:1",3.4059679972220356e-08,"I:T:2,I:I:60,I:V:18,I:L:1,C:I:1,V:V:1",1.0,I,0.255,negative,0.6666666666666666,0.6680161943319838,1.471,-
envelope_protein_E,163,0.001228456065584749,"K:6116,?:54,R:7,T:2",0.0014759362923894436,"K:K:13,K:R:6,K:T:1",1.0,K,0.105,negative,0.6666666666666666,0.6680161943319838,0.780,-
envelope_protein_E,164,1.145769701338395e-09,"V:4344,?:54,I:1780,L:1",3.7560000143212284e-09,"V:V:29,I:V:23,L:V:1,I:I:1",1.0,V,0.185,negative,0.6666666666666666,0.6680161943319838,1.809,-
envelope_protein_E,165,6.176284816916677e-09,"T:6125,?:53,R:1",1.7570465427435375e-08,"T:T:17,R:T:1",1.0,T,0.000,negative,0.6666666666666666,0.6680161943319838,0.804,-
envelope_protein_E,166,9.981756532440045e-10,"P:6125,?:53,S:1",3.293979655705215e-09,"P:P:16,P:S:1",1.0,P,0.000,negative,0.6666666666666666,0.6680161943319838,0.758,-
envelope_protein_E,167,0.00538832873194095,"Q:6119,?:54,H:4,R:2",0.006089549594316826,"Q:Q:17,H:Q:2,Q:R:2",1.0,Q,0.079,negative,0.6666666666666666,0.6680161943319838,0.633,-
envelope_protein_E,168,9.767180397801667e-10,"S:6119,?:57,R:1,G:2",3.2448015415515605e-09,"S:S:40,R:S:1,G:S:2",1.0,S,0.000,negative,0.6666666666666666,0.6680161943319838,0.944,-
envelope_protein_E,169,5.52969472433773e-08,"S:6065,?:56,P:57,A:1",1.2911315512014983e-07,"S:S:34,P:S:15,P:P:1,A:S:1",1.0,S,0.095,negative,0.6666666666666666,0.6680161943319838,0.874,-
envelope_protein_E,170,6.211583569726287e-08,"I:5309,?:57,T:656,V:148,S:7,N:2",1.4435370267673764e-07,"I:I:57,I:T:22,I:V:12,T:T:3,S:T:1,I:N:2,I:S:2,V:V:1",1.0,I,0.348,negative,0.6666666666666666,0.6680161943319838,1.595,-
envelope_protein_E,18,7.145092424276633e-05,"G:6165,?:13,R:1",0.00010192567002930644,"G:G:12,G:R:1",1.0,G,0.000,negative,0.6666666666666666,0.6680161943319838,0.558,-
envelope_protein_E,171,2.003665102279228e-06,"T:6104,?:53,A:11,I:8,P:1,S:1,M:1",3.673386020845251e-06,"T:T:18,A:T:4,I:T:5,P:T:1,S:T:1,M:T:1",1.0,T,0.083,negative,0.6666666666666666,0.6680161943319838,0.892,-
envelope_protein_E,172,0.01587932827746019,"E:6117,?:53,D:3,G:2,K:4",0.01754523994942588,"D:E:2,E:G:2,E:E:9,E:K:1",1.0,E,0.104,negative,0.6666666666666666,0.6680161943319838,0.538,-
envelope_protein_E,173,8.151235318942796e-07,"A:6109,?:53,V:9,T:6,P:2",1.5948069102279383e-06,"A:V:7,A:A:20,A:T:5,A:P:2",1.0,A,0.083,negative,0.6666666666666666,0.6680161943319838,0.934,-
envelope_protein_E,174,1.496450923699211e-05,"E:6109,?:54,K:11,Q:1,A:1,G:2,D:1",2.4366552869444392e-05,"E:K:4,E:E:19,E:Q:1,A:E:1,E:G:2,D:E:1",1.0,E,0.104,negative,0.6666666666666666,0.6680161943319838,1.166,-
envelope_protein_E,175,6.884734644563295e-05,"L:6114,?:54,P:2,I:3,G:2,M:4",9.878097533503858e-05,"L:L:60,L:P:2,I:L:2,G:L:1,L:M:1",0.2572195897448526,L,0.176,negative,0.05289669827307286,0.6680161943319838,0.887,-
envelope_protein_E,176,0.0008480141066221636,"T:6059,?:54,A:46,I:15,S:2,P:2,R:1",0.001044196474572067,"A:T:10,T:T:16,I:T:13,S:T:1,P:T:2,R:T:1",1.0,T,0.167,negative,0.6666666666666666,0.6680161943319838,0.740,-
envelope_protein_E,177,6.711950820359469e-06,"G:6105,S:2,D:16,?:53,V:1,A:1,F:1",1.1496247944906358e-05,"G:S:2,D:G:6,G:G:40,G:V:1,A:G:1,F:G:1",1.0,G,0.094,negative,0.6666666666666666,0.6680161943319838,0.927,-
envelope_protein_E,178,3.261182885716529e-05,"Y:6124,?:52,C:1,W:2",4.9366529921397e-05,"Y:Y:31,C:Y:1,W:Y:1",1.0,Y,0.081,negative,0.2282590680593599,0.6680161943319838,0.732,-
envelope_protein_E,179,1.65127911344598e-11,"G:6126,?:52,D:1",7.363812262664505e-11,"G:G:54,D:G:1",1.0,G,0.000,negative,0.6666666666666666,0.6680161943319838,1.334,-
envelope_protein_E,180,2.904844664808337e-08,"T:6082,?:55,I:22,S:2,P:2,A:16",7.083241916650871e-08,"I:T:7,S:T:1,P:T:2,T:T:54,A:T:8",1.0,T,0.167,negative,0.6666666666666666,0.6680161943319838,1.109,-
envelope_protein_E,19,1.626336842974752e-10,"S:6157,R:3,?:14,N:5",6.052907799041371e-10,"S:S:47,R:S:3,N:S:3",1.0,S,0.041,negative,0.6666666666666666,0.6680161943319838,1.324,-
envelope_protein_E,181,5.768169448083782e-06,"V:6066,?:53,I:26,A:34",9.914041238894e-06,"V:V:36,I:V:12,A:V:5",1.0,V,0.132,negative,0.6666666666666666,0.6680161943319838,0.879,-
envelope_protein_E,182,6.650235917504688e-13,"T:6019,?:55,A:99,P:1,M:2,V:1,K:2",4.572037193284473e-12,"A:T:5,P:T:1,T:T:40,M:T:2,A:A:2,A:V:1,K:T:1",1.0,T,0.056,negative,0.6666666666666666,0.6680161943319838,1.362,-
envelope_protein_E,183,0.8774657774854162,"M:6113,?:55,I:2,L:2,V:4,T:1,E:2",0.9086727193625126,"I:M:2,L:M:1,M:V:3,M:T:1,E:M:1",1.0,M,0.093,neutral,0.01422112115379992,0.5866212475942467,0.000,-
envelope_protein_E,184,2.326716597167433e-11,"E:6122,?:55,D:2",1.0192254120335215e-10,"E:E:38,D:E:2",1.0,E,0.000,negative,0.6666666666666666,0.6680161943319838,1.593,-
envelope_protein_E,185,4.397483832629945e-08,"C:6119,?:54,S:3,A:3",1.0465165851691455e-07,"C:C:37,C:S:2,A:C:1",1.0,C,0.107,negative,0.0004031841443562501,0.06652538381878127,1.156,-
envelope_protein_E,186,1.31682986626025e-07,"S:6115,?:55,F:3,P:1,L:3,C:2",2.9628671990855626e-07,"S:S:40,F:S:2,P:S:1,L:S:1,C:S:1",1.0,S,0.096,negative,0.252928902391243,0.6680161943319838,0.792,-
envelope_protein_E,187,2.664535259100376e-15,"P:6113,?:57,S:5,R:3,T:1",2.997602166487923e-14,"P:P:41,P:S:2,P:R:1,P:T:1",1.0,P,0.043,negative,0.6666666666666666,0.6680161943319838,1.351,-
envelope_protein_E,188,2.892213411986866e-06,"R:6123,?:56",5.168395808424183e-06,R:R:14,1.0,R,0.000,negative,0.6666666666666666,0.6680161943319838,0.791,-
envelope_protein_E,189,3.429478923067109e-13,"T:6116,?:56,S:1,A:1,M:5",2.6945905824098715e-12,"T:T:42,S:T:1,A:T:1,M:T:3",1.0,T,0.055,negative,0.6666666666666666,0.6680161943319838,1.425,-
envelope_protein_E,190,1.435646249658973e-07,"G:6097,?:57,S:15,A:2,V:4,D:4",3.18674840170938e-07,"G:G:54,G:S:10,A:G:2,G:V:1,D:G:1,D:V:1",1.0,G,0.190,negative,0.6666666666666666,0.6680161943319838,1.470,-
envelope_protein_E,20,0.9999999663716803,"W:6166,?:13",1.0,NA,1.0,W,0.000,neutral,0.6666666666666666,0.6680161943319838,0.153,-
envelope_protein_E,191,0.0,"L:6112,?:57,I:3,T:1,F:5,S:1",0.0,"L:L:60,I:L:3,L:T:1,F:L:4,L:S:1",1.0,L,0.024,negative,0.6666666666666666,0.6680161943319838,1.499,-
envelope_protein_E,192,1.642990485772877e-05,"D:6117,?:54,R:1,G:3,V:1,N:1,A:1,H:1",2.5933714665796747e-05,"D:D:24,D:R:1,D:G:2,D:V:1,D:N:1,A:D:1,D:H:1",1.0,D,0.046,negative,0.6666666666666666,0.6680161943319838,0.769,-
envelope_protein_E,193,1.110223024625157e-15,"F:6120,?:53,L:5,S:1",1.3403912126572017e-14,"F:L:5,F:F:40,F:S:1",1.0,F,0.000,negative,0.6666666666666666,0.6680161943319838,1.245,-
envelope_protein_E,194,0.3297672411626855,"N:6103,?:54,H:6,S:9,K:2,D:4,T:1",0.34657066746396886,"H:N:6,N:N:13,N:S:5,K:N:1,D:N:2,N:T:1",1.0,N,0.175,neutral,0.6666666666666666,0.6680161943319838,0.299,-
envelope_protein_E,195,7.013168256131408e-07,"E:6124,?:53,D:1,Q:1",1.3886073147140187e-06,"E:E:22,D:E:1,E:Q:1",1.0,E,0.000,negative,0.6666666666666666,0.6680161943319838,0.851,-
envelope_protein_E,196,0.0004242129991438581,"M:6122,?:52,I:2,L:1,T:2",0.0005416101478527155,"I:M:2,L:M:1,M:T:1",1.0,M,0.023,negative,0.6666666666666666,0.6680161943319838,120.356,-
envelope_protein_E,197,8.324767297729352e-08,"V:6121,?:54,M:1,G:1,A:2",1.9166324708725716e-07,"V:V:22,M:V:1,G:V:1,A:V:2",1.0,V,0.000,negative,0.6666666666666666,0.6680161943319838,0.669,-
envelope_protein_E,198,4.762412110226322e-07,"L:6152,?:24,R:1,S:1,M:1",9.622016304334815e-07,"L:L:41,L:R:1,L:S:1,L:M:1",1.0,L,0.000,negative,0.6666666666666666,0.6680161943319838,0.637,-
envelope_protein_E,199,1.558340885410292e-05,"L:6155,?:24",2.5208455499284134e-05,L:L:37,1.0,L,0.000,negative,0.6666666666666666,0.6680161943319838,0.469,-
envelope_protein_E,200,1.575576676016155e-06,"Q:6147,?:25,H:2,R:2,P:2,K:1",2.9319941903308146e-06,"Q:Q:25,H:Q:2,Q:R:2,P:Q:2,K:Q:1",1.0,Q,0.000,negative,0.6666666666666666,0.6680161943319838,1.156,-
envelope_protein_E,3,1.110223024625157e-16,"C:6159,S:2,?:17,G:1",1.4852983707823047e-15,"C:S:2,C:C:62,C:G:1",1.0,C,0.000,negative,0.6666666666666666,0.6680161943319838,1.650,-
envelope_protein_E,21,2.609960775812326e-05,"V:6159,I:4,A:1,?:14,F:1",4.012206782692861e-05,"I:V:4,V:V:20,A:V:1,F:V:1",1.0,V,0.000,negative,0.6666666666666666,0.6680161943319838,0.366,-
envelope_protein_E,201,0.4313688719636497,"M:6144,?:24,I:10,K:1",0.4523889653008615,"I:M:9,K:M:1",1.0,M,0.023,neutral,0.6666666666666666,0.6680161943319838,544.047,-
envelope_protein_E,202,0.01443360798817406,"E:6130,?:28,K:14,G:4,R:1,D:2",0.01601936312588825,"E:E:9,E:K:13,E:G:4,E:R:1,D:E:1",1.0,E,0.104,negative,0.6666666666666666,0.6680161943319838,0.548,-
envelope_protein_E,203,0.002583793565686165,"N:4286,?:26,D:1748,T:2,S:49,E:56,G:12",0.0030379520546666315,"D:N:25,N:T:1,N:N:55,N:S:10,D:E:2,D:G:5,E:G:1,D:D:9,D:S:1,G:G:1",1.0,N,0.880,negative,0.6666666666666666,0.6680161943319838,1.853,-
envelope_protein_E,204,6.122091722460254e-11,"K:6152,?:23,Q:2,N:1,R:1",2.443899518240182e-10,"K:K:33,K:Q:2,K:N:1,K:R:1",1.0,K,0.000,negative,0.6666666666666666,0.6680161943319838,1.589,-
envelope_protein_E,205,3.987507779523725e-08,"A:6155,?:22,G:2",9.53534469016543e-08,"A:A:37,A:G:1",1.0,A,0.028,negative,0.6666666666666666,0.6680161943319838,0.685,-
envelope_protein_E,206,0.9392816867276289,"W:6150,?:23,C:6",0.9626178777022284,C:W:3,1.0,W,0.096,neutral,0.6666666666666666,0.6680161943319838,0.014,-
envelope_protein_E,207,2.41050446614377e-06,"L:6137,?:23,M:19",4.3547434698582706e-06,"L:L:57,L:M:2",1.0,L,0.044,negative,0.6666666666666666,0.6680161943319838,0.738,-
envelope_protein_E,208,1.242343798502077e-06,"V:6153,?:24,G:1,A:1",2.3382516359639855e-06,"V:V:18,G:V:1,A:V:1",1.0,V,0.000,negative,0.6666666666666666,0.6680161943319838,0.546,-
envelope_protein_E,209,4.357625371653739e-13,"H:6148,?:25,Q:1,L:5",3.268219028740304e-12,"H:H:46,H:Q:1,H:L:2",1.0,H,0.031,negative,0.6666666666666666,0.6680161943319838,1.324,-
envelope_protein_E,210,1.056874787686013e-08,"R:6148,?:27,K:3,Q:1",2.76800539632051e-08,"R:R:28,K:R:3,Q:R:1",1.0,R,0.000,negative,0.6666666666666666,0.6680161943319838,0.985,-
envelope_protein_E,22,8.438200804761209e-09,"D:6164,?:14,E:1",2.28246415210754e-08,"D:D:34,D:E:1",1.0,D,0.000,negative,0.6666666666666666,0.6680161943319838,1.002,-
envelope_protein_E,211,1.925072521047344e-05,"Q:6145,?:32,P:1,R:1",3.006028069143329e-05,"Q:Q:15,P:Q:1,Q:R:1",1.0,Q,0.000,negative,0.6666666666666666,0.6680161943319838,0.973,-
envelope_protein_E,212,0.0002253590611893674,"W:6145,?:31,M:2,R:1",0.00030231093574183436,"M:W:1,R:W:1",1.0,W,0.048,negative,0.6666666666666666,0.6680161943319838,10000.000,-
envelope_protein_E,213,1.110223024625157e-16,"F:6147,?:30,L:1,I:1",1.4852983707823047e-15,"F:F:46,F:L:1,F:I:1",1.0,F,0.000,negative,0.6666666666666666,0.6680161943319838,1.311,-
envelope_protein_E,214,5.28355137419112e-13,"L:6148,?:29,S:1,Q:1",3.790373811919716e-12,"L:L:79,L:S:1,L:Q:1",1.0,L,0.000,negative,0.6666666666666666,0.6680161943319838,1.381,-
envelope_protein_E,215,0.0001137126793601118,"D:6140,?:29,N:6,H:2,A:2",0.0001585571162908601,"D:D:22,D:N:6,D:H:2,A:D:1",1.0,D,0.050,negative,0.06615778034750408,0.6680161943319838,0.686,-
envelope_protein_E,216,2.023112601112764e-06,"L:6143,?:33,P:1,I:2",3.69535327509527e-06,"L:L:62,L:P:1,I:L:1",1.0,L,0.047,negative,0.2526673273877281,0.6680161943319838,0.784,-
envelope_protein_E,217,0.0,"P:6146,?:28,K:2,R:3",0.0,"P:P:56,K:P:1,P:R:3",1.0,P,0.043,negative,0.6666666666666666,0.6680161943319838,2.018,-
envelope_protein_E,218,1.687538997430238e-14,"L:6147,?:28,F:1,I:1,S:1,E:1",1.7047587831183017e-13,"L:L:76,F:L:1,I:L:1,L:S:1,E:L:1",1.0,L,0.000,negative,0.6666666666666666,0.6680161943319838,1.608,-
envelope_protein_E,219,3.393465301537724e-06,"P:6148,?:28,S:2,T:1",5.956614625039622e-06,"P:P:12,P:S:1,P:T:1",1.0,P,0.021,negative,0.6666666666666666,0.6680161943319838,0.564,-
envelope_protein_E,220,1.0,"W:6149,?:28,C:1,G:1",1.0,"C:W:1,G:W:1",1.0,W,0.000,neutral,0.6666666666666666,0.6680161943319838,0.095,-
envelope_protein_E,23,0.0001266927873120327,"I:6108,V:46,?:22,S:1,M:1,T:1",0.00017468782651659107,"I:V:5,I:S:1,I:M:1,I:I:4,I:T:1",1.0,I,0.027,negative,0.6666666666666666,0.6680161943319838,0.854,-
envelope_protein_E,221,1.380677352447179e-07,"L:6142,?:32,M:3,V:1,Q:1",3.092467373128297e-07,"L:L:66,L:M:2,L:V:1,L:Q:1",1.0,L,0.044,negative,0.6666666666666666,0.6680161943319838,0.890,-
envelope_protein_E,222,0.0,"P:6146,?:28,L:5",0.0,"P:P:58,L:P:2",1.0,P,0.022,negative,0.6666666666666666,0.6680161943319838,1.450,-
envelope_protein_E,223,0.05627463100742469,"G:6147,?:28,R:1,A:1,S:2",0.060953921988348404,"G:R:1,G:G:6,A:G:1,G:S:1",1.0,G,0.058,neutral,0.1228700232154414,0.6680161943319838,0.325,-
envelope_protein_E,224,1.383004821775558e-12,"A:6145,?:29,S:1,T:1,E:1,G:2",8.665663123783559e-12,"A:A:35,A:S:1,A:T:1,A:E:1,A:G:1",1.0,A,0.028,negative,0.6666666666666666,0.6680161943319838,1.258,-
envelope_protein_E,225,6.28008756109466e-12,"D:6136,N:1,?:37,G:3,H:1,V:1",3.212662095116279e-11,"D:N:1,D:D:49,D:G:3,D:H:1,D:V:1",1.0,D,0.000,negative,0.6666666666666666,0.6680161943319838,1.404,-
envelope_protein_E,226,0.1972448366515267,"T:4448,?:29,I:221,P:2,K:1468,N:1,R:4,E:1,A:2,L:2,S:1",0.20773658328192707,"I:T:19,T:T:8,P:T:2,K:T:5,K:N:1,K:R:4,E:K:1,K:K:3,A:T:2,I:L:2,S:T:1",1.0,T,0.340,neutral,0.5190331394651999,0.6680161943319838,0.589,-
envelope_protein_E,227,0.01155402065113686,"Q:6140,?:28,K:1,L:3,H:1,R:3,P:3",0.012910248808832382,"K:Q:1,L:Q:3,Q:Q:10,H:Q:1,Q:R:3,P:Q:1",1.0,Q,0.078,negative,0.6666666666666666,0.6680161943319838,0.607,-
envelope_protein_E,228,4.602808687792503e-05,"G:4964,?:30,E:1184,R:1",6.821527845680506e-05,"G:G:18,E:G:7,E:E:3,E:R:1",1.0,G,0.100,negative,0.6666666666666666,0.6680161943319838,0.953,-
envelope_protein_E,229,9.067882222879575e-09,"S:6138,?:29,A:1,T:4,L:7",2.4262711893650756e-08,"S:S:19,A:S:1,S:T:4,L:S:6",1.0,S,0.025,negative,0.6666666666666666,0.6680161943319838,0.897,-
envelope_protein_E,230,9.318899374388678e-08,"N:6146,?:29,I:1,K:2,S:1",2.1257397190425787e-07,"N:N:42,I:N:1,K:N:1,N:S:1",1.0,N,0.044,negative,0.6666666666666666,0.6680161943319838,0.986,-
envelope_protein_E,24,6.297184995673888e-13,"V:6126,?:21,I:28,L:2,F:1,D:1",4.401901378614671e-12,"V:V:58,I:V:2,I:I:1,L:V:2,F:V:1,D:V:1",1.0,V,0.066,negative,0.6666666666666666,0.6680161943319838,1.461,-
envelope_protein_E,231,0.9999999663716803,"W:6150,?:29",1.0,NA,1.0,W,0.000,neutral,0.6666666666666666,0.6680161943319838,0.153,-
envelope_protein_E,232,0.1836626113358123,"I:6133,?:28,V:16,M:1,K:1",0.19384433392585732,"I:V:7,I:M:1,I:K:1",1.0,I,0.027,neutral,0.6666666666666666,0.6680161943319838,0.205,-
envelope_protein_E,233,4.631633994278683e-05,"Q:6146,?:30,P:2,R:1",6.843757693038652e-05,"Q:Q:22,P:Q:2,Q:R:1",1.0,Q,0.000,negative,0.6666666666666666,0.6680161943319838,0.796,-
envelope_protein_E,234,1.129096816043784e-13,"K:6147,?:32",9.980409356101304e-13,K:K:44,1.0,K,0.000,negative,0.6666666666666666,0.6680161943319838,2.030,-
envelope_protein_E,235,1.906529040196503e-07,"E:6144,?:29,D:2,A:1,K:2,P:1",4.085419371849649e-07,"E:E:22,D:E:2,A:E:1,E:K:2,E:P:1",1.0,E,0.000,negative,0.6666666666666666,0.6680161943319838,0.964,-
envelope_protein_E,236,1.609025728921409e-05,"T:6110,?:27,A:5,M:37",2.5770033861646135e-05,"T:T:16,A:T:3,M:T:5",1.0,T,0.083,negative,0.6666666666666666,0.6680161943319838,0.768,-
envelope_protein_E,237,3.013223004444399e-11,"L:6148,?:29,M:2",1.285814988965498e-10,"L:L:68,L:M:2",1.0,L,0.000,negative,0.6666666666666666,0.6680161943319838,1.117,-
envelope_protein_E,238,2.504541346759481e-06,"V:6148,?:27,F:2,I:1,A:1",4.508174424167065e-06,"V:V:26,F:V:1,I:V:1,A:V:1",1.0,V,0.033,negative,0.6666666666666666,0.6680161943319838,0.644,-
envelope_protein_E,239,4.814926235496841e-12,"T:6142,?:30,I:5,N:1,A:1",2.6482094295232628e-11,"T:T:53,I:T:4,N:T:1,A:T:1",1.0,T,0.028,negative,0.6666666666666666,0.6680161943319838,1.027,-
envelope_protein_E,240,1.158497742181908e-10,"F:6155,?:22,L:2",4.4112029413849573e-10,"F:F:31,F:L:1",1.0,F,0.026,negative,0.6666666666666666,0.6680161943319838,0.958,-
envelope_protein_E,25,7.435163595914673e-13,"L:6157,?:22",4.973521594564545e-12,L:L:74,1.0,L,0.000,negative,0.6666666666666666,0.6680161943319838,1.368,-
envelope_protein_E,241,4.157349087208217e-07,"K:6153,?:22,R:2,Q:2",8.538953519369574e-07,"K:K:21,K:R:2,K:Q:1",1.0,K,0.053,negative,0.6666666666666666,0.6680161943319838,1.300,-
envelope_protein_E,242,1.875550775798374e-07,"N:6151,?:25,S:1,K:1,I:1",4.0367338593544605e-07,"N:N:32,N:S:1,K:N:1,I:N:1",1.0,N,0.000,negative,0.6666666666666666,0.6680161943319838,0.741,-
envelope_protein_E,243,5.150324611236101e-13,"P:6152,?:24,A:1,T:1,H:1",3.749133356708632e-12,"P:P:34,A:P:1,P:T:1,H:P:1",1.0,P,0.000,negative,0.6666666666666666,0.6680161943319838,0.842,-
envelope_protein_E,244,7.110079192074181e-10,"H:6155,?:22,P:2",2.4440897222755e-09,"H:H:31,H:P:2,?:H:1",1.0,H,0.000,negative,0.6666666666666666,0.6680161943319838,0.782,-
envelope_protein_E,245,0.0,"A:6152,?:22,W:1,P:1,G:1,D:1,E:1",0.0,"A:A:49,A:W:1,A:P:1,A:G:1,A:D:1,A:E:1",1.0,A,0.000,negative,0.6666666666666666,0.6680161943319838,1.777,-
envelope_protein_E,246,2.341428973484661e-05,"K:6152,?:21,R:1,N:1,E:2,Q:2",3.621897943359085e-05,"K:K:27,K:R:1,K:N:1,E:K:1,K:Q:1",1.0,K,0.105,negative,0.6666666666666666,0.6680161943319838,1.001,-
envelope_protein_E,247,0.02976892151252708,"K:6163,?:13,R:1,E:2",0.03252895397064217,"K:K:6,K:R:1,E:K:1",1.0,K,0.053,negative,0.6666666666666666,0.6680161943319838,0.365,-
envelope_protein_E,248,8.476318410854944e-05,"Q:6166,?:10,D:1,P:1,H:1",0.00011919822765264765,"Q:Q:21,D:Q:1,P:Q:1,H:Q:1",1.0,Q,0.000,negative,0.6666666666666666,0.6680161943319838,0.751,-
envelope_protein_E,249,7.384424891565544e-07,"D:6163,?:10,N:3,E:2,S:1",1.4505120322718033e-06,"D:N:3,D:E:2,D:D:28,D:S:1",1.0,D,0.000,negative,0.6666666666666666,0.6680161943319838,0.670,-
envelope_protein_E,250,2.001769273674014e-07,"V:6158,?:19,Y:1,I:1",4.2345119250796447e-07,"V:V:29,V:Y:1,I:V:1",1.0,V,0.000,negative,0.6666666666666666,0.6680161943319838,0.568,-
envelope_protein_E,26,7.813160378200568e-05,"E:6154,?:21,K:3,Q:1",0.00011050041106312232,"E:E:14,E:K:2,E:Q:1",1.0,E,0.052,negative,0.6666666666666666,0.6680161943319838,0.855,-
envelope_protein_E,251,4.667546105174836e-08,"V:6158,?:18,I:1,F:1,G:1",1.1028291834509165e-07,"V:V:33,I:V:1,F:V:1,G:V:1",1.0,V,0.000,negative,0.6666666666666666,0.6680161943319838,0.623,-
envelope_protein_E,252,6.874669500334107e-09,"V:6144,?:18,I:7,F:1,A:8,L:1",1.918730354375234e-08,"V:V:55,I:V:5,F:V:1,A:V:7,L:V:1",1.0,V,0.099,negative,0.6666666666666666,0.6680161943319838,1.081,-
envelope_protein_E,253,3.765543432621143e-12,"L:6160,?:17,V:2",2.118118180849393e-11,"L:L:65,L:V:2",1.0,L,0.000,negative,0.6666666666666666,0.6680161943319838,1.304,-
envelope_protein_E,254,0.000145020385592054,"G:6160,?:13,D:3,V:3",0.0001972117880990844,"G:G:19,D:G:1,G:V:1",1.0,G,0.105,negative,8.752178009363565e-05,0.021661640573174823,0.896,-
envelope_protein_E,255,1.715738662255717e-12,"S:6164,?:12,P:3",1.0485069602673825e-11,"S:S:43,P:S:2",1.0,S,0.024,negative,0.6666666666666666,0.6680161943319838,0.990,-
envelope_protein_E,256,0.0004109257208904094,"Q:6165,?:12,P:1,M:1",0.0005297089370852934,"Q:Q:10,P:Q:1,M:Q:1",1.0,Q,0.000,negative,0.6666666666666666,0.6680161943319838,0.666,-
envelope_protein_E,257,3.386091399271152e-06,"E:6168,?:9,D:1,K:1",5.956614625039622e-06,"E:E:14,D:E:1,E:K:1",1.0,E,0.000,negative,0.6666666666666666,0.6680161943319838,0.849,-
envelope_protein_E,258,2.216735952575988e-07,"G:6169,?:8,R:2",4.6692948788302725e-07,"G:G:27,G:R:2",1.0,G,0.000,negative,0.6666666666666666,0.6680161943319838,0.819,-
envelope_protein_E,259,7.208678098891141e-13,"A:6165,?:10,T:1,P:1,G:2",4.888076245138514e-12,"A:A:52,A:T:1,A:P:1,A:G:1",1.0,A,0.028,negative,0.6666666666666666,0.6680161943319838,1.130,-
envelope_protein_E,260,1.0,"M:6169,?:7,I:2,L:1",1.0,"I:M:2,L:M:1",1.0,M,0.000,neutral,0.6666666666666666,0.6680161943319838,0.123,-
envelope_protein_E,27,1.947630036258641e-05,"H:6157,?:19,Q:2,Y:1",3.0316882639875074e-05,"H:H:16,H:Q:2,H:Y:1",1.0,H,0.000,negative,0.6666666666666666,0.6680161943319838,0.366,-
envelope_protein_E,261,0.0,"H:6170,?:8,A:1",0.0,"H:H:78,A:H:1",1.0,H,0.000,negative,0.6666666666666666,0.6680161943319838,2.125,-
envelope_protein_E,262,2.593492981417533e-05,"T:6104,I:3,?:7,A:64,M:1",3.9993116068588126e-05,"I:T:3,A:T:3,T:T:13,M:T:1",1.0,T,0.028,negative,0.6666666666666666,0.6680161943319838,0.544,-
envelope_protein_E,263,6.365161620003335e-09,"A:6172,?:7",1.790201705625938e-08,A:A:17,1.0,A,0.000,negative,0.6666666666666666,0.6680161943319838,0.803,-
envelope_protein_E,264,0.0,"L:6169,?:10",0.0,L:L:57,1.0,L,0.000,negative,0.6666666666666666,0.6680161943319838,1.296,-
envelope_protein_E,265,1.071757750215063e-06,"T:6169,?:8,I:1,S:1",2.0249273048028803e-06,"I:T:1,T:T:12,S:T:1",1.0,T,0.000,negative,0.6666666666666666,0.6680161943319838,0.565,-
envelope_protein_E,266,1.868336230170797e-08,"G:6171,?:8",4.6708405754269926e-08,G:G:30,1.0,G,0.000,negative,0.6666666666666666,0.6680161943319838,0.995,-
envelope_protein_E,267,1.110223024625157e-16,"A:6166,?:9,S:3,G:1",1.4852983707823047e-15,"A:A:56,A:S:3,A:G:1",1.0,A,0.000,negative,0.6666666666666666,0.6680161943319838,1.351,-
envelope_protein_E,268,2.704879875636834e-09,"T:6167,?:7,R:1,I:2,A:1,P:1",8.16411913683069e-09,"T:T:21,R:T:1,I:T:2,A:T:1,P:T:1",1.0,T,0.000,negative,0.6666666666666666,0.6680161943319838,0.772,-
envelope_protein_E,269,1.624293043400726e-05,"E:6170,?:7,K:1,D:1",2.5770033861646135e-05,"E:K:1,E:E:12,D:E:1",1.0,E,0.000,negative,0.6666666666666666,0.6680161943319838,0.731,-
envelope_protein_E,270,1.668049143255246e-09,"I:6168,?:7,F:1,N:1,T:2",5.292848243021454e-09,"I:I:30,F:I:1,I:N:1,I:T:2",1.0,I,0.000,negative,0.6666666666666666,0.6680161943319838,0.798,-
envelope_protein_E,28,0.0005578861819008907,"G:6158,R:1,E:1,?:19",0.0007044736225534207,"G:G:9,G:R:1,E:G:1",1.0,G,0.000,negative,0.6666666666666666,0.6680161943319838,0.423,-
envelope_protein_E,271,0.0001314755069081741,"Q:6161,?:10,K:1,L:3,R:4",0.0001807788219987394,"Q:Q:23,K:Q:1,L:Q:3,Q:R:1",1.0,Q,0.079,negative,0.6666666666666666,0.6680161943319838,1.021,-
envelope_protein_E,272,3.043449419670718e-05,"M:6161,?:5,K:1,T:6,L:1,Q:1,I:1,W:1,V:1,R:1",4.6354075776523244e-05,"K:M:1,M:T:6,L:M:1,M:Q:1,I:M:1,M:W:1,M:V:1,M:R:1",1.0,M,0.000,negative,0.6666666666666666,0.6680161943319838,41.878,-
envelope_protein_E,273,1.399962368253682e-10,"S:6165,?:5,L:5,F:1,T:3",5.289934139584523e-10,"S:S:24,L:S:4,F:S:1,S:T:3",1.0,S,0.025,negative,0.6666666666666666,0.6680161943319838,1.038,-
envelope_protein_E,274,0.0001213068885453916,"S:6168,?:6,A:1,L:1,P:3",0.00016772879840773418,"A:S:1,S:S:7,L:S:1,P:S:3",1.0,S,0.000,negative,0.6666666666666666,0.6680161943319838,0.328,-
envelope_protein_E,275,0.001226504490599467,"G:6173,?:5,R:1",0.0014759362923894436,"G:G:8,G:R:1",1.0,G,0.000,negative,0.6666666666666666,0.6680161943319838,0.369,-
envelope_protein_E,276,7.107244792692313e-07,"N:6173,?:6",1.4016279571245796e-06,N:N:25,1.0,N,0.000,negative,0.6666666666666666,0.6680161943319838,0.745,-
envelope_protein_E,277,1.583688735706801e-11,"L:6156,?:11,S:7,F:2,P:3",7.126599310680605e-11,"L:L:75,L:S:7,F:L:2,L:P:1",1.0,L,0.044,negative,0.6666666666666666,0.6680161943319838,1.430,-
envelope_protein_E,278,9.119892618869585e-10,"L:6169,?:6,P:1,F:2,T:1",3.0709842492111867e-09,"L:L:58,L:P:1,F:L:2,L:T:1",1.0,L,0.000,negative,0.6666666666666666,0.6680161943319838,0.835,-
envelope_protein_E,279,1.029758042392359e-06,"F:6167,?:6,V:2,S:2,L:2",1.97569856970627e-06,"F:F:20,F:V:2,F:S:2,F:L:1",1.0,F,0.026,negative,0.6666666666666666,0.6680161943319838,0.593,-
envelope_protein_E,280,3.794741043616767e-08,"T:6170,?:7,S:1,H:1",9.207827532305391e-08,"T:T:18,S:T:1,H:T:1",1.0,T,0.000,negative,0.6666666666666666,0.6680161943319838,0.645,-
envelope_protein_E,29,5.181719942015661e-09,"S:6157,?:22",1.5087949242927954e-08,S:S:33,1.0,S,0.000,negative,0.6666666666666666,0.6680161943319838,0.922,-
envelope_protein_E,281,3.390178616491379e-05,"G:6173,?:5,R:1",5.116275655985465e-05,"G:G:13,G:R:1",1.0,G,0.000,negative,0.6666666666666666,0.6680161943319838,0.611,-
envelope_protein_E,282,1.831895974913067e-07,"H:6169,?:5,Y:5",3.9946630289954544e-07,"H:H:30,H:Y:2",1.0,H,0.030,negative,0.6666666666666666,0.6680161943319838,0.692,-
envelope_protein_E,283,1.110223024625157e-16,"L:6168,?:7,F:3,S:1",1.4852983707823047e-15,"L:L:53,F:L:3,L:S:1",1.0,L,0.000,negative,0.6666666666666666,0.6680161943319838,1.199,-
envelope_protein_E,284,4.241929030257552e-10,"K:6171,?:8",1.5106150143722937e-09,K:K:35,1.0,K,0.000,negative,0.6666666666666666,0.6680161943319838,1.377,-
envelope_protein_E,285,5.551115123125783e-16,"C:6171,?:8",7.231057857755954e-15,C:C:55,1.0,C,0.000,negative,0.6666666666666666,0.6680161943319838,1.596,-
envelope_protein_E,286,3.828683120898901e-05,"R:6166,?:8,G:1,K:2,V:1,W:1",5.708428147123361e-05,"R:R:15,G:R:1,K:R:2,R:V:1,R:W:1",1.0,R,0.000,negative,0.6666666666666666,0.6680161943319838,0.506,-
envelope_protein_E,287,1.12727899275189e-05,"L:6169,?:8,V:1,F:1",1.8662311084019583e-05,"L:L:39,L:V:1,F:L:1",1.0,L,0.000,negative,0.6666666666666666,0.6680161943319838,0.484,-
envelope_protein_E,288,0.0003093099663245003,"R:6161,T:6,?:8,I:1,K:3",0.0004029169298174412,"R:R:13,R:T:3,I:R:1,K:R:2,T:T:2",0.206140647015576,R,0.148,negative,0.0005475896528188695,0.0677642195363351,0.989,-
envelope_protein_E,289,0.0002452136068976651,"M:6154,V:3,E:4,T:7,I:1,?:8,L:2",0.0003262922995009253,"M:V:1,E:M:3,M:T:6,I:M:1,L:M:1",1.0,M,0.116,negative,0.6666666666666666,0.6680161943319838,22.973,-
envelope_protein_E,290,2.347355643195215e-11,"D:6156,?:12,N:2,A:4,E:3,V:1,G:1",1.0192465292821329e-10,"D:D:52,D:N:2,A:D:3,D:E:3,D:V:1,D:G:1",1.0,D,0.047,negative,0.6666666666666666,0.6680161943319838,1.601,-
envelope_protein_E,30,3.147349048049364e-11,"C:6152,?:27",1.3315707510978078e-10,C:C:43,1.0,C,0.000,negative,0.6666666666666666,0.6680161943319838,1.012,-
envelope_protein_E,291,0.0002296139152049292,"K:6154,?:11,R:7,C:2,V:1,G:3,T:1",0.0003071861838552431,"K:K:19,K:R:6,C:K:2,K:V:1,G:K:2,K:T:1",0.01862654925386731,K,0.171,negative,3.514397909587519e-05,0.01739626965245822,1.173,"overall,structure"
envelope_protein_E,292,9.559579508655602e-06,"L:6162,G:3,?:13,P:1",1.598645897562339e-05,"L:L:54,G:L:2,L:P:1",0.2757682431361996,L,0.088,negative,0.002599085844215199,0.21442458214775392,0.810,-
envelope_protein_E,293,0.1199336626270765,"Q:6161,R:4,?:12,W:2",0.12822281425572973,"Q:Q:12,Q:R:4,Q:W:1",1.0,Q,0.158,neutral,0.00972602408097678,0.460592441839013,0.451,-
envelope_protein_E,294,1.110223024625157e-15,"L:6166,?:12,R:1",1.3403912126572017e-14,"L:L:46,L:R:1",1.0,L,0.000,negative,0.6666666666666666,0.6680161943319838,1.118,-
envelope_protein_E,295,8.374557334167587e-05,"K:6160,R:5,?:14",0.00011810273163569674,"K:K:14,K:R:4",1.0,K,0.052,negative,0.6666666666666666,0.6680161943319838,0.855,-
envelope_protein_E,296,0.001264941295179289,"G:6165,?:11,R:1,P:1,T:1",0.0015124298094534975,"G:G:7,G:R:1,G:P:1,G:T:1",1.0,G,0.000,negative,0.6666666666666666,0.6680161943319838,0.370,-
envelope_protein_E,297,1.0,"M:6165,?:11,I:1,Q:1,K:1",1.0,"I:M:1,M:Q:1,K:M:1",1.0,M,0.000,neutral,0.6666666666666666,0.6680161943319838,0.112,-
envelope_protein_E,298,6.274725627974931e-09,"S:6164,?:12,A:1,V:1,T:1",1.7748509633414803e-08,"S:S:14,A:S:1,S:V:1,S:T:1",1.0,S,0.000,negative,0.6666666666666666,0.6680161943319838,0.754,-
envelope_protein_E,299,2.890010453171499e-10,"Y:6164,?:15",1.0442008571678044e-09,Y:Y:39,1.0,Y,0.000,negative,0.6666666666666666,0.6680161943319838,1.056,-
envelope_protein_E,300,0.0,"S:6151,?:17,F:4,C:3,A:2,Y:1,T:1",0.0,"S:S:59,F:S:4,C:S:3,A:S:2,S:Y:1,S:T:1",1.0,S,0.000,negative,0.6666666666666666,0.6680161943319838,1.217,-
envelope_protein_E,4,0.1772979091532276,"I:6147,V:12,?:18,L:1,T:1",0.18792819064421343,"I:V:10,I:L:1,I:T:1,I:I:2",1.0,I,0.055,neutral,0.6546323042401127,0.6680161943319838,0.224,-
envelope_protein_E,31,5.23607921754099e-06,"V:6145,?:31,G:3",9.030868336873832e-06,"V:V:21,G:V:2",1.0,V,0.033,negative,0.6666666666666666,0.6680161943319838,0.638,-
envelope_protein_E,301,1.0,"M:6162,L:2,?:12,R:1,I:1,V:1",1.0,"L:M:2,M:R:1,I:M:1,M:V:1",1.0,M,0.000,neutral,0.6666666666666666,0.6680161943319838,0.000,-
envelope_protein_E,302,0.0,"C:6161,?:15,R:2,F:1",0.0,"C:C:68,C:R:2,C:F:1",1.0,C,0.000,negative,0.6666666666666666,0.6680161943319838,1.713,-
envelope_protein_E,303,0.001328818580660585,"T:6092,I:72,?:12,P:3",0.001581166339968725,"T:T:14,I:T:12,P:T:3",1.0,T,0.166,negative,0.6666666666666666,0.6680161943319838,0.714,-
envelope_protein_E,304,0.004842360776973309,"G:6166,?:12,V:1",0.005527900275897891,"G:G:6,G:V:1",1.0,G,0.000,negative,0.6666666666666666,0.6680161943319838,0.282,-
envelope_protein_E,305,2.84396252930863e-05,"K:6167,?:12",4.3583945882593556e-05,K:K:17,1.0,K,0.000,negative,0.6666666666666666,0.6680161943319838,0.603,-
envelope_protein_E,306,0.0,"F:6162,?:13,L:2,S:2",0.0,"F:F:75,F:L:2,F:S:2",1.0,F,0.000,negative,0.6666666666666666,0.6680161943319838,1.929,-
envelope_protein_E,307,0.003364692050770057,"K:6153,?:12,Q:1,R:12,T:1",0.003909677382937038,"K:K:9,K:Q:1,K:R:4,K:T:1",1.0,K,0.053,negative,0.6666666666666666,0.6680161943319838,0.549,-
envelope_protein_E,308,0.003790134101898657,"V:4720,I:1442,?:14,L:2,A:1",0.004373231656036912,"I:V:11,V:V:24,I:I:8,I:L:1,L:V:1,A:V:1",1.0,V,0.196,negative,0.6666666666666666,0.6680161943319838,0.616,-
envelope_protein_E,309,8.733194150067902e-07,"V:6145,A:4,M:3,?:19,I:6,G:2",1.6952670997190633e-06,"V:V:26,A:V:4,M:V:3,I:V:2,G:V:2",1.0,V,0.066,negative,0.6666666666666666,0.6680161943319838,0.850,-
envelope_protein_E,310,8.084476112224515e-06,"K:6149,R:9,Q:1,?:13,M:1,N:5,W:1",1.3729420811846171e-05,"K:R:6,K:Q:1,K:M:1,K:K:30,K:N:2,K:W:1",1.0,K,0.105,negative,0.6666666666666666,0.6680161943319838,1.081,-
envelope_protein_E,32,1.615380461006399e-05,"T:6136,P:2,?:38,M:1,Q:2",2.5770033861646135e-05,"T:T:19,P:T:2,M:T:1,Q:T:1",1.0,T,0.056,negative,0.001694710161762036,0.16777630601444155,0.615,-
envelope_protein_E,311,0.005374611152528685,"E:6164,D:1,?:13,G:1",0.006087946271170935,"D:E:1,E:E:5,E:G:1",1.0,E,0.000,negative,0.6666666666666666,0.6680161943319838,0.304,-
envelope_protein_E,312,6.752357820039023e-05,"I:6153,V:11,?:14,S:1",9.773149476372271e-05,"I:V:8,I:I:4,I:S:1",1.0,I,0.027,negative,0.6666666666666666,0.6680161943319838,1.012,-
envelope_protein_E,313,2.340152063684542e-05,"A:6073,?:101,E:1,Q:1,T:1,V:2",3.621897943359085e-05,"A:E:1,A:A:8,A:Q:1,A:T:1,A:V:2",1.0,A,0.000,negative,0.6666666666666666,0.6680161943319838,0.426,-
envelope_protein_E,314,4.70460009227569e-05,"E:6066,G:2,?:101,K:4,R:1,Q:4,A:1",6.930884064513294e-05,"E:G:2,E:K:4,E:E:14,E:R:1,E:Q:1,A:E:1",1.0,E,0.052,negative,0.6666666666666666,0.6680161943319838,0.894,-
envelope_protein_E,315,5.932599411728745e-09,"T:6077,?:100,P:2",1.697477866361693e-08,"T:T:16,P:T:2",1.0,T,0.000,negative,0.6666666666666666,0.6680161943319838,0.809,-
envelope_protein_E,316,0.001282445760213968,"Q:6077,?:98,H:2,P:2",0.001529664220014251,"Q:Q:9,H:Q:2,P:Q:2",1.0,Q,0.000,negative,0.6666666666666666,0.6680161943319838,0.553,-
envelope_protein_E,317,9.688674935781627e-06,"H:6078,?:98,P:1,Q:2",1.6147791559636044e-05,"H:H:17,H:P:1,H:Q:2",1.0,H,0.000,negative,0.6666666666666666,0.6680161943319838,0.394,-
envelope_protein_E,318,0.0002849279478196465,"G:6078,?:98,A:1,E:1,K:1",0.000372135446360752,"A:G:1,G:G:9,E:G:1,G:K:1",1.0,G,0.000,negative,0.6666666666666666,0.6680161943319838,0.468,-
envelope_protein_E,319,1.998081122778217e-08,"T:6074,?:105",4.9701012853025997e-08,T:T:17,1.0,T,0.000,negative,0.6666666666666666,0.6680161943319838,0.722,-
envelope_protein_E,320,0.001533790621859654,"I:6064,?:97,V:17,L:1",0.0018206867094017476,"I:V:8,I:I:5,I:L:1",1.0,I,0.109,negative,0.6666666666666666,0.6680161943319838,1.026,-
envelope_protein_E,33,4.867217739956686e-13,"T:6135,?:42,A:1,M:1",3.595929524296358e-12,"T:T:35,A:T:1,M:T:1",1.0,T,0.000,negative,0.6666666666666666,0.6680161943319838,1.081,-
envelope_protein_E,321,1.242828062686385e-11,"V:6069,?:101,F:1,L:5,I:3",5.803772556884534e-11,"V:V:59,F:V:1,L:V:3,I:V:3",1.0,V,0.033,negative,0.6666666666666666,0.6680161943319838,1.139,-
envelope_protein_E,322,0.003499016249217113,"V:815,I:5260,T:1,?:101,H:1,L:1",0.004056236635509299,"I:V:43,I:I:38,I:T:1,H:I:1,V:V:8,I:L:1",1.484336684898224e-05,I,0.561,negative,0.6666666666666666,0.6680161943319838,1.237,overall
envelope_protein_E,323,0.003665976884789091,"R:6069,K:14,?:96",0.004239856443856542,"R:R:11,K:R:12",1.0,R,0.095,negative,0.6666666666666666,0.6680161943319838,0.620,-
envelope_protein_E,324,3.673098492029681e-10,"V:5981,?:95,L:2,I:101",1.317524459097603e-09,"V:V:39,L:V:2,I:V:11",1.0,V,0.164,negative,0.6666666666666666,0.6680161943319838,1.673,-
envelope_protein_E,325,1.559641442105963e-06,"Q:6085,?:89,P:1,R:1,L:1,K:2",2.9132925050658555e-06,"Q:Q:20,P:Q:1,Q:R:1,L:Q:1,K:Q:2",1.0,Q,0.000,negative,0.6666666666666666,0.6680161943319838,1.233,-
envelope_protein_E,326,0.0003984248273811719,"Y:6088,?:89,S:1,N:1",0.0005149354818633945,"Y:Y:14,S:Y:1,N:Y:1",1.0,Y,0.000,negative,0.6666666666666666,0.6680161943319838,0.322,-
envelope_protein_E,327,0.0004177988608047301,"E:6090,?:88,D:1",0.0005364807791286468,"E:E:8,D:E:1",1.0,E,0.000,negative,0.6666666666666666,0.6680161943319838,0.492,-
envelope_protein_E,328,1.121536773451837e-07,"G:6085,?:93,R:1",2.5466087287094465e-07,"G:G:28,G:R:1",1.0,G,0.000,negative,0.6666666666666666,0.6680161943319838,0.866,-
envelope_protein_E,329,1.949765761066757e-07,"D:6049,E:55,?:73,N:1,V:1",4.1439175168553774e-07,"D:D:45,D:E:12,D:N:1,D:V:1",1.0,D,0.140,negative,0.6666666666666666,0.6680161943319838,1.319,-
envelope_protein_E,330,1.531129034670897e-07,"G:6090,D:28,?:59,S:2",3.3684838762759734e-07,"G:G:54,D:G:14,G:S:2",1.0,G,0.094,negative,0.6666666666666666,0.6680161943319838,1.144,-
envelope_protein_E,34,0.001588258770059525,"M:6133,I:2,?:41,L:1,D:1,T:1",0.0018808327540178586,"I:M:2,L:M:1,D:M:1,M:T:1",1.0,M,0.000,negative,0.6666666666666666,0.6680161943319838,256.684,-
envelope_protein_E,331,1.64508816263842e-05,"S:6096,F:21,P:5,?:56,A:1",2.5933714665796747e-05,"F:S:12,P:S:5,S:S:21,A:S:1",1.0,S,0.024,negative,0.6666666666666666,0.6680161943319838,0.405,-
envelope_protein_E,332,0.0,"P:6123,?:56",0.0,P:P:41,1.0,P,0.000,negative,0.6666666666666666,0.6680161943319838,1.650,-
envelope_protein_E,333,0.0,"C:6122,?:57",0.0,C:C:97,1.0,C,0.000,negative,0.6666666666666666,0.6680161943319838,2.571,-
envelope_protein_E,334,3.606238307973797e-09,"K:6125,?:54",1.0689149475730716e-08,K:K:29,1.0,K,0.000,negative,0.6666666666666666,0.6680161943319838,1.259,-
envelope_protein_E,335,5.947686787521889e-12,"I:6089,?:54,V:35,F:1",3.132026553003548e-11,"I:I:46,I:V:5,F:I:1",1.0,I,0.032,negative,0.6666666666666666,0.6680161943319838,1.217,-
envelope_protein_E,336,0.0,"P:6123,?:56",0.0,P:P:59,1.0,P,0.000,negative,0.6666666666666666,0.6680161943319838,1.111,-
envelope_protein_E,337,0.0005856033689495277,"F:6121,L:3,?:55",0.0007338573864051043,"F:L:3,F:F:9",1.0,F,0.000,negative,0.6666666666666666,0.6680161943319838,0.206,-
envelope_protein_E,338,4.678669263125101e-08,"E:6121,?:55,N:1,G:1,D:1",1.1028291834509165e-07,"E:E:25,E:N:1,E:G:1,D:E:1",1.0,E,0.000,negative,0.6666666666666666,0.6680161943319838,1.067,-
envelope_protein_E,339,0.1823313516556483,"I:6119,?:55,M:5",0.19285046809732032,"I:I:1,I:M:4",1.0,I,0.027,neutral,0.6666666666666666,0.6680161943319838,0.207,-
envelope_protein_E,340,0.003105650347526412,"M:5019,K:3,T:1095,?:56,A:1,V:3,L:2",0.003625700287796165,"K:M:3,M:T:15,T:T:1,A:T:1,M:V:3,L:M:1",1.0,M,0.114,negative,0.008719777272269802,0.460592441839013,1.367,-
envelope_protein_E,35,7.438494264988549e-15,"A:6120,?:56,V:2,S:1",7.83415885355177e-14,"A:A:33,A:V:2,A:S:1",1.0,A,0.000,negative,0.6666666666666666,0.6680161943319838,1.382,-
envelope_protein_E,341,5.863864949162689e-12,"D:6119,?:55,N:1,A:1,G:1,Y:1,E:1",3.1210894084253025e-11,"D:D:55,D:N:1,A:D:1,D:G:1,D:Y:1,D:E:1",1.0,D,0.000,negative,0.6666666666666666,0.6680161943319838,1.310,-
envelope_protein_E,342,8.266827777880792e-09,"L:6121,?:55,S:1,P:1,M:1",2.2483954670609848e-08,"L:L:49,L:S:1,L:P:1,L:M:1",1.0,L,0.000,negative,0.6666666666666666,0.6680161943319838,0.839,-
envelope_protein_E,343,0.005354009855576325,"E:6106,G:4,?:67,K:2",0.0060785203635556895,"E:G:4,E:E:5,E:K:2",1.0,E,0.000,negative,0.6666666666666666,0.6680161943319838,0.305,-
envelope_protein_E,344,0.02901201855219437,"K:6101,?:70,R:7,N:1",0.031772011467557995,"K:R:4,K:K:8,K:N:1",1.0,K,0.105,negative,0.6634111748478322,0.6680161943319838,0.484,-
envelope_protein_E,345,0.1273354484667528,"R:6103,G:1,T:3,?:56,K:14,S:2",0.13584277368759187,"R:R:7,G:R:1,R:T:3,K:R:9,R:S:2",1.0,R,0.143,neutral,0.6335798512692364,0.6680161943319838,0.389,-
envelope_protein_E,346,0.006067946495318721,"H:4582,Y:1514,R:3,?:60,Q:19,L:1",0.006841989784015414,"H:H:26,H:Y:27,H:R:3,Y:Y:8,H:Q:6,H:L:1",1.0,H,0.351,negative,0.3022867300647062,0.6680161943319838,0.856,-
envelope_protein_E,347,0.0001859984631412681,"V:5936,A:147,?:58,I:36,L:1,G:1",0.0002515552985107315,"V:V:34,A:V:19,I:V:16,L:V:1,G:V:1",1.0,V,0.230,negative,0.6335819933692315,0.6680161943319838,0.895,-
envelope_protein_E,348,4.930152952553613e-10,"L:6121,?:56,S:1,F:1",1.7431612225100273e-09,"L:L:51,L:S:1,F:L:1",1.0,L,0.000,negative,0.6666666666666666,0.6680161943319838,1.052,-
envelope_protein_E,349,5.259126467649367e-12,"G:6118,?:58,R:1,S:1,C:1",2.8607336280070733e-11,"G:G:63,G:R:1,G:S:1,C:G:1",1.0,G,0.000,negative,0.6666666666666666,0.6680161943319838,1.369,-
envelope_protein_E,350,7.787104294720848e-12,"R:6119,?:57,G:1,S:2",3.779035907732176e-11,"R:R:47,G:R:1,R:S:1",1.0,R,0.031,negative,0.6666666666666666,0.6680161943319838,1.171,-
envelope_protein_E,36,0.0002658534684106817,"K:6115,R:18,?:46",0.00035280822215358565,"K:R:10,K:K:15",1.0,K,0.105,negative,0.6666666666666666,0.6680161943319838,0.919,-
envelope_protein_E,351,2.137241417177194e-08,"L:6117,?:60,V:1,P:1",5.289672507513555e-08,"L:L:57,L:V:1,L:P:1",1.0,L,0.000,negative,0.6666666666666666,0.6680161943319838,0.790,-
envelope_protein_E,352,0.0,"I:6123,?:54,R:1,L:1",0.0,"I:I:98,I:R:1,I:L:1",1.0,I,0.000,negative,0.6666666666666666,0.6680161943319838,2.356,-
envelope_protein_E,353,0.0,"T:6122,M:1,?:54,S:1,A:1",0.0,"T:T:45,M:T:1,S:T:1,A:T:1",1.0,T,0.000,negative,0.6666666666666666,0.6680161943319838,2.160,-
envelope_protein_E,354,1.157962614684038e-13,"V:6102,I:22,?:54,A:1",1.0055991127519278e-12,"V:V:65,I:V:5,A:V:1",1.0,V,0.066,negative,0.6666666666666666,0.6680161943319838,1.530,-
envelope_protein_E,355,1.490576200247062e-07,"N:6123,?:55,Y:1",3.2939072282245347e-07,"N:N:28,N:Y:1",1.0,N,0.000,negative,0.6666666666666666,0.6680161943319838,0.837,-
envelope_protein_E,356,3.967077055744284e-08,"P:6122,?:55,S:2",9.532539527152528e-08,"P:P:16,P:S:1",1.0,P,0.021,negative,0.6666666666666666,0.6680161943319838,0.747,-
envelope_protein_E,357,6.616929226765933e-14,"I:6117,V:4,?:57,N:1",6.179962202356862e-13,"I:I:53,I:V:4,?:I:1,I:N:1",1.0,I,0.000,negative,0.6666666666666666,0.6680161943319838,1.169,-
envelope_protein_E,358,1.332267629550188e-15,"V:6077,A:33,I:10,?:58,E:1",1.570172563398436e-14,"A:V:22,I:V:5,V:V:74,E:V:1",1.0,V,0.231,negative,0.6666666666666666,0.6680161943319838,2.437,-
envelope_protein_E,359,0.05886512432638857,"T:5984,I:102,?:55,A:35,M:2,P:1",0.06362060380253785,"T:T:12,I:T:22,A:T:10,I:M:1,M:T:1,P:T:1",1.0,T,0.251,neutral,0.6666666666666666,0.6680161943319838,0.574,-
envelope_protein_E,360,0.6526660341449184,"E:5893,G:222,?:56,L:1,K:3,D:4",0.6787178296254929,"E:E:20,E:G:98,E:L:1,E:K:3,G:G:1,D:E:3",1.303150587439461e-08,E,1.439,neutral,0.4226217852714361,0.6680161943319838,1.261,overall
envelope_protein_E,37,6.207812042191563e-12,"N:6111,H:3,?:51,K:4,D:1,R:2,T:7",3.212662095116279e-11,"N:N:71,H:N:3,K:N:4,D:N:1,N:R:1,N:T:1",1.0,N,0.137,negative,0.03914929026861858,0.6680161943319838,1.946,-
envelope_protein_E,361,1.80298145091573e-06,"K:6100,R:18,?:57,N:1,E:1,I:2",3.3177539710159346e-06,"K:R:10,K:K:26,K:N:1,E:K:1,I:K:1",1.0,K,0.210,negative,0.6666666666666666,0.6680161943319838,1.660,-
envelope_protein_E,362,1.297520868526192e-09,"D:6106,?:56,E:13,N:3,G:1",4.170602791691332e-09,"D:D:54,D:E:3,D:N:3,D:G:1",1.0,D,0.091,negative,0.6666666666666666,0.6680161943319838,1.460,-
envelope_protein_E,363,0.006494564805856418,"S:5674,R:4,N:74,?:67,T:2,I:1,A:355,G:1,V:1",0.00730638540658847,"R:S:4,N:S:20,S:S:32,S:T:2,I:S:1,A:S:5,G:S:1,A:A:2,S:V:1",1.0,S,0.408,negative,0.01023538759642251,0.460592441839013,1.014,-
envelope_protein_E,364,0.02729323912715587,"P:6082,S:30,T:3,L:5,?:59",0.029955994163951564,"P:S:14,P:P:7,P:T:3,L:P:2",1.0,P,0.085,negative,0.6271382261648071,0.6680161943319838,0.330,-
envelope_protein_E,365,2.776082104305466e-06,"V:6095,I:22,?:61,D:1",4.97884290446089e-06,"I:V:14,V:V:40,D:V:1",1.0,V,0.165,negative,0.6666666666666666,0.6680161943319838,0.999,-
envelope_protein_E,366,1.39808022381338e-07,"N:6111,S:7,?:58,K:1,Y:2",3.117341039583888e-07,"N:S:7,N:N:28,K:N:1,N:Y:2",1.0,N,0.000,negative,0.6666666666666666,0.6680161943319838,0.842,-
envelope_protein_E,367,0.4810974773802281,"I:6114,?:57,V:8",0.502411922580618,I:V:4,1.0,I,0.054,neutral,0.4197036587313885,0.6680161943319838,0.000,-
envelope_protein_E,368,0.000418346627764965,"E:6119,?:56,K:3,Q:1",0.0005364807791286468,"E:E:8,E:K:3,E:Q:1",1.0,E,0.000,negative,0.6666666666666666,0.6680161943319838,0.491,-
envelope_protein_E,369,6.988548184594379e-09,"A:6118,?:58,G:1,T:1,P:1",1.9325873471364342e-08,"A:A:16,A:G:1,A:T:1,A:P:1",1.0,A,0.000,negative,0.6666666666666666,0.6680161943319838,0.796,-
envelope_protein_E,370,0.000973174730951043,"E:6130,?:49",0.0011923799302494215,E:E:7,1.0,E,0.000,negative,0.6666666666666666,0.6680161943319838,0.428,-
envelope_protein_E,38,0.00328098933093246,"K:6126,?:45,N:1,R:7",0.003821387573674277,"K:K:9,K:N:1,K:R:1",1.0,K,0.053,negative,0.6666666666666666,0.6680161943319838,0.552,-
envelope_protein_E,371,3.372172652227334e-09,"P:6122,?:56,S:1",1.005557507742488e-08,"P:P:28,P:S:1",1.0,P,0.000,negative,0.6666666666666666,0.6680161943319838,0.519,-
envelope_protein_E,372,1.10459208446656e-08,"P:6127,?:52",2.87775306216288e-08,P:P:14,1.0,P,0.000,negative,0.6666666666666666,0.6680161943319838,0.662,-
envelope_protein_E,373,0.0,"F:6121,?:55,V:1,L:2",0.0,"F:F:125,F:V:1,F:L:2",1.0,F,0.000,negative,0.6666666666666666,0.6680161943319838,3.786,-
envelope_protein_E,374,7.712550770766491e-05,"G:6126,R:1,?:52",0.00010939004674869378,"G:R:1,G:G:12",1.0,G,0.000,negative,0.6666666666666666,0.6680161943319838,0.551,-
envelope_protein_E,375,1.532529658732074e-11,"D:6153,G:3,?:22,E:1",6.959653037361254e-11,"D:D:46,D:G:3,D:E:1",1.0,D,0.000,negative,0.6666666666666666,0.6680161943319838,1.387,-
envelope_protein_E,376,1.676436767183986e-13,"S:6152,G:1,?:22,R:3,C:1",1.360387212714874e-12,"G:S:1,S:S:51,R:S:3,C:S:1",1.0,S,0.000,negative,0.6666666666666666,0.6680161943319838,1.517,-
envelope_protein_E,377,5.841528372130256e-10,"Y:6150,C:2,S:3,?:21,N:2,T:1",2.022067513429704e-09,"Y:Y:34,C:Y:2,S:Y:3,N:Y:2,T:Y:1",1.0,Y,0.000,negative,0.6666666666666666,0.6680161943319838,1.042,-
envelope_protein_E,378,1.423226827856894e-05,"I:6113,?:22,L:1,V:40,F:2,N:1",2.3327724496329885e-05,"I:I:30,I:L:1,I:V:10,F:I:2,I:N:1",1.0,I,0.127,negative,0.6666666666666666,0.6680161943319838,0.819,-
envelope_protein_E,379,1.96653804351854e-12,"I:5961,?:23,V:176,T:17,L:1,N:1",1.1871174774898504e-11,"I:I:72,I:V:7,I:T:3,I:L:1,I:N:1,V:V:3",1.0,I,0.190,negative,0.6666666666666666,0.6680161943319838,1.741,-
envelope_protein_E,380,0.003970236979148778,"I:5562,?:23,V:592,L:1,T:1",0.004570389080648012,"I:I:3,I:V:9,V:V:2,L:V:1,I:T:1",1.0,I,0.110,negative,0.6666666666666666,0.6680161943319838,0.823,-
envelope_protein_E,39,0.0002688306412731434,"P:6129,?:47,Q:1,A:2",0.0003558052605085721,"P:P:8,P:Q:1,A:P:1",1.0,P,0.021,negative,0.6666666666666666,0.6680161943319838,0.383,-
envelope_protein_E,381,0.0002725145205235702,"G:6153,?:24,V:1,W:1",0.0003587624671786363,"G:G:9,G:V:1,G:W:1",1.0,G,0.000,negative,0.6666666666666666,0.6680161943319838,0.471,-
envelope_protein_E,382,0.0,"V:6121,A:28,?:21,L:2,D:1,I:4,T:2",0.0,"V:V:57,A:V:8,L:V:2,D:V:1,I:V:4,A:T:1,A:A:1",1.0,V,0.164,negative,0.6666666666666666,0.6680161943319838,2.772,-
envelope_protein_E,383,1.542199137283262e-07,"E:6146,G:4,?:21,D:4,K:1,Q:1,A:1,R:1",3.377825544049622e-07,"E:E:31,E:G:4,D:E:2,E:K:1,E:Q:1,A:E:1,A:R:1",1.0,E,0.098,negative,0.6666666666666666,0.6680161943319838,1.441,-
envelope_protein_E,384,0.0,"P:6156,?:22,T:1",0.0,"P:P:49,P:T:1",1.0,P,0.000,negative,0.6666666666666666,0.6680161943319838,1.581,-
envelope_protein_E,385,0.0005625728132059304,"G:6156,?:22,V:1",0.0007067856409566892,"G:G:9,G:V:1",1.0,G,0.000,negative,0.6666666666666666,0.6680161943319838,0.422,-
envelope_protein_E,386,1.584514523034208e-06,"Q:6154,?:23,R:1,T:1",2.9375831045016215e-06,"Q:Q:20,Q:R:1,Q:T:1",1.0,Q,0.000,negative,0.6666666666666666,0.6680161943319838,1.228,-
envelope_protein_E,387,9.296718839202356e-08,"L:6155,?:22,V:1,M:1",2.1257397190425787e-07,"L:L:55,L:V:1,L:M:1",1.0,L,0.000,negative,0.6666666666666666,0.6680161943319838,0.716,-
envelope_protein_E,388,7.249534306197347e-12,"K:6154,R:1,?:22,E:2",3.5885194815676866e-11,"K:K:42,K:R:1,E:K:2",1.0,K,0.000,negative,0.6666666666666666,0.6680161943319838,1.662,-
envelope_protein_E,389,2.144298072437323e-09,"L:6154,?:22,P:1,I:2",6.7178958598511066e-09,"L:L:26,L:P:1,I:L:2",1.0,L,0.000,negative,0.6666666666666666,0.6680161943319838,0.633,-
envelope_protein_E,390,0.4563039329993986,"S:3055,N:3070,?:24,D:27,T:2,R:1",0.4775273717435567,"N:S:22,S:S:13,N:N:11,D:N:1,D:D:1,S:T:2,R:S:1",1.0,N,0.549,neutral,0.6666666666666666,0.6680161943319838,0.709,-
envelope_protein_E,40,2.712768374379948e-07,"T:6128,?:47,P:3,N:1",5.665908630034069e-07,"T:T:16,P:T:2,N:T:1",1.0,T,0.028,negative,0.6666666666666666,0.6680161943319838,0.786,-
envelope_protein_E,391,0.9225882780370159,"W:6154,?:23,G:1,C:1",0.9486204877755245,"G:W:1,C:W:1",1.0,W,0.000,neutral,0.6666666666666666,0.6680161943319838,1.637,-
envelope_protein_E,392,0.0,"F:6118,?:24,Y:35,S:2",0.0,"F:F:56,F:Y:6,F:S:2",1.0,F,0.025,negative,0.6666666666666666,0.6680161943319838,1.446,-
envelope_protein_E,393,5.791533363275203e-05,"K:6147,?:24,R:7,Q:1",8.435151049989936e-05,"K:K:26,K:R:4,K:Q:1",1.0,K,0.105,negative,0.6666666666666666,0.6680161943319838,0.931,-
envelope_protein_E,394,1.515978786947869e-09,"K:6149,?:25,R:5",4.841351609930291e-09,"K:K:31,K:R:2",1.0,K,0.053,negative,0.6666666666666666,0.6680161943319838,1.695,-
envelope_protein_E,395,0.001206888421818819,"G:6151,?:25,V:2,E:1",0.0014570969970739399,"G:V:2,G:G:8,E:G:1",1.0,G,0.000,negative,0.6666666666666666,0.6680161943319838,0.370,-
envelope_protein_E,396,3.338773701955233e-12,"S:6156,?:23",1.8996471062848738e-11,S:S:50,1.0,S,0.000,negative,0.6666666666666666,0.6680161943319838,1.250,-
envelope_protein_E,397,0.0,"S:6153,?:23,N:1,P:1,F:1",0.0,"S:S:60,N:S:1,P:S:1,F:S:1",1.0,S,0.000,negative,0.6666666666666666,0.6680161943319838,1.336,-
envelope_protein_E,398,0.0,"I:6148,?:28,N:1,S:1,V:1",0.0,"I:I:68,I:N:1,I:S:1,I:V:1",1.0,I,0.000,negative,0.6666666666666666,0.6680161943319838,1.629,-
envelope_protein_E,399,2.926158517713162e-07,"G:6154,?:23,S:1,R:1",6.085917925495863e-07,"G:G:31,G:S:1,G:R:1",1.0,G,0.000,negative,0.6666666666666666,0.6680161943319838,0.772,-
envelope_protein_E,400,0.005161804643772916,"Q:6141,R:11,?:25,K:1,P:1",0.005873777698086421,"Q:R:10,Q:Q:12,K:Q:1,P:Q:1",1.0,Q,0.084,negative,0.6666666666666666,0.6680161943319838,0.733,-
envelope_protein_E,5,0.0005524369353024916,"G:6160,?:18,R:1",0.0006993766827998295,"G:G:9,G:R:1",1.0,G,0.000,negative,0.6666666666666666,0.6680161943319838,0.424,-
envelope_protein_E,41,3.903466438970327e-11,"L:6128,?:46,M:4,V:1",1.61017990607526e-10,"L:L:78,L:M:3,L:V:1",1.0,L,0.042,negative,0.6666666666666666,0.6680161943319838,1.313,-
envelope_protein_E,401,0.8889933895618506,"M:6095,?:24,I:5,K:1,V:53,L:1",0.9186883670837496,"I:M:4,K:M:1,M:V:2,L:M:1",1.0,M,0.046,neutral,0.6503442248683892,0.6680161943319838,0.000,-
envelope_protein_E,402,2.567266776942745e-08,"F:6147,?:26,I:1,L:5",6.322373405903775e-08,"F:F:25,F:I:1,F:L:5",1.0,F,0.000,negative,0.6666666666666666,0.6680161943319838,0.603,-
envelope_protein_E,403,5.720236795347944e-07,"E:6148,?:27,K:2,Q:1,A:1",1.1463632444118348e-06,"E:E:24,E:K:2,E:Q:1,A:E:1",1.0,E,0.000,negative,0.6666666666666666,0.6680161943319838,0.856,-
envelope_protein_E,404,6.617677444920034e-07,"T:6123,I:13,?:25,K:1,A:6,N:10,M:1",1.3208670706594422e-06,"I:T:11,T:T:16,K:T:1,A:T:6,N:T:3,M:T:1",1.0,T,0.057,negative,0.00382361526282482,0.270384222156898,0.901,-
envelope_protein_E,405,2.942868171373902e-12,"T:6150,P:2,?:27",1.7137879350942137e-11,"P:T:2,T:T:26",1.0,T,0.000,negative,0.6666666666666666,0.6680161943319838,1.123,-
envelope_protein_E,406,0.9573363948488393,"M:6142,I:5,?:27,V:4,T:1",0.9790940401863129,"I:M:5,M:V:3,M:T:1",1.0,M,0.023,neutral,0.662937631618838,0.6680161943319838,0.000,-
envelope_protein_E,407,9.453342410203902e-06,"R:6150,?:28,I:1",1.5862388112037058e-05,"R:R:13,I:R:1",1.0,R,0.000,negative,0.6666666666666666,0.6680161943319838,0.693,-
envelope_protein_E,408,1.832477378327368e-05,"G:6150,?:29",2.8704946274431874e-05,G:G:15,1.0,G,0.000,negative,0.6666666666666666,0.6680161943319838,0.626,-
envelope_protein_E,409,1.665334536937735e-15,"A:6145,?:29,M:1,V:3,E:1",1.9170711529864624e-14,"A:A:41,A:M:1,A:V:3,A:E:1",1.0,A,0.000,negative,0.6666666666666666,0.6680161943319838,1.336,-
envelope_protein_E,410,0.001025740727873203,"K:6144,?:30,R:4,M:1",0.0012475225068728144,"K:K:16,K:R:3,K:M:1",1.0,K,0.053,negative,0.6666666666666666,0.6680161943319838,0.571,-
envelope_protein_E,42,3.655472258223824e-09,"D:6130,?:48,A:1",1.0770587903695196e-08,"D:D:40,A:D:1",1.0,D,0.000,negative,0.6666666666666666,0.6680161943319838,0.969,-
envelope_protein_E,411,0.000978776806858872,"R:6151,?:28",0.0011962827639386215,R:R:7,1.0,R,0.000,negative,0.6666666666666666,0.6680161943319838,0.390,-
envelope_protein_E,412,1.0,"M:6148,?:28,I:2,K:1",1.0,"I:M:2,K:M:1",1.0,M,0.000,neutral,0.6666666666666666,0.6680161943319838,0.107,-
envelope_protein_E,413,9.825473767932635e-14,"A:6149,V:1,?:29",9.006684287271582e-13,"A:A:44,A:V:1",1.0,A,0.000,negative,0.6666666666666666,0.6680161943319838,1.076,-
envelope_protein_E,414,6.570521904336601e-12,"I:6143,V:7,?:27,T:1,N:1",3.318784023108793e-11,"I:I:47,I:V:7,I:T:1,I:N:1",1.0,I,0.000,negative,0.6666666666666666,0.6680161943319838,0.960,-
envelope_protein_E,415,2.253752739989068e-14,"L:6150,?:28,V:1",2.187465894695272e-13,"L:L:81,L:V:1",1.0,L,0.000,negative,0.6666666666666666,0.6680161943319838,1.559,-
envelope_protein_E,416,9.459276775802827e-05,"G:6151,?:28",0.0001326442494057337,G:G:23,1.0,G,0.000,negative,0.6666666666666666,0.6680161943319838,0.425,-
envelope_protein_E,417,4.566301298192244e-07,"D:6144,?:30,A:1,G:1,C:1,E:2",9.263603043463774e-07,"D:D:33,A:D:1,D:G:1,C:D:1,D:E:1",1.0,D,0.047,negative,0.6666666666666666,0.6680161943319838,0.992,-
envelope_protein_E,418,0.004846684282302394,"T:6149,A:1,?:28,S:1",0.005527900275897891,"A:T:1,T:T:4,S:T:1",1.0,T,0.000,negative,0.6666666666666666,0.6680161943319838,0.188,-
envelope_protein_E,419,7.932454693104773e-11,"A:6144,?:30,V:2,T:1,G:2",3.1163214865768754e-10,"A:A:36,A:V:2,A:T:1,A:G:2",1.0,A,0.000,negative,0.6666666666666666,0.6680161943319838,0.801,-
envelope_protein_E,420,1.0,"W:6147,?:29,G:2,N:1",1.0,"G:W:2,N:W:1",1.0,W,0.000,neutral,0.6666666666666666,0.6680161943319838,0.000,-
envelope_protein_E,43,5.877525466324585e-09,"F:6120,L:9,?:48,I:1,K:1",1.6914971545527146e-08,"F:L:5,F:F:30,F:I:1,F:K:1",1.0,F,0.025,negative,0.6666666666666666,0.6680161943319838,0.738,-
envelope_protein_E,421,1.21782328665887e-09,"D:6145,?:30,G:2,E:1,Y:1",3.965937676948294e-09,"D:D:51,D:G:1,D:E:1,E:G:1,D:Y:1",1.0,D,0.044,negative,0.6666666666666666,0.6680161943319838,1.257,-
envelope_protein_E,422,1.425304319013776e-12,"F:6150,?:29",8.819070473897739e-12,F:F:37,1.0,F,0.000,negative,0.6666666666666666,0.6680161943319838,0.896,-
envelope_protein_E,423,3.582244640865095e-05,"G:6149,?:29,R:1",5.373366961297642e-05,"G:G:13,G:R:1",1.0,G,0.000,negative,0.6666666666666666,0.6680161943319838,0.605,-
envelope_protein_E,424,5.662137425588298e-15,"S:6149,?:29,P:1",6.092952229709148e-14,"S:S:43,P:S:1",1.0,S,0.000,negative,0.6666666666666666,0.6680161943319838,1.067,-
envelope_protein_E,425,8.853896726890298e-09,"L:6146,Q:1,?:30,I:1,P:1",2.3818906955492922e-08,"L:L:65,L:Q:1,I:L:1,L:P:1",1.0,L,0.000,negative,0.6666666666666666,0.6680161943319838,0.834,-
envelope_protein_E,426,0.0002695962112354566,"G:6150,?:29",0.00035586699883080267,G:G:10,1.0,G,0.000,negative,0.6666666666666666,0.6680161943319838,0.473,-
envelope_protein_E,427,0.000779256339270229,"G:6148,R:2,?:29",0.0009619249075779635,"G:R:2,G:G:16",1.0,G,0.100,negative,0.6666666666666666,0.6680161943319838,0.739,-
envelope_protein_E,428,0.0002153340312344154,"V:6095,M:41,I:1,?:29,A:11,L:2",0.000289647677883249,"V:V:33,M:V:15,I:M:1,A:V:8,L:V:2",1.0,V,0.278,negative,0.296049571789708,0.6680161943319838,1.019,-
envelope_protein_E,429,0.0,"F:6138,?:31,V:1,L:9",0.0,"F:F:58,F:V:1,F:L:4",1.0,F,0.025,negative,0.6666666666666666,0.6680161943319838,1.579,-
envelope_protein_E,430,0.001161349754960295,"T:6146,?:30,A:1,S:2",0.0014055455469568362,"T:T:8,A:T:1,S:T:1",1.0,T,0.028,negative,0.6666666666666666,0.6680161943319838,0.378,-
envelope_protein_E,44,4.015747148322646e-05,"E:6131,?:47,L:1",5.969353869128257e-05,"E:E:10,E:L:1",1.0,E,0.000,negative,0.6666666666666666,0.6680161943319838,0.660,-
envelope_protein_E,431,0.0,"S:6148,?:31",0.0,S:S:82,1.0,S,0.000,negative,0.6666666666666666,0.6680161943319838,1.591,-
envelope_protein_E,432,0.06971580250849951,"I:6093,?:30,V:20,M:16,T:10,L:9,R:1",0.07518370858759751,"I:V:17,I:M:7,M:V:1,I:T:8,I:I:4,I:L:3,I:R:1",1.0,I,0.246,neutral,0.6666666666666666,0.6680161943319838,0.815,-
envelope_protein_E,433,6.652267287832192e-05,"G:6151,?:28",9.65651703072415e-05,G:G:12,1.0,G,0.000,negative,0.6666666666666666,0.6680161943319838,0.566,-
envelope_protein_E,434,1.720064091159657e-10,"K:6146,?:31,I:1,E:1",6.353968097940525e-10,"K:K:36,I:K:1,E:K:1",1.0,K,0.000,negative,0.6666666666666666,0.6680161943319838,1.447,-
envelope_protein_E,435,1.344480082821065e-13,"A:6147,P:1,?:30,V:1",1.1474442086145297e-12,"A:P:1,A:A:47,A:V:1",1.0,A,0.000,negative,0.6666666666666666,0.6680161943319838,1.030,-
envelope_protein_E,436,1.990019260489362e-11,"L:6149,I:1,?:28,F:1",8.79517441019852e-11,"L:L:31,I:L:1,F:L:1",1.0,L,0.000,negative,0.6666666666666666,0.6680161943319838,0.795,-
envelope_protein_E,437,5.201324926318307e-10,"H:6150,?:27,L:2",1.8259970486011077e-09,"H:H:29,H:L:2",1.0,H,0.000,negative,0.6666666666666666,0.6680161943319838,0.855,-
envelope_protein_E,438,6.833924856763929e-05,"Q:6152,?:27",9.833700011913211e-05,Q:Q:14,1.0,Q,0.000,negative,0.6666666666666666,0.6680161943319838,0.840,-
envelope_protein_E,439,1.344990785412392e-11,"V:6132,I:17,?:30",6.22215363344985e-11,"V:V:59,I:V:12",1.0,V,0.066,negative,0.6666666666666666,0.6680161943319838,1.290,-
envelope_protein_E,440,1.110223024625157e-16,"F:6149,?:29,L:1",1.4852983707823047e-15,"F:F:51,F:L:1",1.0,F,0.000,negative,0.6666666666666666,0.6680161943319838,1.244,-
envelope_protein_E,45,4.2448141501783e-07,"L:6128,?:48,V:1,Q:2",8.682574398091977e-07,"L:L:52,L:V:1,L:Q:2",1.0,L,0.000,negative,0.6666666666666666,0.6680161943319838,0.644,-
envelope_protein_E,441,0.04629353758886801,"G:6153,?:26",0.05025285330370541,G:G:3,1.0,G,0.000,neutral,0.6666666666666666,0.6680161943319838,0.141,-
envelope_protein_E,442,9.096057240753908e-13,"A:6150,T:3,?:26",5.847465369056084e-12,"A:T:3,A:A:27",1.0,A,0.000,negative,0.6666666666666666,0.6680161943319838,1.185,-
envelope_protein_E,443,2.416067188537596e-07,"I:6116,?:31,F:2,V:25,T:1,N:3,M:1",5.06759855222928e-07,"I:I:39,F:I:2,I:V:10,I:T:1,I:N:2,I:M:1",1.0,I,0.127,negative,0.6666666666666666,0.6680161943319838,1.029,-
envelope_protein_E,444,0.0002303472150989583,"Y:6149,?:27,F:1,S:2",0.0003073365807924107,"Y:Y:21,F:Y:1,S:Y:1,S:S:1",1.0,Y,0.041,negative,0.6666666666666666,0.6680161943319838,0.507,-
envelope_protein_E,445,3.043601231600412e-06,"G:6146,R:4,?:26,E:1,W:2",5.3806521772935855e-06,"G:G:27,G:R:4,E:G:1,G:W:1",1.0,G,0.048,negative,0.6666666666666666,0.6680161943319838,0.904,-
envelope_protein_E,446,1.554473017728597e-05,"A:6133,V:18,?:25,T:3",2.5208455499284134e-05,"A:V:8,A:A:37,A:T:2",1.0,A,0.111,negative,0.6666666666666666,0.6680161943319838,0.680,-
envelope_protein_E,447,6.899676829874579e-09,"A:6008,V:144,?:27",1.918730354375234e-08,"A:V:10,A:A:42",1.0,A,0.083,negative,0.6666666666666666,0.6680161943319838,0.977,-
envelope_protein_E,448,3.491651412446117e-13,"F:6153,P:1,I:1,?:23,S:1",2.7005741393137935e-12,"F:F:36,F:P:1,F:I:1,F:S:1",1.0,F,0.000,negative,0.6666666666666666,0.6680161943319838,0.997,-
envelope_protein_E,449,7.253156519837489e-09,"S:6146,R:3,N:9,?:21",1.9946180429553095e-08,"R:S:3,S:S:44,N:S:8",1.0,S,0.039,negative,0.6666666666666666,0.6680161943319838,1.036,-
envelope_protein_E,450,1.005318598590321e-06,"G:6157,?:22",1.936314032304315e-06,G:G:24,1.0,G,0.000,negative,0.6666666666666666,0.6680161943319838,0.730,-
envelope_protein_E,46,0.0009403809745587299,"I:6018,M:10,K:3,V:16,T:79,?:49,L:4",0.0011550585171378942,"I:M:7,I:K:3,I:V:6,I:T:16,I:L:3,I:I:9",1.0,I,0.329,negative,0.6666666666666666,0.6680161943319838,1.598,-
envelope_protein_E,451,1.45479184254782e-11,"V:6154,?:24,D:1",6.667795945010842e-11,"V:V:46,D:V:1",1.0,V,0.000,negative,0.6666666666666666,0.6680161943319838,0.970,-
envelope_protein_E,452,4.438607226653346e-06,"S:6157,?:22",7.709159919976863e-06,S:S:10,1.0,S,0.000,negative,0.6666666666666666,0.6680161943319838,0.468,-
envelope_protein_E,453,0.9999999663716803,"W:6156,?:23",1.0,NA,1.0,W,0.000,neutral,0.6666666666666666,0.6680161943319838,0.153,-
envelope_protein_E,454,0.0,"T:6151,?:24,S:1,A:1,C:1,I:1",0.0,"T:T:70,S:T:1,A:T:1,C:T:1,I:T:1",1.0,T,0.000,negative,0.6666666666666666,0.6680161943319838,1.372,-
envelope_protein_E,455,1.0,"M:6153,?:21,L:2,K:1,V:1,R:1",1.0,"L:M:2,K:M:1,M:V:1,M:R:1",1.0,M,0.000,neutral,0.6666666666666666,0.6680161943319838,0.000,-
envelope_protein_E,456,0.001697364892051412,"K:6157,?:20,R:1,Q:1",0.0020052401469342457,"K:K:10,K:R:1,K:Q:1",1.0,K,0.053,negative,0.6666666666666666,0.6680161943319838,0.604,-
envelope_protein_E,457,8.407419205269662e-11,"I:6154,T:1,?:22,V:1,N:1",3.27690748551849e-10,"I:T:1,I:I:35,I:V:1,I:N:1",1.0,I,0.000,negative,0.6666666666666666,0.6680161943319838,0.923,-
envelope_protein_E,458,1.054356602026019e-11,"L:6147,?:22,F:8,I:2",5.0183319038738404e-11,"L:L:39,F:L:7,I:L:2",1.0,L,0.024,negative,0.6666666666666666,0.6680161943319838,0.956,-
envelope_protein_E,459,0.1434238374668279,"I:6144,L:6,?:21,M:2,T:2,V:1,Y:1,K:2",0.15234935524909832,"I:L:3,I:M:2,I:I:1,I:T:2,I:V:1,I:Y:1,I:K:1",1.0,I,0.055,neutral,0.6666666666666666,0.6680161943319838,0.345,-
envelope_protein_E,460,0.021368927023387,"G:6156,?:20,V:1,R:1,E:1",0.023558171217319745,"G:G:4,G:V:1,G:R:1,E:G:1",1.0,G,0.000,negative,0.6666666666666666,0.6680161943319838,0.188,-
envelope_protein_E,47,1.717807007750594e-09,"K:6136,?:43",5.416015725073529e-09,K:K:25,1.0,K,0.000,negative,0.6666666666666666,0.6680161943319838,1.406,-
envelope_protein_E,461,1.380515390891901e-08,"V:6060,?:23,A:53,I:39,F:1,L:1,S:1,G:1",3.540700095810834e-08,"V:V:60,A:V:16,I:V:14,F:V:1,L:V:1,S:V:1,A:A:1,G:V:1",1.0,V,0.231,negative,0.6666666666666666,0.6680161943319838,1.426,-
envelope_protein_E,462,1.036062114434522e-06,"V:3246,I:2908,L:1,?:20,M:1,T:3",1.9801187129153995e-06,"V:V:13,I:V:17,L:V:1,I:I:31,I:M:1,I:T:2",1.0,V,0.194,negative,0.6666666666666666,0.6680161943319838,1.105,-
envelope_protein_E,463,1.640909630395981e-13,"I:6158,?:19,V:1,F:1",1.360387212714874e-12,"I:I:45,I:V:1,F:I:1",1.0,I,0.000,negative,0.6666666666666666,0.6680161943319838,1.194,-
envelope_protein_E,464,2.228286777317123e-09,"T:6159,?:20",6.893762217324849e-09,T:T:18,1.0,T,0.000,negative,0.6666666666666666,0.6680161943319838,0.850,-
envelope_protein_E,465,3.005053495919174e-05,"W:6158,?:18,R:2,G:1",4.591053952098738e-05,"R:W:2,G:W:1",1.0,W,0.000,negative,0.6666666666666666,0.6680161943319838,10000.000,-
envelope_protein_E,466,0.02561969814588427,"I:6155,?:18,V:3,M:2,K:1",0.028181667960472695,"I:V:3,I:M:1,I:K:1,I:I:2",1.0,I,0.027,negative,0.6666666666666666,0.6680161943319838,0.406,-
envelope_protein_E,467,0.0005601671200557989,"G:6159,?:19,A:1",0.0007055540061771513,"G:G:9,A:G:1",1.0,G,0.000,negative,0.6666666666666666,0.6680161943319838,0.423,-
envelope_protein_E,468,5.691008832320321e-05,"M:6158,?:18,T:1,I:1,L:1",8.334465597628873e-05,"M:T:1,I:M:1,L:M:1",1.0,M,0.000,negative,0.6666666666666666,0.6680161943319838,1965.430,-
envelope_protein_E,469,5.214338150150155e-07,"N:6152,K:1,?:19,T:2,I:3,S:2",1.0492265789936288e-06,"N:N:37,K:N:1,N:T:2,I:N:1,N:S:2",1.0,N,0.044,negative,0.6666666666666666,0.6680161943319838,0.902,-
envelope_protein_E,470,0.01203161677323694,"S:6105,?:17,T:53,A:3,L:1",0.013413626808000642,"S:S:8,S:T:13,A:S:1,L:S:1,T:T:3,A:T:1",0.003561896989755287,S,0.176,negative,0.5836342979122147,0.6680161943319838,0.566,overall
envelope_protein_E,48,1.157303142207411e-10,"T:6130,?:46,P:1,K:1,I:1",4.4112029413849573e-10,"P:T:1,T:T:23,K:T:1,I:T:1",1.0,T,0.000,negative,0.6666666666666666,0.6680161943319838,0.939,-
envelope_protein_E,471,0.0,"R:6153,?:23,L:1,C:1,H:1",0.0,"R:R:83,L:R:1,C:R:1,H:R:1",1.0,R,0.000,negative,0.6666666666666666,0.6680161943319838,1.802,-
envelope_protein_E,472,2.762952533430507e-09,"S:6161,C:3,G:1,?:13,D:1",8.288857600291522e-09,"C:S:3,S:S:33,G:S:1,D:S:1",1.0,S,0.000,negative,0.6666666666666666,0.6680161943319838,0.977,-
envelope_protein_E,473,4.586664381633909e-12,"T:6151,P:4,?:17,S:2,A:3,I:2",2.5510099650660506e-11,"T:T:44,P:T:3,S:T:2,A:T:3,I:T:2",1.0,T,0.028,negative,0.6666666666666666,0.6680161943319838,1.081,-
envelope_protein_E,474,0.001153751831995176,"S:6146,P:12,?:18,Q:1,T:2",0.0013997724432294415,"S:S:4,P:S:12,Q:S:1,S:T:2",1.0,S,0.000,negative,0.6666666666666666,0.6680161943319838,0.235,-
envelope_protein_E,475,7.488048876180819e-06,"L:6152,?:18,M:4,P:5",1.2781324805894845e-05,"L:L:54,L:M:3,L:P:5",1.0,L,0.044,negative,0.6666666666666666,0.6680161943319838,0.682,-
envelope_protein_E,476,2.845659385908306e-08,"S:6154,P:2,A:3,?:16,T:1,F:3",6.973274237745601e-08,"S:S:27,P:S:2,A:S:3,S:T:1,F:S:3",1.0,S,0.000,negative,0.6666666666666666,0.6680161943319838,0.496,-
envelope_protein_E,477,3.733602615518805e-06,"V:6141,G:6,A:3,L:5,M:4,?:20",6.530506341631832e-06,"V:V:28,G:V:3,A:V:3,L:V:1,M:V:4",1.0,V,0.099,negative,0.6666666666666666,0.6680161943319838,0.858,-
envelope_protein_E,478,5.825784299418046e-12,"S:6146,P:1,T:9,A:2,?:21",3.1210894084253025e-11,"S:S:29,P:S:1,S:T:7,A:S:2",1.0,S,0.050,negative,0.6666666666666666,0.6680161943319838,1.313,-
envelope_protein_E,479,5.213536047321554e-09,"L:6159,?:20",1.5091814873825553e-08,L:L:59,1.0,L,0.000,negative,0.6666666666666666,0.6680161943319838,0.881,-
envelope_protein_E,480,7.47888861951651e-10,"V:6137,?:20,I:16,E:2,L:1,T:1,A:2",2.553137839076326e-09,"I:V:14,V:V:33,E:V:1,L:V:1,T:V:1,A:V:2",1.0,V,0.124,negative,0.6666666666666666,0.6680161943319838,1.568,-
envelope_protein_E,49,1.623784927684557e-05,"E:6139,?:37,K:3",2.5770033861646135e-05,"E:E:12,E:K:3",1.0,E,0.000,negative,0.6666666666666666,0.6680161943319838,0.731,-
envelope_protein_E,481,0.0,"L:6142,?:24,F:3,V:2,S:4,I:3,G:1",0.0,"L:L:107,F:L:3,L:V:2,L:S:4,I:L:3,G:L:1",1.0,L,0.000,negative,0.6666666666666666,0.6680161943319838,1.892,-
envelope_protein_E,482,7.319963400664875e-05,"V:6146,?:21,M:7,R:1,G:1,L:2,E:1",0.00010412016906118141,"M:V:4,M:R:1,G:V:1,V:V:20,L:V:2,E:V:1",1.0,V,0.066,negative,0.6666666666666666,0.6680161943319838,0.610,-
envelope_protein_E,483,6.313838341043265e-13,"G:6155,?:24",4.401901378614671e-12,G:G:42,1.0,G,0.000,negative,0.6666666666666666,0.6680161943319838,1.778,-
envelope_protein_E,484,0.01145008111985457,"V:4343,I:1791,?:28,A:4,T:3,F:10",0.012823054647800931,"I:V:41,V:V:31,A:V:3,I:I:16,I:T:3,F:I:1,F:V:6",7.543020130906797e-05,V,0.691,negative,0.6666666666666666,0.6680161943319838,1.295,overall
envelope_protein_E,485,1.615432757895441e-06,"V:6064,?:22,G:3,M:1,I:88,E:1",2.9837284147695644e-06,"V:V:26,G:V:2,M:V:1,I:V:1,E:V:1",1.0,V,0.065,negative,0.6666666666666666,0.6680161943319838,0.806,-
envelope_protein_E,486,4.21773727055097e-13,"T:6109,?:23,I:43,P:4",3.2119691521888156e-12,"T:T:40,I:T:9,P:T:3",1.0,T,0.139,negative,0.6666666666666666,0.6680161943319838,1.904,-
envelope_protein_E,487,7.294561510384767e-09,"L:6152,?:22,M:2,S:1,P:2",1.994921518033403e-08,"L:L:73,L:M:2,L:S:1,L:P:1",1.0,L,0.043,negative,0.6666666666666666,0.6680161943319838,1.039,-
envelope_protein_E,488,1.674216321134736e-13,"Y:6145,?:25,D:3,N:4,F:1,H:1",1.360387212714874e-12,"Y:Y:66,D:Y:2,N:Y:3,D:N:1,F:Y:1,H:Y:1",1.0,Y,0.040,negative,0.6666666666666666,0.6680161943319838,1.647,-
envelope_protein_E,489,1.183275699645492e-12,"L:6150,?:26,M:1,W:2",7.509249632365622e-12,"L:L:92,L:M:1,L:W:1",1.0,L,0.043,negative,0.6666666666666666,0.6680161943319838,1.494,-
envelope_protein_E,490,3.401338891806382e-05,"G:6154,?:22,A:2,R:1",5.117515961836349e-05,"G:G:13,A:G:2,G:R:1",1.0,G,0.000,negative,0.6666666666666666,0.6680161943319838,0.611,-
envelope_protein_E,50,6.020717258081731e-11,"A:6116,T:21,?:38,D:1,P:3",2.422971579471916e-10,"A:A:43,A:T:5,A:D:1,A:P:3",1.0,A,0.055,negative,0.6666666666666666,0.6680161943319838,1.109,-
envelope_protein_E,491,3.72573864759751e-07,"V:4819,?:25,I:17,A:1316,G:2",7.716487993978107e-07,"V:V:62,I:V:7,A:V:28,A:A:17,G:V:1",1.0,V,0.480,negative,0.6666666666666666,0.6680161943319838,1.699,-
envelope_protein_E,492,0.03229962733289127,"M:5997,?:24,V:145,I:7,L:3,T:3",0.035216554030355014,"M:V:19,I:M:2,V:V:1,L:M:2,M:T:2",1.0,M,0.211,negative,0.6666666666666666,0.6680161943319838,2.300,-
envelope_protein_E,493,9.658356045894045e-05,"V:6146,?:24,L:2,G:2,M:1,E:2,D:2",0.00013505328369258624,"V:V:15,L:V:2,G:V:2,M:V:1,E:V:1,D:V:2",1.0,V,0.033,negative,0.6666666666666666,0.6680161943319838,0.501,-
envelope_protein_E,494,0.0001724178857164249,"Q:6113,?:51,H:8,E:1,R:4,L:1,P:1",0.00023382699569761734,"Q:Q:27,H:Q:8,E:Q:1,Q:R:3,L:Q:1,P:Q:1",1.0,Q,0.079,negative,0.6666666666666666,0.6680161943319838,0.980,-
envelope_protein_E,495,8.807399254351367e-13,"A:5909,?:217,T:34,P:17,D:1,S:1",5.736398198557798e-12,"A:A:67,A:T:20,A:P:13,A:D:1,A:S:1",0.004522468016203707,A,0.280,negative,0.6666666666666666,0.6680161943319838,1.913,"overall,volume,composition,charge"
envelope_protein_E,6,1.950571275610713e-07,"I:6141,M:10,A:1,T:3,?:17,V:7",4.1439175168553774e-07,"I:I:8,I:M:4,A:I:1,I:T:3,I:V:4",1.0,I,0.055,negative,0.6666666666666666,0.6680161943319838,1.673,-
envelope_protein_E,51,0.006985580519400125,"K:6132,R:8,?:36,T:2,N:1",0.007840957725857283,"K:R:5,K:K:12,K:T:1,K:N:1",1.0,K,0.158,negative,0.6666666666666666,0.6680161943319838,0.722,-
envelope_protein_E,52,0.09579738598639909,"H:2289,Y:24,Q:3785,?:37,R:4,L:13,E:21,A:1,K:2,P:2,N:1",0.10286270295719642,"H:Y:17,H:Q:11,H:H:15,Q:Q:15,Q:R:2,L:Q:4,E:Q:2,A:Q:1,K:Q:1,P:Q:1,H:L:3,H:R:2,H:P:1,H:N:1",1.0,Q,0.610,neutral,0.6666666666666666,0.6680161943319838,1.059,-
envelope_protein_E,53,3.177791363384586e-12,"P:6030,S:6,?:36,R:1,L:105,T:1",1.829077587064384e-11,"P:P:53,P:S:4,P:R:1,L:P:9,P:T:1",1.0,P,0.086,negative,0.6666666666666666,0.6680161943319838,1.105,-
envelope_protein_E,54,1.247301817386415e-09,"A:6143,?:35,P:1",4.0353882327207544e-09,"A:A:29,A:P:1",1.0,A,0.000,negative,0.6666666666666666,0.6680161943319838,0.718,-
envelope_protein_E,55,5.354945220581442e-08,"T:6118,?:36,P:1,S:3,I:20,A:1",1.2562549214160255e-07,"P:T:1,T:T:39,S:T:3,I:T:15,A:T:1",1.0,T,0.055,negative,0.6666666666666666,0.6680161943319838,0.776,-
envelope_protein_E,56,1.573194929882504e-08,"L:6143,?:34,I:1,R:1",3.9731198484277526e-08,"L:L:55,I:L:1,L:R:1",1.0,L,0.000,negative,0.6666666666666666,0.6680161943319838,0.824,-
envelope_protein_E,57,1.875654116467729e-07,"R:6146,?:30,W:1,T:1,E:1",4.0367338593544605e-07,"R:R:24,R:W:1,R:T:1,E:R:1",1.0,R,0.000,negative,0.6666666666666666,0.6680161943319838,0.811,-
envelope_protein_E,58,6.677817796507668e-07,"K:6141,?:35,Q:1,R:1,I:1",1.3275179956912834e-06,"K:K:22,K:Q:1,K:R:1,I:K:1",1.0,K,0.000,negative,0.6666666666666666,0.6680161943319838,0.853,-
envelope_protein_E,59,2.560507361692999e-12,"Y:6143,?:33,N:2,F:1",1.5088704095690888e-11,"Y:Y:48,N:Y:2,F:Y:1",1.0,Y,0.000,negative,0.6666666666666666,0.6680161943319838,1.306,-
envelope_protein_E,60,1.110223024625157e-16,"C:6143,?:33,W:1,G:1,Y:1",1.4852983707823047e-15,"C:C:63,C:W:1,C:G:1,C:Y:1",1.0,C,0.000,negative,0.6666666666666666,0.6680161943319838,1.621,-
envelope_protein_E,7,0.0001206056944802469,"S:6159,A:1,?:18,L:1",0.00016722638310286334,"A:S:1,S:S:7,L:S:1",1.0,S,0.000,negative,0.6666666666666666,0.6680161943319838,0.329,-
envelope_protein_E,61,0.002770243866680011,"I:5908,?:32,T:4,M:2,V:233",0.003249456668262098,"I:T:4,I:I:5,I:M:2,I:V:7",1.0,I,0.109,negative,0.6666666666666666,0.6680161943319838,0.894,-
envelope_protein_E,62,6.814548925149211e-12,"E:6140,Q:1,?:33,K:5",3.4072744625746054e-11,"E:E:38,E:Q:1,E:K:5,?:E:1",1.0,E,0.000,negative,0.6666666666666666,0.6680161943319838,1.706,-
envelope_protein_E,63,4.687139565362486e-11,"A:6145,?:31,T:1,G:2",1.9017492498806807e-10,"A:A:22,A:T:1,A:G:2",1.0,A,0.000,negative,0.6666666666666666,0.6680161943319838,1.027,-
envelope_protein_E,64,0.002787338437960751,"K:6133,?:32,R:11,N:3",0.00326177902314556,"K:K:20,K:R:8,K:N:1",1.0,K,0.158,negative,0.6666666666666666,0.6680161943319838,0.749,-
envelope_protein_E,65,1.455331803934534e-05,"L:6145,?:33,Q:1",2.3775222539524567e-05,"L:L:36,L:Q:1",1.0,L,0.000,negative,0.6666666666666666,0.6680161943319838,0.475,-
envelope_protein_E,66,6.29551966113695e-12,"T:6144,?:31,S:3,I:1",3.212662095116279e-11,"T:T:37,S:T:3,I:T:1",1.0,T,0.000,negative,0.6666666666666666,0.6680161943319838,0.921,-
envelope_protein_E,67,5.7495075367342e-10,"N:6140,?:37,Y:2",2.0042297399179076e-09,"N:N:47,N:Y:1",1.0,N,0.046,negative,0.6666666666666666,0.6680161943319838,1.400,-
envelope_protein_E,68,0.0009932994261532269,"T:6137,P:4,I:2,?:32,A:2,L:2",0.0012110424038075057,"P:T:3,I:T:2,T:T:13,A:T:1,L:P:1",0.7965200026716113,T,0.111,negative,0.6666666666666666,0.6680161943319838,0.608,-
envelope_protein_E,69,1.026028795259037e-08,"T:6144,?:32,P:2,I:1",2.701511987517145e-08,"T:T:17,P:T:2,I:T:1",1.0,T,0.000,negative,0.6666666666666666,0.6680161943319838,0.766,-
envelope_protein_E,70,2.943094326246509e-06,"T:6147,?:31,S:1",5.2404017679569134e-06,"T:T:10,S:T:1",1.0,T,0.000,negative,0.6666666666666666,0.6680161943319838,0.519,-
envelope_protein_E,8,2.274529897761113e-09,"N:6151,S:1,Y:2,I:1,?:21,K:3",6.993119871998453e-09,"N:N:42,N:S:1,N:Y:2,I:N:1,K:N:3",1.0,N,0.000,negative,0.6666666666666666,0.6680161943319838,0.979,-
envelope_protein_E,71,0.0003937885075707692,"A:3130,S:4,T:1,E:2980,?:30,D:32,P:2",0.0005102756838940596,"A:S:4,A:T:1,A:E:6,E:E:5,D:E:4,A:A:9,A:P:2",1.0,A,0.108,negative,0.6666666666666666,0.6680161943319838,0.745,-
envelope_protein_E,72,7.771561172376096e-16,"S:6141,?:34,H:1,Y:2,F:1",9.86390456493889e-15,"S:S:55,H:S:1,S:Y:1,F:S:1,F:Y:1",1.0,S,0.000,negative,0.6666666666666666,0.6680161943319838,1.193,-
envelope_protein_E,73,1.165734175856414e-14,"R:6142,?:35,C:1,L:1",1.202163368851927e-13,"R:R:58,C:R:1,L:R:1",1.0,R,0.000,negative,0.6666666666666666,0.6680161943319838,1.325,-
envelope_protein_E,74,8.166148868227197e-10,"C:6149,F:1,?:28,R:1",2.768660061487988e-09,"C:C:31,C:F:1,C:R:1",1.0,C,0.000,negative,0.6666666666666666,0.6680161943319838,0.922,-
envelope_protein_E,75,1.573531058784994e-05,"P:6150,?:28,L:1",2.537126625728248e-05,"P:P:8,L:P:1",1.0,P,0.000,negative,0.6666666666666666,0.6680161943319838,0.376,-
envelope_protein_E,76,6.801858792082616e-05,"T:6146,?:29,L:3,S:1",9.816093592072579e-05,"T:T:13,S:T:1,L:S:1",1.0,T,0.056,negative,0.6666666666666666,0.6680161943319838,0.613,-
envelope_protein_E,77,0.0006881780381979841,"Q:6146,?:33",0.0008578051570227052,Q:Q:10,1.0,Q,0.000,negative,0.6666666666666666,0.6680161943319838,0.613,-
envelope_protein_E,78,1.484716283250975e-08,"G:6143,?:35,R:1",3.788322475305323e-08,"G:G:29,G:R:1",1.0,G,0.000,negative,0.6666666666666666,0.6680161943319838,1.034,-
envelope_protein_E,79,3.042581157464141e-06,"E:6145,?:33,G:1",5.3806521772935855e-06,"E:E:14,E:G:1",1.0,E,0.000,negative,0.6666666666666666,0.6680161943319838,0.860,-
envelope_protein_E,80,0.0,"P:6144,?:33,H:1,T:1",0.0,"P:P:56,H:P:1,P:T:1",1.0,P,0.000,negative,0.6666666666666666,0.6680161943319838,1.296,-
envelope_protein_E,9,0.0001902980398478249,"R:6159,K:3,?:16,S:1",0.0002566690183233606,"K:R:3,R:S:1,R:R:9",1.0,R,0.000,negative,0.6666666666666666,0.6680161943319838,0.499,-
envelope_protein_E,81,1.682742856168318e-08,"S:6114,?:31,T:32,N:1,A:1",4.228211745194505e-08,"S:S:37,S:T:5,N:S:1,T:T:1,A:S:1",1.0,S,0.041,negative,0.6666666666666666,0.6680161943319838,1.067,-
envelope_protein_E,82,2.573182222853632e-09,"L:6146,V:1,?:30,I:2",7.814265032592319e-09,"L:V:1,L:L:63,I:L:2",1.0,L,0.000,negative,0.6666666666666666,0.6680161943319838,0.913,-
envelope_protein_E,83,0.0801108900769345,"N:4544,T:3,K:1512,S:85,?:32,R:1,D:1,H:1",0.08620628388713604,"N:T:3,N:N:23,K:N:12,N:S:11,K:R:1,K:K:2,D:N:1,S:S:1,H:N:1",1.0,N,0.362,neutral,0.6666666666666666,0.6680161943319838,0.710,-
envelope_protein_E,84,0.0004268413994098497,"E:6148,?:30,R:1",0.0005431529375523795,"E:E:8,E:R:1",1.0,E,0.000,negative,0.6666666666666666,0.6680161943319838,0.488,-
envelope_protein_E,85,9.90273285594867e-09,"E:6144,?:31,K:3,R:1",2.621311638339354e-08,"E:E:27,E:K:3,E:R:1",1.0,E,0.000,negative,0.6666666666666666,0.6680161943319838,1.182,-
envelope_protein_E,86,0.0003772254830840538,"Q:6146,?:32,N:1",0.0004900961000698337,"Q:Q:17,N:Q:1",1.0,Q,0.000,negative,0.6666666666666666,0.6680161943319838,0.603,-
envelope_protein_E,87,3.523648040015814e-11,"D:6143,?:33,G:2,H:1",1.4657191426956536e-10,"D:D:45,D:G:2,D:H:1",1.0,D,0.000,negative,0.6666666666666666,0.6680161943319838,1.309,-
envelope_protein_E,88,0.0005453493461643477,"K:6143,?:30,R:5,S:1",0.0006921741701316721,"K:K:12,K:R:3,K:S:1",1.0,K,0.052,negative,0.6666666666666666,0.6680161943319838,0.676,-
envelope_protein_E,89,1.006237217981987e-05,"R:6144,K:3,?:32",1.6714343050371932e-05,"R:R:16,K:R:3",1.0,R,0.000,negative,0.6666666666666666,0.6680161943319838,0.606,-
envelope_protein_E,90,2.042810365310288e-14,"F:6119,Y:19,L:1,?:40",2.022382261657185e-13,"F:F:54,F:Y:3,F:L:1",1.0,F,0.076,negative,0.6666666666666666,0.6680161943319838,1.462,-
envelope_protein_E,10,1.373298874607354e-05,"D:6154,?:17,V:1,N:1,E:5,A:1",2.2584150927928246e-05,"D:D:26,D:V:1,D:N:1,D:E:2,A:D:1",1.0,D,0.047,negative,0.6666666666666666,0.6680161943319838,0.776,-
envelope_protein_E,91,1.79794964438873e-05,"V:4851,F:1,?:39,I:1269,L:18,T:1",2.82534944118229e-05,"V:V:34,F:V:1,I:V:11,L:V:3,I:L:2,I:I:7,I:T:1",0.02814411569253394,V,0.230,negative,0.6666666666666666,0.6680161943319838,1.033,"overall,bipolar,volume,composition,charge"
envelope_protein_E,92,1.186379031681284e-07,"C:6144,?:31,R:2,S:2",2.6815416469508476e-07,"C:C:29,C:R:2,C:S:1",1.0,C,0.035,negative,0.6666666666666666,0.6680161943319838,0.865,-
envelope_protein_E,93,0.1294725200097804,"K:6133,R:12,?:31,T:1,N:2",0.13782558581686302,"K:K:7,K:R:10,K:T:1,K:N:1",1.0,K,0.157,neutral,0.6666666666666666,0.6680161943319838,0.427,-
envelope_protein_E,94,1.211275524326538e-11,"H:6154,P:1,?:24",5.7102989003965364e-11,"H:H:35,H:P:1",1.0,H,0.000,negative,0.6666666666666666,0.6680161943319838,1.008,-
envelope_protein_E,95,2.745783600488494e-10,"S:6155,?:24",9.993844722366209e-10,S:S:28,1.0,S,0.000,negative,0.6666666666666666,0.6680161943319838,0.694,-
envelope_protein_E,96,0.9114520983928707,"M:6077,L:3,I:66,?:23,V:10",0.9399349764676478,"L:M:3,I:M:8,M:V:4",1.0,M,0.069,neutral,0.6298324640774541,0.6680161943319838,0.000,-
envelope_protein_E,97,9.826006674984455e-11,"V:6151,?:25,G:1,E:2",3.799901018841645e-10,"V:V:28,G:V:1,E:V:1",1.0,V,0.033,negative,0.6666666666666666,0.6680161943319838,1.318,-
envelope_protein_E,98,2.001065979584382e-12,"D:6151,H:1,?:24,N:2,G:1",1.1934068191497219e-11,"D:D:51,D:H:1,D:N:2,D:G:1",1.0,D,0.000,negative,0.6666666666666666,0.6680161943319838,1.494,-
envelope_protein_E,99,0.0006897100050404781,"R:6152,?:23,G:3,K:1",0.0008578051570227052,"R:R:11,G:R:2,K:R:1",1.0,R,0.048,negative,0.6666666666666666,0.6680161943319838,0.621,-
envelope_protein_E,100,0.0002774705896076979,"G:6154,?:23,R:2",0.00036335434353389006,"G:G:10,G:R:2",1.0,G,0.000,negative,0.6666666666666666,0.6680161943319838,0.471,-
RNA-dependent_RNA_polymerase_NS5,1,1.0,"G:4204,?:49,R:1",1.0,"G:G:9,G:R:1",1.0,G,0.000,neutral,1.0,1.0,0.000,-
RNA-dependent_RNA_polymerase_NS5,2,0.0003332769995727514,"T:4200,?:52,A:2",0.0005299457590379439,"T:T:13,A:T:2",1.0,T,0.000,negative,0.6666666666666666,0.6674082313681868,0.383,-
RNA-dependent_RNA_polymerase_NS5,11,3.958924175151424e-07,"E:4205,?:48,R:1",1.3972673559357967e-06,"E:E:21,E:R:1",1.0,E,0.000,negative,0.6666666666666666,0.6674082313681868,1.301,-
RNA-dependent_RNA_polymerase_NS5,101,0.08066956862138852,"K:4233,?:20,R:1",0.09190204020158185,"K:K:2,K:R:1",1.0,K,0.000,neutral,0.6666666666666666,0.6674082313681868,0.166,-
RNA-dependent_RNA_polymerase_NS5,102,3.340347560099044e-05,"G:4236,?:18",6.740611668361299e-05,G:G:18,1.0,G,0.000,negative,0.6666666666666666,0.6674082313681868,0.712,-
RNA-dependent_RNA_polymerase_NS5,103,2.734105284396549e-07,"L:4232,?:20,Y:1,P:1",1.0126315868135367e-06,"L:L:49,L:Y:1,L:P:1",1.0,L,0.000,negative,0.6666666666666666,0.6674082313681868,1.082,-
RNA-dependent_RNA_polymerase_NS5,104,0.0001712002778433419,"T:4236,?:18",0.0002858631726512203,T:T:8,1.0,T,0.000,negative,0.6666666666666666,0.6674082313681868,0.521,-
RNA-dependent_RNA_polymerase_NS5,105,0.001667374424677348,"K:4232,?:19,R:3",0.0023557880411453898,"K:R:2,K:K:10",1.0,K,0.072,negative,0.6666666666666666,0.6674082313681868,0.838,-
RNA-dependent_RNA_polymerase_NS5,106,0.004523290083899956,"G:4235,?:19",0.005947162877705274,G:G:6,1.0,G,0.000,negative,0.6666666666666666,0.6674082313681868,0.391,-
RNA-dependent_RNA_polymerase_NS5,107,0.04512935121905015,"G:4235,?:19",0.05274859233395472,G:G:3,1.0,G,0.000,neutral,0.6666666666666666,0.6674082313681868,0.194,-
RNA-dependent_RNA_polymerase_NS5,108,4.914384192922228e-07,"P:4234,?:20",1.6690361409924546e-06,P:P:12,1.0,P,0.000,negative,0.6666666666666666,0.6674082313681868,0.777,-
RNA-dependent_RNA_polymerase_NS5,109,0.0001212962739794987,"G:4234,?:20",0.00021034035950202087,G:G:11,1.0,G,0.000,negative,0.6666666666666666,0.6674082313681868,0.716,-
RNA-dependent_RNA_polymerase_NS5,110,7.882583474838611e-15,"H:4231,?:20,Q:2,P:1",3.9968028886505635e-13,"H:H:41,H:Q:2,H:P:1",1.0,H,0.000,negative,0.6666666666666666,0.6674082313681868,1.992,-
RNA-dependent_RNA_polymerase_NS5,12,0.0002162162217128616,"K:4205,?:48,R:1",0.00035252644844488304,"K:K:9,K:R:1",1.0,K,0.000,negative,0.6666666666666666,0.6674082313681868,0.746,-
RNA-dependent_RNA_polymerase_NS5,111,0.0004604938784360524,"E:4236,?:18",0.0007060383144675419,E:E:8,1.0,E,0.000,negative,0.6666666666666666,0.6674082313681868,0.666,-
RNA-dependent_RNA_polymerase_NS5,112,4.079094765141456e-05,"E:4210,?:44",8.020496224011424e-05,E:E:11,1.0,E,0.000,negative,0.6666666666666666,0.6674082313681868,0.914,-
RNA-dependent_RNA_polymerase_NS5,113,1.521227588341389e-12,"P:4208,?:46",4.0267789103154415e-11,P:P:33,1.0,P,0.000,negative,0.6666666666666666,0.6674082313681868,1.303,-
RNA-dependent_RNA_polymerase_NS5,114,0.0002951669201254337,"I:4181,?:66,V:7",0.0004726872386350362,"I:I:24,I:V:3",1.0,I,0.148,negative,0.6666666666666666,0.6674082313681868,0.890,-
RNA-dependent_RNA_polymerase_NS5,115,7.912659416575707e-11,"P:4207,?:45,T:1,S:1",9.370254572260706e-10,"P:P:29,P:T:1,P:S:1",1.0,P,0.000,negative,0.6666666666666666,0.6674082313681868,1.081,-
RNA-dependent_RNA_polymerase_NS5,116,0.9999999468289579,"M:4210,?:44",1.0,NA,1.0,M,0.000,neutral,0.6666666666666666,0.6674082313681868,0.153,-
RNA-dependent_RNA_polymerase_NS5,117,1.833795460604026e-05,"S:4208,?:45,L:1",3.929561701294341e-05,"S:S:9,L:S:1",1.0,S,0.000,negative,0.6666666666666666,0.6674082313681868,0.651,-
RNA-dependent_RNA_polymerase_NS5,118,2.565855626424085e-05,"T:4201,?:53",5.296490971976322e-05,T:T:10,1.0,T,0.000,negative,0.6666666666666666,0.6674082313681868,0.655,-
RNA-dependent_RNA_polymerase_NS5,119,2.08002043968758e-05,"Y:4208,?:45,W:1",4.3738747563523875e-05,"Y:Y:19,W:Y:1",1.0,Y,0.000,negative,0.6666666666666666,0.6674082313681868,0.700,-
RNA-dependent_RNA_polymerase_NS5,120,2.231230871174716e-06,"G:4211,?:43",6.0851751032037705e-06,G:G:23,1.0,G,0.000,negative,0.6666666666666666,0.6674082313681868,0.931,-
RNA-dependent_RNA_polymerase_NS5,13,0.9999999327433606,"W:4205,?:49",1.0,NA,1.0,W,0.000,neutral,0.6666666666666666,0.6674082313681868,0.153,-
RNA-dependent_RNA_polymerase_NS5,121,0.9999999327433606,"W:4210,?:44",1.0,NA,1.0,W,0.000,neutral,0.6666666666666666,0.6674082313681868,0.153,-
RNA-dependent_RNA_polymerase_NS5,122,1.319528287191396e-06,"N:4210,?:44",3.880965550562929e-06,N:N:25,1.0,N,0.000,negative,0.6666666666666666,0.6674082313681868,0.936,-
RNA-dependent_RNA_polymerase_NS5,123,2.011557689385324e-05,"L:4209,?:44,R:1",4.2597692245806866e-05,"L:L:33,L:R:1",1.0,L,0.000,negative,0.6666666666666666,0.6674082313681868,0.702,-
RNA-dependent_RNA_polymerase_NS5,124,3.981375529149567e-05,"V:4209,?:44,M:1",7.892594661309713e-05,"V:V:13,M:V:1",1.0,V,0.000,negative,0.6666666666666666,0.6674082313681868,0.611,-
RNA-dependent_RNA_polymerase_NS5,125,5.403270046389075e-06,"R:4208,?:46",1.3396537305096879e-05,R:R:20,1.0,R,0.000,negative,0.6666666666666666,0.6674082313681868,0.596,-
RNA-dependent_RNA_polymerase_NS5,126,3.949362059607608e-09,"L:4207,?:47",2.632908039738405e-08,L:L:41,1.0,L,0.000,negative,0.6666666666666666,0.6674082313681868,1.041,-
RNA-dependent_RNA_polymerase_NS5,127,0.01224503019563417,"Q:4207,?:44,L:3",0.01513808678031697,"Q:Q:11,L:Q:2",1.0,Q,0.108,negative,0.6666666666666666,0.6674082313681868,0.805,-
RNA-dependent_RNA_polymerase_NS5,128,0.000421684689597801,"S:4206,?:46,T:2",0.0006566024578512472,"S:S:18,S:T:1",1.0,S,0.055,negative,0.6666666666666666,0.6674082313681868,0.665,-
RNA-dependent_RNA_polymerase_NS5,129,0.0006036426070905598,"G:4208,?:46",0.000902455724886219,G:G:9,1.0,G,0.000,negative,0.6666666666666666,0.6674082313681868,0.562,-
RNA-dependent_RNA_polymerase_NS5,130,0.001824420336653199,"V:4187,?:47,I:17,A:2,E:1",0.0025615886162057397,"V:V:21,I:V:8,A:V:1,E:V:1",1.0,V,0.154,negative,0.6666666666666666,0.6674082313681868,0.751,-
RNA-dependent_RNA_polymerase_NS5,14,9.034006159314156e-05,"K:4206,?:48",0.00016132153855918135,K:K:10,1.0,K,0.000,negative,0.6666666666666666,0.6674082313681868,0.838,-
RNA-dependent_RNA_polymerase_NS5,131,7.028075788007015e-08,"D:4206,?:47,H:1",3.0854966874177143e-07,"D:D:28,D:H:1",1.0,D,0.000,negative,0.6666666666666666,0.6674082313681868,1.225,-
RNA-dependent_RNA_polymerase_NS5,132,5.264658708981074e-10,"V:4204,?:50",4.9356175396697566e-09,V:V:39,1.0,V,0.000,negative,0.6666666666666666,0.6674082313681868,1.290,-
RNA-dependent_RNA_polymerase_NS5,133,8.881784197001252e-16,"F:4203,?:50,S:1",7.993605777301127e-14,"F:F:43,F:S:1",1.0,F,0.000,negative,0.6666666666666666,0.6674082313681868,1.976,-
RNA-dependent_RNA_polymerase_NS5,134,7.771561172376096e-16,"F:4199,?:50,Y:4,L:1",7.771561172376096e-14,"F:F:50,F:Y:2,F:L:1",1.0,F,0.040,negative,0.6666666666666666,0.6674082313681868,2.223,-
RNA-dependent_RNA_polymerase_NS5,135,0.03863961405862582,"T:2928,I:1230,?:53,V:39,F:1,A:3",0.045339833967096795,"I:T:11,I:I:10,I:V:6,F:I:1,T:T:13,A:T:3,?:T:1",1.0,T,0.424,negative,0.6666666666666666,0.6674082313681868,0.911,-
RNA-dependent_RNA_polymerase_NS5,136,9.512213239304401e-11,"P:4192,?:50,S:11,Q:1",1.1118171318667481e-09,"P:P:32,P:S:2,P:Q:1",1.0,P,0.069,negative,0.6666666666666666,0.6674082313681868,1.514,-
RNA-dependent_RNA_polymerase_NS5,137,4.715925713716373e-06,"P:4201,?:48,S:5",1.19567915596699e-05,"P:P:13,P:S:3",1.0,P,0.034,negative,0.6666666666666666,0.6674082313681868,0.840,-
RNA-dependent_RNA_polymerase_NS5,138,0.001084624913097576,"E:4207,?:47",0.0015593648910348537,E:E:7,1.0,E,0.000,negative,0.6666666666666666,0.6674082313681868,0.578,-
RNA-dependent_RNA_polymerase_NS5,139,5.225817691134615e-06,"K:4200,?:47,R:6,M:1",1.3064544227836537e-05,"K:K:19,K:R:6,K:M:1",1.0,K,0.000,negative,0.6666666666666666,0.6674082313681868,1.022,-
RNA-dependent_RNA_polymerase_NS5,140,0.0001696465095355482,"C:4207,?:47",0.0002843237589981255,C:C:13,1.0,C,0.000,negative,0.6666666666666666,0.6674082313681868,0.478,-
RNA-dependent_RNA_polymerase_NS5,15,0.03061771939185853,"N:1819,S:2370,?:50,C:1,T:3,R:2,G:7,D:1,H:1",0.03630559611682829,"N:S:12,S:S:11,C:S:1,S:T:1,R:S:1,G:S:3,D:N:1,N:N:3,N:T:2,H:N:1,N:R:1",1.0,S,0.238,negative,0.6666666666666666,0.6674082313681868,0.726,-
RNA-dependent_RNA_polymerase_NS5,141,8.721567611447156e-07,"D:4203,?:48,T:1,E:2",2.706693396656014e-06,"D:D:28,D:T:1,D:E:1",1.0,D,0.064,negative,0.6666666666666666,0.6674082313681868,1.339,-
RNA-dependent_RNA_polymerase_NS5,142,6.760174417452802e-05,"T:4206,?:46,P:2",0.00012391358402662978,"T:T:9,P:T:2",1.0,T,0.000,negative,0.6666666666666666,0.6674082313681868,0.585,-
RNA-dependent_RNA_polymerase_NS5,143,0.0001108270415078882,"L:4190,?:50,V:14",0.0001936783249652415,"L:L:35,L:V:2",1.0,L,0.070,negative,0.6666666666666666,0.6674082313681868,0.888,-
RNA-dependent_RNA_polymerase_NS5,144,4.623036935491598e-07,"L:4200,?:54",1.592634861396072e-06,L:L:45,1.0,L,0.000,negative,0.6666666666666666,0.6674082313681868,1.045,-
RNA-dependent_RNA_polymerase_NS5,145,0.3000380019587224,"C:4203,?:50,W:1",0.33296449045974125,"C:W:1,C:C:1",1.0,C,0.000,neutral,0.6666666666666666,0.6674082313681868,0.036,-
RNA-dependent_RNA_polymerase_NS5,146,4.209376823072208e-05,"D:4205,?:49",8.217872322700622e-05,D:D:15,1.0,D,0.000,negative,0.6666666666666666,0.6674082313681868,0.730,-
RNA-dependent_RNA_polymerase_NS5,147,4.418244770743041e-05,"I:4202,?:52",8.606970332616314e-05,I:I:4,1.0,I,0.000,negative,0.6666666666666666,0.6674082313681868,1.157,-
RNA-dependent_RNA_polymerase_NS5,148,1.712133674636185e-05,"G:4201,?:52,W:1",3.704135353780208e-05,"G:G:17,G:W:1",1.0,G,0.000,negative,0.6666666666666666,0.6674082313681868,0.792,-
RNA-dependent_RNA_polymerase_NS5,149,4.498875099678834e-06,"E:4192,?:59,V:1,K:2",1.147021980088088e-05,"E:E:19,E:V:1,E:K:2",1.0,E,0.000,negative,0.6666666666666666,0.6674082313681868,1.033,-
RNA-dependent_RNA_polymerase_NS5,150,5.38381561998591e-07,"S:4193,?:59,T:1,W:1",1.8012766014822747e-06,"S:S:15,S:T:1,S:W:1",1.0,S,0.000,negative,0.6666666666666666,0.6674082313681868,0.812,-
RNA-dependent_RNA_polymerase_NS5,16,4.774224804493521e-05,"R:4198,Q:5,?:51",9.260349836302088e-05,"R:R:16,Q:R:5",1.0,R,0.000,negative,0.6666666666666666,0.6674082313681868,0.880,-
RNA-dependent_RNA_polymerase_NS5,151,4.212140887194238e-07,"S:4188,?:64,V:1,A:1",1.4636783005694263e-06,"S:S:12,S:V:1,A:S:1",1.0,S,0.000,negative,0.6666666666666666,0.6674082313681868,0.911,-
RNA-dependent_RNA_polymerase_NS5,152,0.000358419646657504,"P:4183,?:68,T:1,S:2",0.0005639469964890797,"P:P:6,P:T:1,P:S:2",1.0,P,0.000,negative,0.6666666666666666,0.6674082313681868,0.392,-
RNA-dependent_RNA_polymerase_NS5,153,3.693830054496416e-06,"N:4183,?:66,S:4,T:1",9.580539046244307e-06,"N:N:22,N:S:4,N:T:1",1.0,N,0.000,negative,0.6666666666666666,0.6674082313681868,0.874,-
RNA-dependent_RNA_polymerase_NS5,154,3.223710187683082e-10,"P:4078,?:72,L:1,S:102,V:1",3.296976328312243e-09,"P:P:30,L:P:1,P:S:1,P:V:1",1.0,P,0.035,negative,0.6666666666666666,0.6674082313681868,1.237,-
RNA-dependent_RNA_polymerase_NS5,155,2.778367758082823e-09,"T:4187,?:66,G:1",1.9568452327284325e-08,"T:T:24,G:T:1",1.0,T,0.000,negative,0.6666666666666666,0.6674082313681868,1.205,-
RNA-dependent_RNA_polymerase_NS5,156,0.002964818055200991,"V:2942,?:69,I:1242,F:1",0.0039945153438336704,"V:V:11,I:V:9,I:I:1,F:V:1",1.0,V,0.096,negative,0.6666666666666666,0.6674082313681868,0.616,-
RNA-dependent_RNA_polymerase_NS5,157,1.386499689504106e-07,"E:4184,?:68,D:1,G:1",5.570757681043283e-07,"E:E:19,D:E:1,E:G:1",1.0,E,0.000,negative,0.6666666666666666,0.6674082313681868,1.465,-
RNA-dependent_RNA_polymerase_NS5,158,8.151681440971004e-09,"A:4185,?:68,D:1",4.92383442743215e-08,"A:A:18,A:D:1",1.0,A,0.000,negative,0.6666666666666666,0.6674082313681868,1.233,-
RNA-dependent_RNA_polymerase_NS5,159,0.001102612283080506,"G:4187,?:66,D:1",0.0015826162321499935,"G:G:7,D:G:1",1.0,G,0.000,negative,0.6666666666666666,0.6674082313681868,0.521,-
RNA-dependent_RNA_polymerase_NS5,160,1.466580199505074e-07,"R:4169,?:83,P:1,S:1",5.866320798020296e-07,"R:R:30,P:R:1,R:S:1",1.0,R,0.000,negative,0.6666666666666666,0.6674082313681868,1.706,-
RNA-dependent_RNA_polymerase_NS5,17,6.785222371408217e-06,"L:4200,?:51,V:2,E:1",1.6241223761349455e-05,"L:L:42,L:V:1,E:L:1",1.0,L,0.071,negative,0.6666666666666666,0.6674082313681868,1.152,-
RNA-dependent_RNA_polymerase_NS5,161,0.0004340211461419941,"T:4187,?:65,P:2",0.0006723219131287344,"T:T:6,P:T:2",1.0,T,0.000,negative,0.6666666666666666,0.6674082313681868,0.457,-
RNA-dependent_RNA_polymerase_NS5,162,2.309263891220326e-14,"L:4183,?:69,I:1,M:1",9.446988645901333e-13,"L:L:40,I:L:1,L:M:1",1.0,L,0.000,negative,0.6666666666666666,0.6674082313681868,1.610,-
RNA-dependent_RNA_polymerase_NS5,163,0.002313516276826189,"R:4188,?:65,S:1",0.0032132170511474847,"R:R:6,R:S:1",1.0,R,0.000,negative,0.6666666666666666,0.6674082313681868,0.455,-
RNA-dependent_RNA_polymerase_NS5,164,0.0002707703644251325,"V:4164,I:21,?:67,L:1,H:1",0.00043594513055924736,"V:V:21,I:V:10,L:V:1,H:V:1",1.0,V,0.102,negative,0.6666666666666666,0.6674082313681868,0.802,-
RNA-dependent_RNA_polymerase_NS5,165,1.239019997711921e-11,"L:4187,?:66,S:1",2.1865058783151545e-10,"L:L:48,L:S:1",1.0,L,0.000,negative,0.6666666666666666,0.6674082313681868,1.379,-
RNA-dependent_RNA_polymerase_NS5,166,1.306617322360815e-05,"N:4126,?:67,T:3,S:58",2.8822440934429742e-05,"N:N:28,N:T:2,N:S:1",1.0,N,0.129,negative,0.6666666666666666,0.6674082313681868,1.297,-
RNA-dependent_RNA_polymerase_NS5,167,8.227575931663011e-08,"L:4183,?:69,R:1,M:1",3.509392577486593e-07,"L:L:41,L:R:1,L:M:1",1.0,L,0.000,negative,0.6666666666666666,0.6674082313681868,1.262,-
RNA-dependent_RNA_polymerase_NS5,168,0.0003058330538379117,"V:4171,?:68,I:3,A:11,M:1",0.000488898309865223,"V:V:18,I:V:2,A:V:3,M:V:1",1.0,V,0.154,negative,0.6666666666666666,0.6674082313681868,0.988,-
RNA-dependent_RNA_polymerase_NS5,169,0.002411638173355768,"E:4110,?:70,D:74",0.0033094591989059163,"E:E:11,D:E:5,D:D:1",1.0,E,0.144,negative,0.6666666666666666,0.6674082313681868,0.982,-
RNA-dependent_RNA_polymerase_NS5,170,0.001600119133109978,"N:4155,?:68,S:29,D:2",0.0022714624917964986,"N:N:21,N:S:5,S:S:3,D:N:2",1.0,N,0.189,negative,0.6666666666666666,0.6674082313681868,0.931,-
RNA-dependent_RNA_polymerase_NS5,18,0.0006291823867301538,"N:4199,?:52,K:1,S:2",0.0009390781891494833,"N:N:21,K:N:1,N:S:1",1.0,N,0.130,negative,3.577440278645927e-05,0.01073232083593778,0.924,-
RNA-dependent_RNA_polymerase_NS5,171,1.0,"W:4184,?:68,S:1,C:1",1.0,"S:W:1,C:W:1",1.0,W,0.000,neutral,0.6666666666666666,0.6674082313681868,0.000,-
RNA-dependent_RNA_polymerase_NS5,172,2.292665849723541e-06,"L:4183,?:71",6.233834636710534e-06,L:L:40,1.0,L,0.000,negative,0.6666666666666666,0.6674082313681868,0.915,-
RNA-dependent_RNA_polymerase_NS5,173,5.045952016735633e-05,"N:4168,?:69,T:5,K:1,D:1,S:9,I:1",9.745400890691137e-05,"N:N:30,N:T:1,K:N:1,D:N:1,N:S:4,I:N:1",1.0,N,0.258,negative,0.6666666666666666,0.6674082313681868,1.515,-
RNA-dependent_RNA_polymerase_NS5,174,1.133876215142493e-09,"N:4164,?:70,D:6,T:9,Y:1,S:3,K:1",9.111505300252176e-09,"N:N:47,D:N:3,N:T:3,N:Y:1,N:S:3,K:N:1",1.0,N,0.127,negative,0.6666666666666666,0.6674082313681868,2.133,-
RNA-dependent_RNA_polymerase_NS5,175,0.138669426234231,"N:4100,D:82,?:70,T:1,H:1",0.1563940897378545,"N:N:14,D:N:12,N:T:1,H:N:1",1.0,N,0.323,neutral,0.6277013870627459,0.6674082313681868,0.675,-
RNA-dependent_RNA_polymerase_NS5,176,7.168596842355157e-05,"I:299,T:3872,N:2,A:10,?:70,P:1",0.0001303381244064574,"I:T:6,T:T:29,N:T:2,A:T:5,P:T:1",1.0,T,0.187,negative,0.6666666666666666,0.6674082313681868,1.066,-
RNA-dependent_RNA_polymerase_NS5,177,0.01844397755027916,"Q:4184,?:67,H:1,K:2",0.0224622189380937,"Q:Q:9,H:Q:1,K:Q:1",1.0,Q,0.107,negative,0.6666666666666666,0.6674082313681868,0.760,-
RNA-dependent_RNA_polymerase_NS5,178,2.862439174577958e-10,"F:4186,?:67,I:1",3.027042570091271e-09,"F:F:30,F:I:1",1.0,F,0.000,negative,0.6666666666666666,0.6674082313681868,1.124,-
RNA-dependent_RNA_polymerase_NS5,179,4.074002246667874e-10,"C:4186,?:67,S:1",4.029232991209985e-09,"C:C:29,C:S:1",1.0,C,0.000,negative,0.6666666666666666,0.6674082313681868,1.449,-
RNA-dependent_RNA_polymerase_NS5,180,0.002066878097791602,"I:4101,?:67,V:85,T:1",0.0028974926604555164,"I:V:16,I:I:5,I:T:1",1.0,I,0.125,negative,0.6666666666666666,0.6674082313681868,1.199,-
RNA-dependent_RNA_polymerase_NS5,19,0.4013454557928126,"A:3773,?:32,T:90,S:355,E:1,L:2,Q:1",0.4410389624096842,"A:T:17,A:S:5,A:A:10,A:E:1,T:T:1,S:T:1,L:S:1,A:Q:1",0.0759616472300304,A,0.601,neutral,0.6666666666666666,0.6674082313681868,0.838,-
RNA-dependent_RNA_polymerase_NS5,181,3.119196356760057e-08,"K:4186,?:67,M:1",1.5509816138585917e-07,"K:K:26,K:M:1",1.0,K,0.000,negative,0.6666666666666666,0.6674082313681868,1.545,-
RNA-dependent_RNA_polymerase_NS5,182,9.963635475562782e-07,"V:4176,?:77,G:1",3.050092492519219e-06,"V:V:25,G:V:1",1.0,V,0.000,negative,0.6666666666666666,0.6674082313681868,0.791,-
RNA-dependent_RNA_polymerase_NS5,183,4.588673885308481e-11,"L:4175,?:79",6.353548456580973e-10,L:L:33,1.0,L,0.000,negative,0.6666666666666666,0.6674082313681868,1.188,-
RNA-dependent_RNA_polymerase_NS5,184,4.910155562698471e-06,"N:4201,?:48,T:3,S:2",1.2378543435374297e-05,"N:N:25,N:T:2,N:S:2",1.0,N,0.064,negative,0.6666666666666666,0.6674082313681868,1.194,-
RNA-dependent_RNA_polymerase_NS5,185,0.0001208311166657206,"P:4211,?:42,T:1",0.00020993823358908987,"P:P:6,P:T:1",1.0,P,0.000,negative,0.6666666666666666,0.6674082313681868,0.454,-
RNA-dependent_RNA_polymerase_NS5,186,0.0,"Y:4203,?:51",0.0,Y:Y:73,1.0,Y,0.000,negative,0.6666666666666666,0.6674082313681868,3.019,-
RNA-dependent_RNA_polymerase_NS5,187,0.9763943693117726,"M:4202,?:40,V:12",1.0,M:V:1,1.0,M,0.035,neutral,0.6610242660231337,0.6674082313681868,0.000,-
RNA-dependent_RNA_polymerase_NS5,188,2.074784788419493e-12,"P:4210,?:43,L:1",5.335160884507268e-11,"P:P:34,L:P:1",1.0,P,0.000,negative,0.6666666666666666,0.6674082313681868,1.265,-
RNA-dependent_RNA_polymerase_NS5,189,0.005050063566240826,"S:4202,?:46,A:4,P:1,L:1",0.006596599723681776,"S:S:7,A:S:2,P:S:1,L:S:1",1.0,S,0.043,negative,0.6666666666666666,0.6674082313681868,0.459,-
RNA-dependent_RNA_polymerase_NS5,190,1.273714467231457e-11,"V:4197,?:53,G:1,I:1,L:1,F:1",2.2045058086698294e-10,"V:V:45,G:V:1,I:V:1,L:V:1,F:V:1",1.0,V,0.000,negative,0.6666666666666666,0.6674082313681868,1.549,-
RNA-dependent_RNA_polymerase_NS5,20,6.381584515713357e-06,"L:4216,?:26,M:11,E:1",1.5397925104938396e-05,"L:L:50,L:M:6,E:L:1",1.0,L,0.071,negative,0.6666666666666666,0.6674082313681868,1.117,-
RNA-dependent_RNA_polymerase_NS5,191,0.0023337453445611,"I:4213,?:39,M:2",0.003231339707853831,"I:M:1,I:I:4",1.0,I,0.042,negative,0.6666666666666666,0.6674082313681868,0.783,-
RNA-dependent_RNA_polymerase_NS5,192,7.297528969996137e-08,"E:4214,?:40",3.188240812134234e-07,E:E:19,1.0,E,0.000,negative,0.6666666666666666,0.6674082313681868,1.579,-
RNA-dependent_RNA_polymerase_NS5,193,0.004319464691414421,"K:4153,R:54,?:45,N:1,I:1",0.005706179356274775,"K:K:10,K:R:4,R:R:1,K:N:1,I:K:1",1.0,K,0.145,negative,0.6666666666666666,0.6674082313681868,0.917,-
RNA-dependent_RNA_polymerase_NS5,194,1.0,"M:4218,L:1,?:35",1.0,L:M:1,1.0,M,0.000,neutral,0.6666666666666666,0.6674082313681868,0.056,-
RNA-dependent_RNA_polymerase_NS5,195,0.07903690381543238,"E:4219,?:34,G:1",0.09015616404802172,"E:E:2,E:G:1",1.0,E,0.000,neutral,0.6666666666666666,0.6674082313681868,0.167,-
RNA-dependent_RNA_polymerase_NS5,196,0.07621624823506734,"A:2590,T:1606,?:46,S:4,V:7,M:1",0.08715962314048362,"A:A:16,A:T:30,A:S:1,A:V:4,T:T:6,M:T:1",0.2559584794561913,A,0.856,neutral,0.6666666666666666,0.6674082313681868,1.468,-
RNA-dependent_RNA_polymerase_NS5,197,1.210266549644956e-06,"L:4217,?:34,M:3",3.620772558189117e-06,"L:L:57,L:M:2",1.0,L,0.071,negative,0.6666666666666666,0.6674082313681868,1.264,-
RNA-dependent_RNA_polymerase_NS5,198,0.002412030306673474,"Q:4208,?:43,P:2,H:1",0.0033094591989059163,"Q:Q:8,P:Q:2,H:Q:1",1.0,Q,0.000,negative,0.6666666666666666,0.6674082313681868,0.670,-
RNA-dependent_RNA_polymerase_NS5,199,6.395405114067998e-05,"R:4221,K:4,?:28,T:1",0.0001191690393925714,"R:R:13,K:R:4,R:T:1",1.0,R,0.000,negative,0.6666666666666666,0.6674082313681868,0.679,-
RNA-dependent_RNA_polymerase_NS5,200,0.2259475882813893,"K:4151,?:26,R:5,Q:69,T:1,E:2",0.2516742938777851,"K:K:6,K:R:3,K:Q:1,Q:R:1,K:T:1,E:K:1",1.0,K,0.219,neutral,0.62544234959892,0.6674082313681868,0.501,-
RNA-dependent_RNA_polymerase_NS5,3,1.232355216818082e-05,"G:4197,D:4,?:51,S:1,A:1",2.7385671484846265e-05,"G:G:27,D:G:3,G:S:1,A:G:1",1.0,G,0.064,negative,0.6666666666666666,0.6674082313681868,1.073,-
RNA-dependent_RNA_polymerase_NS5,21,7.438494264988549e-15,"G:4225,?:28,S:1",3.9968028886505635e-13,"G:G:49,G:S:1",1.0,G,0.000,negative,0.6666666666666666,0.6674082313681868,2.767,-
RNA-dependent_RNA_polymerase_NS5,201,0.0127152153009904,"Y:4141,H:87,?:24,F:1,C:1",0.01567629283683748,"Y:Y:29,H:Y:25,F:Y:1,C:Y:1",1.0,Y,0.482,negative,0.2915947217352202,0.6674082313681868,1.221,-
RNA-dependent_RNA_polymerase_NS5,202,0.001032880147699533,"G:4229,?:25",0.001499342149886419,G:G:8,1.0,G,0.000,negative,0.6666666666666666,0.6674082313681868,0.523,-
RNA-dependent_RNA_polymerase_NS5,203,0.009706919303627659,"G:4232,?:22",0.012116820212572666,G:G:5,1.0,G,0.000,negative,0.6666666666666666,0.6674082313681868,0.323,-
RNA-dependent_RNA_polymerase_NS5,204,3.154974614894002e-09,"A:4226,?:25,T:3",2.167539811759238e-08,"A:A:31,A:T:3",1.0,A,0.000,negative,0.6666666666666666,0.6674082313681868,1.092,-
RNA-dependent_RNA_polymerase_NS5,205,2.544745658639158e-08,"L:4207,?:46,I:1",1.30872633872871e-07,"L:L:47,I:L:1",1.0,L,0.000,negative,0.6666666666666666,0.6674082313681868,1.333,-
RNA-dependent_RNA_polymerase_NS5,206,0.0001745206112745423,"V:4232,?:21,M:1",0.00029033003724045854,"V:V:11,M:V:1",1.0,V,0.000,negative,0.6666666666666666,0.6674082313681868,0.506,-
RNA-dependent_RNA_polymerase_NS5,207,3.526476377579968e-08,"R:4231,G:1,?:22",1.688282359657803e-07,"R:R:24,G:R:1",1.0,R,0.000,negative,0.6666666666666666,0.6674082313681868,1.331,-
RNA-dependent_RNA_polymerase_NS5,208,0.0003376747879554332,"N:4233,?:21",0.000535991726913386,N:N:14,1.0,N,0.000,negative,0.6666666666666666,0.6674082313681868,0.509,-
RNA-dependent_RNA_polymerase_NS5,209,0.001163752574375065,"P:4234,?:20",0.0016625036776786641,P:P:5,1.0,P,0.000,negative,0.6666666666666666,0.6674082313681868,0.323,-
RNA-dependent_RNA_polymerase_NS5,210,8.141200626976541e-07,"L:4232,?:20,N:1,P:1",2.5353219945601688e-06,"L:L:17,L:N:1,L:P:1",1.0,L,0.000,negative,0.6666666666666666,0.6674082313681868,0.668,-
RNA-dependent_RNA_polymerase_NS5,22,0.0004138800244302132,"K:4227,?:19,R:8",0.0006455667625427935,"K:K:14,K:R:1",1.0,K,0.073,negative,0.6666666666666666,0.6674082313681868,0.949,-
RNA-dependent_RNA_polymerase_NS5,211,0.00246555548336691,"S:4234,?:20",0.003367222966661941,S:S:5,1.0,S,0.000,negative,0.6666666666666666,0.6674082313681868,0.325,-
RNA-dependent_RNA_polymerase_NS5,212,1.786777737433631e-06,"R:4230,G:1,?:23",5.025312386532086e-06,"R:R:22,G:R:1",1.0,R,0.000,negative,0.6666666666666666,0.6674082313681868,1.151,-
RNA-dependent_RNA_polymerase_NS5,213,5.661048146698988e-06,"N:4231,?:21,I:2",1.3920610196800791e-05,"N:N:19,I:N:2",1.0,N,0.000,negative,0.6666666666666666,0.6674082313681868,0.860,-
RNA-dependent_RNA_polymerase_NS5,214,2.352023020790739e-09,"S:4166,?:86,L:1,P:1",1.693456574969332e-08,"L:S:1,S:S:25,P:S:1",1.0,S,0.000,negative,0.6666666666666666,0.6674082313681868,1.038,-
RNA-dependent_RNA_polymerase_NS5,215,5.923566193111185e-09,"T:4147,?:105,K:1,P:1",3.6766962577931495e-08,"T:T:20,K:T:1,P:T:1",1.0,T,0.000,negative,0.6666666666666666,0.6674082313681868,1.232,-
RNA-dependent_RNA_polymerase_NS5,216,5.421818041861926e-06,"H:4165,?:87,N:1,Q:1",1.340559405954872e-05,"H:H:16,H:N:1,H:Q:1",1.0,H,0.000,negative,0.6666666666666666,0.6674082313681868,0.635,-
RNA-dependent_RNA_polymerase_NS5,217,2.633524657569275e-06,"E:4165,?:88,Q:1",7.065423738632028e-06,"E:E:19,E:Q:1",1.0,E,0.000,negative,0.6666666666666666,0.6674082313681868,1.101,-
RNA-dependent_RNA_polymerase_NS5,218,0.9999999468289579,"M:4168,?:86",1.0,NA,1.0,M,0.000,neutral,0.6666666666666666,0.6674082313681868,0.153,-
RNA-dependent_RNA_polymerase_NS5,219,4.00561873226124e-07,"Y:4169,?:85",1.4082253355605923e-06,Y:Y:22,1.0,Y,0.000,negative,0.6666666666666666,0.6674082313681868,1.061,-
RNA-dependent_RNA_polymerase_NS5,220,1.0,"W:4170,?:83,C:1",1.0,C:W:1,1.0,W,0.000,neutral,0.6666666666666666,0.6674082313681868,0.093,-
RNA-dependent_RNA_polymerase_NS5,23,0.880454697590977,"S:4209,?:19,N:16,C:1,G:7,T:1,R:1",0.9467254812806205,"N:S:10,S:S:8,C:S:1,G:S:4,S:T:1,R:S:1",1.0,S,0.330,neutral,0.5996323347395283,0.6674082313681868,0.304,-
RNA-dependent_RNA_polymerase_NS5,221,1.691546620552487e-07,"V:4168,A:1,?:84,L:1",6.603777909789663e-07,"A:V:1,V:V:17,L:V:1",1.0,V,0.000,negative,0.6666666666666666,0.6674082313681868,1.088,-
RNA-dependent_RNA_polymerase_NS5,222,1.574296248918472e-13,"S:4157,?:97",5.449487015487018e-12,S:S:41,1.0,S,0.000,negative,0.6666666666666666,0.6674082313681868,1.571,-
RNA-dependent_RNA_polymerase_NS5,223,4.157707474461425e-05,"N:4168,?:85,D:1",8.134645058728876e-05,"N:N:18,D:N:1",1.0,N,0.000,negative,0.6666666666666666,0.6674082313681868,0.673,-
RNA-dependent_RNA_polymerase_NS5,224,5.436484595833235e-10,"A:4165,?:86,T:2,G:1",4.99268993494889e-09,"A:A:36,A:T:2,A:G:1",1.0,A,0.000,negative,0.6666666666666666,0.6674082313681868,1.173,-
RNA-dependent_RNA_polymerase_NS5,225,7.538804967877066e-05,"S:2984,?:85,A:5,T:1179,G:1",0.0001367928320784145,"S:S:11,A:S:1,S:T:7,T:T:14,A:T:2,A:G:1",1.0,S,0.167,negative,0.6666666666666666,0.6674082313681868,0.979,-
RNA-dependent_RNA_polymerase_NS5,226,5.338357150974637e-05,"G:4167,?:85,V:1,R:1",0.0001022238603378122,"G:G:14,G:V:1,G:R:1",1.0,G,0.000,negative,0.6666666666666666,0.6674082313681868,0.702,-
RNA-dependent_RNA_polymerase_NS5,227,2.972912692689178e-07,"N:4168,?:84,D:1,T:1",1.0832475398462592e-06,"N:N:23,D:N:1,N:T:1",1.0,N,0.000,negative,0.6666666666666666,0.6674082313681868,1.154,-
RNA-dependent_RNA_polymerase_NS5,228,0.03100523460196813,"I:4166,?:83,M:2,V:3",0.03662035582909622,"I:M:2,I:V:2,I:I:2",1.0,I,0.041,negative,0.6666666666666666,0.6674082313681868,0.553,-
RNA-dependent_RNA_polymerase_NS5,229,5.633612265132371e-06,"V:4170,?:84",1.3891098735942834e-05,V:V:16,1.0,V,0.000,negative,0.6666666666666666,0.6674082313681868,0.746,-
RNA-dependent_RNA_polymerase_NS5,230,0.0008850839485391448,"S:4168,?:85,A:1",0.001288957206610405,"S:S:6,A:S:1",1.0,S,0.000,negative,0.6666666666666666,0.6674082313681868,0.394,-
RNA-dependent_RNA_polymerase_NS5,24,0.005621339441305828,"E:4234,?:18,Q:2",0.007268973415481674,"E:Q:2,E:E:5",1.0,E,0.000,negative,0.6666666666666666,0.6674082313681868,0.416,-
RNA-dependent_RNA_polymerase_NS5,231,0.0003305318112231115,"S:4169,?:84,T:1",0.0005265108497359298,"S:S:7,S:T:1",1.0,S,0.000,negative,0.6666666666666666,0.6674082313681868,0.460,-
RNA-dependent_RNA_polymerase_NS5,232,0.0001683123634806938,"V:4168,?:86",0.0002826140431578814,"V:V:11,?:V:1",1.0,V,0.000,negative,0.6666666666666666,0.6674082313681868,0.512,-
RNA-dependent_RNA_polymerase_NS5,233,1.840995800250766e-09,"N:4169,?:85",1.4012216597109753e-08,N:N:32,1.0,N,0.000,negative,0.6666666666666666,0.6674082313681868,1.593,-
RNA-dependent_RNA_polymerase_NS5,234,0.97517444194341,"M:4158,?:85,T:9,V:2",1.0,"M:T:2,M:V:2",1.0,M,0.035,neutral,0.6551303067821034,0.6674082313681868,0.000,-
RNA-dependent_RNA_polymerase_NS5,235,3.154658148041278e-07,"I:4166,?:88",1.13567693329486e-06,I:I:26,1.0,I,0.000,negative,0.6666666666666666,0.6674082313681868,0.837,-
RNA-dependent_RNA_polymerase_NS5,236,0.002404245585871712,"S:4166,?:88",0.0033094591989059163,S:S:5,1.0,S,0.000,negative,0.6666666666666666,0.6674082313681868,0.328,-
RNA-dependent_RNA_polymerase_NS5,237,3.42058142976942e-06,"R:4168,?:85,S:1",8.923255903746313e-06,"R:R:17,R:S:1",1.0,R,0.000,negative,0.6666666666666666,0.6674082313681868,0.952,-
RNA-dependent_RNA_polymerase_NS5,238,0.9864454506276783,"M:4166,?:86,K:2",1.0,K:M:1,1.0,M,0.035,neutral,0.6666666666666666,0.6674082313681868,0.000,-
RNA-dependent_RNA_polymerase_NS5,239,2.130621089779794e-06,"L:4152,?:102",5.88208276319575e-06,L:L:36,1.0,L,0.000,negative,0.6666666666666666,0.6674082313681868,0.936,-
RNA-dependent_RNA_polymerase_NS5,240,6.241562822140168e-11,"I:4163,V:3,?:88",8.024866485608787e-10,"I:V:2,I:I:46",1.0,I,0.049,negative,0.6666666666666666,0.6674082313681868,1.690,-
RNA-dependent_RNA_polymerase_NS5,25,8.818480501382453e-09,"F:4235,?:18,W:1",5.256047980956429e-08,"F:F:22,F:W:1",1.0,F,0.000,negative,0.6666666666666666,0.6674082313681868,0.995,-
RNA-dependent_RNA_polymerase_NS5,241,1.027829743538433e-08,"N:4169,?:85",5.929786981952498e-08,N:N:30,1.0,N,0.000,negative,0.6666666666666666,0.6674082313681868,1.413,-
RNA-dependent_RNA_polymerase_NS5,242,0.002295893982103392,"R:4165,?:89",0.0031936701451206377,R:R:6,1.0,R,0.000,negative,0.6666666666666666,0.6674082313681868,0.457,-
RNA-dependent_RNA_polymerase_NS5,243,2.409406008041515e-12,"F:4147,?:105,L:2",5.706487913782536e-11,"F:F:36,F:L:1",1.0,F,0.040,negative,0.6666666666666666,0.6674082313681868,1.786,-
RNA-dependent_RNA_polymerase_NS5,244,6.756501650173607e-05,"T:4168,?:86",0.00012391358402662978,T:T:9,1.0,T,0.000,negative,0.6666666666666666,0.6674082313681868,0.587,-
RNA-dependent_RNA_polymerase_NS5,245,0.9999999468289579,"M:4168,?:86",1.0,NA,1.0,M,0.000,neutral,0.6666666666666666,0.6674082313681868,0.153,-
RNA-dependent_RNA_polymerase_NS5,246,0.6896735605424608,"R:2941,K:1226,?:86,G:1",0.7478388005882104,"K:R:18,R:R:5,K:K:3,G:R:1",1.0,R,0.508,neutral,0.6666666666666666,0.6674082313681868,0.626,-
RNA-dependent_RNA_polymerase_NS5,247,1.186077902559646e-10,"H:3816,Y:349,?:88,Q:1",1.3343376403796019e-09,"H:H:46,H:Y:12,Y:Y:1,H:Q:1",1.0,H,0.224,negative,0.6666666666666666,0.6674082313681868,2.259,-
RNA-dependent_RNA_polymerase_NS5,248,0.0003107747059126753,"K:4168,?:85,R:1",0.0004959170839032053,"K:K:12,K:R:1",1.0,K,0.000,negative,0.6666666666666666,0.6674082313681868,0.640,-
RNA-dependent_RNA_polymerase_NS5,249,3.884045188173868e-05,"K:4147,R:21,?:86",7.716646069219605e-05,"K:K:21,K:R:7",1.0,K,0.146,negative,0.6666666666666666,0.6674082313681868,1.440,-
RNA-dependent_RNA_polymerase_NS5,250,0.0001566556129647401,"A:4154,T:8,?:88,V:2,P:1,D:1",0.000264026313985517,"A:T:6,A:A:20,A:V:2,A:P:1,A:D:1",1.0,A,0.092,negative,0.6666666666666666,0.6674082313681868,0.787,-
RNA-dependent_RNA_polymerase_NS5,26,0.00266353266395658,"Q:4233,?:17,K:1,N:1,H:1,R:1",0.0036047810489637923,"Q:Q:9,K:Q:1,N:Q:1,H:Q:1,Q:R:1",1.0,Q,0.000,negative,0.6666666666666666,0.6674082313681868,0.613,-
RNA-dependent_RNA_polymerase_NS5,251,4.750254523067099e-09,"T:4156,?:91,I:1,A:4,H:1,S:1",3.053735050543135e-08,"T:T:31,I:T:1,A:T:3,H:T:1,S:T:1",1.0,T,0.046,negative,0.6666666666666666,0.6674082313681868,1.372,-
RNA-dependent_RNA_polymerase_NS5,252,1.316937869866308e-08,"Y:4163,?:90,I:1",7.227098066339495e-08,"Y:Y:26,I:Y:1",1.0,Y,0.000,negative,0.6666666666666666,0.6674082313681868,1.350,-
RNA-dependent_RNA_polymerase_NS5,253,1.736530929052904e-07,"E:4161,?:89,D:2,K:1,R:1",6.73654239718799e-07,"E:E:30,D:E:1,E:K:1,E:R:1",1.0,E,0.074,negative,0.6666666666666666,0.6674082313681868,1.708,-
RNA-dependent_RNA_polymerase_NS5,254,2.190650938427297e-08,"P:4078,?:88,L:81,S:2,Q:1,A:2,T:2",1.1462708398747484e-07,"P:P:24,L:P:6,P:S:2,L:Q:1,A:P:2,P:T:1",1.0,P,0.105,negative,0.4562392981066781,0.6674082313681868,1.401,-
RNA-dependent_RNA_polymerase_NS5,255,6.518529905297221e-06,"D:4169,?:85",1.5686301911143047e-05,D:D:22,1.0,D,0.000,negative,0.6666666666666666,0.6674082313681868,0.815,-
RNA-dependent_RNA_polymerase_NS5,256,7.836867668786773e-05,"V:4167,?:87",0.00014191510869030375,V:V:17,1.0,V,0.000,negative,0.6666666666666666,0.6674082313681868,0.510,-
RNA-dependent_RNA_polymerase_NS5,257,0.0008070863443915277,"D:4164,?:87,V:3",0.0011888342225079786,"D:D:16,D:V:2",1.0,D,0.070,negative,0.001887413538608218,0.16631128406345938,0.791,-
RNA-dependent_RNA_polymerase_NS5,258,7.180905869930143e-10,"L:4166,?:87,H:1",6.336093414644244e-09,"L:L:34,H:L:1",1.0,L,0.000,negative,0.6666666666666666,0.6674082313681868,1.117,-
RNA-dependent_RNA_polymerase_NS5,259,0.0005018786426344013,"G:4168,?:86",0.0007629911796806776,G:G:9,1.0,G,0.000,negative,0.6666666666666666,0.6674082313681868,0.589,-
RNA-dependent_RNA_polymerase_NS5,260,1.250437531297166e-09,"S:4168,?:85,M:1",9.87187524708289e-09,"S:S:32,M:S:1",1.0,S,0.000,negative,0.6666666666666666,0.6674082313681868,1.411,-
RNA-dependent_RNA_polymerase_NS5,27,0.1792018537958016,"I:4059,T:106,?:21,V:16,M:2,F:2,A:47,E:1",0.2008489021372621,"I:I:22,I:T:19,I:V:6,T:T:2,I:M:1,F:I:2,A:I:1,E:I:1",1.0,I,0.648,neutral,0.06696825747848345,0.6674082313681868,1.022,-
RNA-dependent_RNA_polymerase_NS5,261,0.01488722654913011,"G:4167,?:84,R:2,E:1",0.018204488986708015,"G:G:7,G:R:1,E:G:1",1.0,G,0.068,negative,0.6666666666666666,0.6674082313681868,0.526,-
RNA-dependent_RNA_polymerase_NS5,262,4.096889028026851e-08,"T:4164,?:86,S:1,N:2,P:1",1.940631644854824e-07,"T:T:29,S:T:1,N:T:1,P:T:1",1.0,T,0.046,negative,0.6666666666666666,0.6674082313681868,1.205,-
RNA-dependent_RNA_polymerase_NS5,263,2.120525977034049e-14,"R:4164,?:87,C:2,S:1",9.087968473003067e-13,"R:R:47,C:R:2,R:S:1",1.0,R,0.000,negative,0.6666666666666666,0.6674082313681868,1.846,-
RNA-dependent_RNA_polymerase_NS5,264,3.396329351978977e-06,"N:4166,H:1,?:85,S:1,Y:1",8.896983262618454e-06,"H:N:1,N:N:19,N:S:1,N:Y:1",1.0,N,0.000,negative,0.6666666666666666,0.6674082313681868,0.946,-
RNA-dependent_RNA_polymerase_NS5,265,1.218875167463551e-08,"I:4167,?:85,V:2",6.899293400737081e-08,"I:I:30,I:V:2",1.0,I,0.000,negative,0.6666666666666666,0.6674082313681868,1.077,-
RNA-dependent_RNA_polymerase_NS5,266,1.264107551968152e-08,"G:4169,?:83,V:1,R:1",7.039400975708233e-08,"G:G:24,G:V:1,G:R:1",1.0,G,0.000,negative,0.6666666666666666,0.6674082313681868,1.585,-
RNA-dependent_RNA_polymerase_NS5,267,0.9856453289766587,"I:4072,V:91,T:8,?:81,N:2",1.0,"I:I:10,I:V:8,I:T:5,I:N:1",1.0,I,0.346,neutral,0.6475460420879213,0.6674082313681868,0.349,-
RNA-dependent_RNA_polymerase_NS5,268,0.000429939528137413,"E:4173,?:81",0.000667147543661503,E:E:8,1.0,E,0.000,negative,0.6666666666666666,0.6674082313681868,0.678,-
RNA-dependent_RNA_polymerase_NS5,269,0.6124835386180869,"S:4025,N:139,?:81,I:1,R:1,G:7",0.6665479864042059,"N:S:8,S:S:10,I:S:1,R:S:1,G:S:2",1.0,S,0.278,neutral,0.6578568493920754,0.6674082313681868,0.365,-
RNA-dependent_RNA_polymerase_NS5,270,2.637758195755957e-06,"E:4174,?:80",7.065423738632028e-06,E:E:18,1.0,E,0.000,negative,0.6666666666666666,0.6674082313681868,1.118,-
RNA-dependent_RNA_polymerase_NS5,28,3.343661014731936e-09,"Y:4237,?:17",2.2797688736808656e-08,Y:Y:31,1.0,Y,0.000,negative,0.6666666666666666,0.6674082313681868,1.427,-
RNA-dependent_RNA_polymerase_NS5,271,0.005248761554635606,"T:1151,A:58,V:1086,I:1835,K:13,?:103,M:2,E:6",0.006836303037875609,"A:T:1,A:V:4,I:V:18,I:T:36,I:K:8,I:M:2,T:T:2,E:V:1,V:V:3,A:E:1,K:T:1",1.0,I,1.742,positive,0.006157302780543827,0.3958266073206746,0.547,-
RNA-dependent_RNA_polymerase_NS5,272,3.995199859618825e-05,"P:4174,?:80",7.902593128916357e-05,P:P:8,1.0,P,0.000,negative,0.6666666666666666,0.6674082313681868,0.520,-
RNA-dependent_RNA_polymerase_NS5,273,0.0003398835565463498,"N:4137,?:80,D:37",0.0005385478888938641,"N:N:23,D:N:3",1.0,N,0.127,negative,0.6666666666666666,0.6674082313681868,0.961,-
RNA-dependent_RNA_polymerase_NS5,274,2.944342710753389e-07,"L:4171,?:82,I:1",1.0771985527146545e-06,"L:L:46,I:L:1",1.0,L,0.000,negative,0.6666666666666666,0.6674082313681868,1.095,-
RNA-dependent_RNA_polymerase_NS5,275,2.067018674067889e-05,"D:4161,?:80,N:5,E:3,A:2,G:2,H:1",4.356713832929977e-05,"D:D:29,D:N:4,D:E:3,A:D:1,D:G:1,D:H:1",1.0,D,0.195,negative,0.6666666666666666,0.6674082313681868,1.463,-
RNA-dependent_RNA_polymerase_NS5,276,0.008173512856345932,"I:3789,?:104,V:361",0.01033168759931368,"I:V:8,V:V:3,I:I:1",1.0,I,0.111,negative,0.6666666666666666,0.6674082313681868,0.954,-
RNA-dependent_RNA_polymerase_NS5,277,0.0001526992786073933,"I:4077,?:84,V:92,N:1",0.00025784118338959466,"I:I:16,I:V:1,I:N:1",1.0,I,0.050,negative,0.00992121405194668,0.49606070259733404,0.715,-
RNA-dependent_RNA_polymerase_NS5,278,4.18299169746561e-08,"G:4145,?:107,R:2",1.9607773581870047e-07,"G:G:32,G:R:1",1.0,G,0.066,negative,0.6666666666666666,0.6674082313681868,1.685,-
RNA-dependent_RNA_polymerase_NS5,279,1.683083026626786e-05,"K:4168,?:83,T:2,R:1",3.658876144840839e-05,"K:K:18,K:T:1,K:R:1",1.0,K,0.073,negative,0.6666666666666666,0.6674082313681868,1.324,-
RNA-dependent_RNA_polymerase_NS5,280,0.01290773458910544,"R:4176,?:78",0.01587016547840833,R:R:4,1.0,R,0.000,negative,0.6666666666666666,0.6674082313681868,0.303,-
RNA-dependent_RNA_polymerase_NS5,29,3.256277638752358e-06,"K:4234,?:17,R:2,Q:1",8.594281157997426e-06,"K:K:20,K:R:2,K:Q:1",1.0,K,0.000,negative,0.6666666666666666,0.6674082313681868,1.068,-
RNA-dependent_RNA_polymerase_NS5,281,0.1910143356322558,"I:4169,?:78,V:6,M:1",0.21329144177299036,"I:V:5,I:I:1,I:M:1",1.0,I,0.041,neutral,0.6666666666666666,0.6674082313681868,0.299,-
RNA-dependent_RNA_polymerase_NS5,282,1.882494606231244e-05,"E:4143,?:98,G:7,K:6",4.014798923241989e-05,"E:E:21,E:G:6,E:K:3",1.0,E,0.145,negative,0.6666666666666666,0.6674082313681868,1.538,-
RNA-dependent_RNA_polymerase_NS5,283,0.06038574464154756,"K:4156,?:90,R:6,N:1,L:1",0.06967585920178565,"K:K:5,K:R:5,K:N:1,K:L:1",1.0,K,0.073,neutral,0.6666666666666666,0.6674082313681868,0.422,-
RNA-dependent_RNA_polymerase_NS5,284,0.0004653618476704313,"I:4150,?:95,R:5,M:2,V:1,K:1",0.000709874004920997,"I:R:4,I:M:2,I:I:2,I:V:1,I:K:1",1.0,I,0.042,negative,0.009243579625077714,0.49606070259733404,1.412,-
RNA-dependent_RNA_polymerase_NS5,285,5.056698352268185e-07,"K:4129,?:98,N:19,H:5,R:2,Q:1",1.710912976331341e-06,"K:K:39,K:N:15,H:N:3,H:K:1,K:R:2,K:Q:1",0.001868842836882934,K,0.440,negative,0.6666666666666666,0.6674082313681868,2.734,"overall,bipolar,structure,composition,charge"
RNA-dependent_RNA_polymerase_NS5,286,0.06296258544732192,"Q:3938,?:27,H:3,E:253,K:3,L:25,R:5",0.07237078787048495,"Q:Q:9,H:Q:1,E:Q:17,E:K:1,L:Q:16,Q:R:4,K:Q:2",0.01060933000862718,Q,1.604,neutral,0.000788974545871457,0.08875963641053891,0.741,"overall,volume,charge"
RNA-dependent_RNA_polymerase_NS5,287,0.001810141495007356,"E:4233,?:21",0.0025455114773540945,E:E:9,1.0,E,0.000,negative,0.6666666666666666,0.6674082313681868,0.474,-
RNA-dependent_RNA_polymerase_NS5,288,0.07693717022991864,"H:4128,?:21,Y:102,R:1,T:1,N:1",0.08787240254686139,"H:H:6,H:Y:1,H:R:1,H:T:1,H:N:1",1.0,H,0.043,neutral,0.6666666666666666,0.6674082313681868,0.217,-
RNA-dependent_RNA_polymerase_NS5,289,0.001631634827338302,"E:4055,?:88,G:103,K:4,A:4",0.002308917208497597,"E:E:15,E:G:1,E:K:3,A:E:1",1.0,E,0.218,negative,0.6666666666666666,0.6674082313681868,1.201,-
RNA-dependent_RNA_polymerase_NS5,290,0.831835924382229,"T:4044,I:166,A:15,?:28,S:1",0.896589619094618,"I:T:15,T:T:7,A:T:11,S:T:1",1.0,T,0.508,neutral,0.5746557192448746,0.6674082313681868,0.459,-
RNA-dependent_RNA_polymerase_NS5,30,0.02714530780944091,"K:3855,R:379,?:19,I:1",0.03240156104575175,"K:R:11,K:K:12,I:K:1,R:R:1",1.0,K,0.361,negative,0.4216575351429777,0.6674082313681868,1.082,-
RNA-dependent_RNA_polymerase_NS5,291,0.00270339296970934,"S:4238,?:15,D:1",0.0036532337428504596,"D:S:1,S:S:4",1.0,S,0.000,negative,0.6666666666666666,0.6674082313681868,0.321,-
RNA-dependent_RNA_polymerase_NS5,292,0.9619011525580339,"W:4238,?:14,R:2",1.0,R:W:1,1.0,W,0.077,neutral,0.6666666666666666,0.6674082313681868,0.000,-
RNA-dependent_RNA_polymerase_NS5,293,6.873664903928045e-08,"H:4236,Y:2,?:15,Q:1",3.0324992223211964e-07,"H:H:20,H:Y:2,H:Q:1",1.0,H,0.000,negative,0.6666666666666666,0.6674082313681868,0.947,-
RNA-dependent_RNA_polymerase_NS5,294,0.0001414949268838672,"Y:4226,H:15,C:1,?:11,D:1",0.000240274404142416,"H:Y:7,C:Y:1,Y:Y:21,D:Y:1",1.0,Y,0.060,negative,0.6666666666666666,0.6674082313681868,0.814,-
RNA-dependent_RNA_polymerase_NS5,295,7.189409250152323e-07,"D:4241,?:12,G:1",2.2703397632059967e-06,"D:D:23,D:G:1",1.0,D,0.000,negative,0.6666666666666666,0.6674082313681868,1.050,-
RNA-dependent_RNA_polymerase_NS5,296,0.003757451191577887,"Q:4218,?:10,E:26",0.0049951345235156545,"Q:Q:11,E:Q:1,E:E:1",1.0,Q,0.107,negative,0.6666666666666666,0.6674082313681868,1.002,-
RNA-dependent_RNA_polymerase_NS5,297,3.248142287437528e-05,"D:4242,?:10,E:2",6.58407220426526e-05,"D:D:21,D:E:1",1.0,D,0.065,negative,0.6666666666666666,0.6674082313681868,1.039,-
RNA-dependent_RNA_polymerase_NS5,298,6.84461837874295e-07,"H:4241,?:10,R:1,Y:2",2.169091252387715e-06,"H:H:21,H:R:1,H:Y:1",1.0,H,0.044,negative,0.6666666666666666,0.6674082313681868,1.044,-
RNA-dependent_RNA_polymerase_NS5,299,1.277488169149077e-05,"P:4241,?:10,T:3",2.824912413351767e-05,"P:P:9,P:T:3",1.0,P,0.000,negative,0.6666666666666666,0.6674082313681868,0.585,-
RNA-dependent_RNA_polymerase_NS5,300,1.384126147030429e-11,"Y:4239,?:13,H:2",2.3068769117173818e-10,"Y:Y:39,H:Y:2",1.0,Y,0.000,negative,0.6666666666666666,0.6674082313681868,1.894,-
RNA-dependent_RNA_polymerase_NS5,4,5.089136022395913e-05,"N:4190,D:4,?:52,S:3,H:3,T:1,Q:1",9.807756788343302e-05,"D:N:1,N:N:20,N:S:3,H:N:3,N:T:1,N:Q:1",1.0,N,0.064,negative,0.6666666666666666,0.6674082313681868,0.998,-
RNA-dependent_RNA_polymerase_NS5,31,0.007170296949564725,"S:4210,?:44",0.009127676456305875,S:S:7,1.0,S,0.000,negative,0.6666666666666666,0.6674082313681868,0.261,-
RNA-dependent_RNA_polymerase_NS5,301,0.331087985328744,"K:4165,?:10,R:77,I:2",0.36606779704652287,"K:R:13,K:K:11,I:K:1",1.0,K,0.581,neutral,0.6666666666666666,0.6674082313681868,0.911,-
RNA-dependent_RNA_polymerase_NS5,302,6.049050149670165e-12,"T:4242,?:10,S:2",1.266080263884453e-10,"T:T:39,S:T:1",1.0,T,0.046,negative,0.6666666666666666,0.6674082313681868,1.862,-
RNA-dependent_RNA_polymerase_NS5,303,0.0004248170904697091,"W:4242,?:10,R:2",0.0006603374463259727,R:W:1,1.0,W,0.077,negative,0.6666666666666666,0.6674082313681868,327.777,-
RNA-dependent_RNA_polymerase_NS5,304,1.90437964509016e-07,"A:4243,?:11",7.324537096500616e-07,A:A:22,1.0,A,0.000,negative,0.6666666666666666,0.6674082313681868,0.866,-
RNA-dependent_RNA_polymerase_NS5,305,6.518640960351263e-09,"Y:4237,?:16,D:1",3.9640384218352275e-08,"Y:Y:28,D:Y:1",1.0,Y,0.000,negative,0.6666666666666666,0.6674082313681868,1.403,-
RNA-dependent_RNA_polymerase_NS5,306,0.0002195711225554398,"H:4236,?:16,Y:2",0.0003567039897110033,"H:H:16,H:Y:1",1.0,H,0.043,negative,0.6666666666666666,0.6674082313681868,0.590,-
RNA-dependent_RNA_polymerase_NS5,307,1.561504259228741e-10,"G:4236,?:18",1.7233385450384314e-09,G:G:45,1.0,G,0.000,negative,0.6666666666666666,0.6674082313681868,1.679,-
RNA-dependent_RNA_polymerase_NS5,308,5.420991658733332e-05,"S:4236,?:15,R:3",0.00010336636637415252,"S:S:18,R:S:1",1.0,S,0.056,negative,0.6666666666666666,0.6674082313681868,0.894,-
RNA-dependent_RNA_polymerase_NS5,309,2.031474211072748e-09,"Y:4234,?:20",1.4864445446873766e-08,Y:Y:35,1.0,Y,0.000,negative,0.6666666666666666,0.6674082313681868,1.425,-
RNA-dependent_RNA_polymerase_NS5,310,7.500136590343764e-06,"E:4237,?:17",1.7857468072247057e-05,E:E:13,1.0,E,0.000,negative,0.6666666666666666,0.6674082313681868,1.094,-
RNA-dependent_RNA_polymerase_NS5,32,0.1015451478588368,"G:4238,?:15,R:1",0.11510155298860594,"G:G:2,G:R:1",1.0,G,0.000,neutral,0.6666666666666666,0.6674082313681868,0.130,-
RNA-dependent_RNA_polymerase_NS5,311,0.0002779124699805458,"T:4229,A:6,?:18,N:1",0.00044664504104016293,"A:T:5,T:T:10,N:T:1",1.0,T,0.046,negative,0.6666666666666666,0.6674082313681868,0.705,-
RNA-dependent_RNA_polymerase_NS5,312,0.001078889796310545,"K:4237,?:16,T:1",0.0015560910523709785,"K:K:7,K:T:1",1.0,K,0.000,negative,0.6666666666666666,0.6674082313681868,0.581,-
RNA-dependent_RNA_polymerase_NS5,313,0.0001974096004231374,"Q:4238,?:16",0.00032599750528591496,Q:Q:16,1.0,Q,0.000,negative,0.6666666666666666,0.6674082313681868,0.952,-
RNA-dependent_RNA_polymerase_NS5,314,1.41141446704518e-05,"T:4237,?:17",3.090688613967548e-05,T:T:19,1.0,T,0.000,negative,0.6666666666666666,0.6674082313681868,0.561,-
RNA-dependent_RNA_polymerase_NS5,315,0.7598623350651716,"G:4233,?:14,V:2,D:3,A:2",0.8209797137558877,"G:G:4,G:V:1,D:G:1,A:G:1",1.0,G,0.233,neutral,0.009597169049581189,0.49606070259733404,0.297,-
RNA-dependent_RNA_polymerase_NS5,316,0.0003539246548553976,"S:4240,?:14",0.0005588284024032594,S:S:7,1.0,S,0.000,negative,0.6666666666666666,0.6674082313681868,0.450,-
RNA-dependent_RNA_polymerase_NS5,317,0.02633330350510787,"A:4198,?:14,S:42",0.031515921748134425,"A:A:7,A:S:3",1.0,A,0.092,negative,0.6666666666666666,0.6674082313681868,0.454,-
RNA-dependent_RNA_polymerase_NS5,318,0.0003691438354246346,"S:4239,?:15",0.000578796954498556,S:S:7,1.0,S,0.000,negative,0.6666666666666666,0.6674082313681868,0.446,-
RNA-dependent_RNA_polymerase_NS5,319,2.762605331052548e-06,"S:4236,?:17,F:1",7.356049698068915e-06,"S:S:17,F:S:1",1.0,S,0.000,negative,0.6666666666666666,0.6674082313681868,0.620,-
RNA-dependent_RNA_polymerase_NS5,320,0.9633245372362761,"M:4237,?:13,T:2,V:1,L:1",1.0,"M:T:1,M:V:1,L:M:1",1.0,M,0.035,neutral,0.6666666666666666,0.6674082313681868,0.000,-
RNA-dependent_RNA_polymerase_NS5,33,1.478350714290144e-06,"I:4235,?:18,D:1",4.250848699236835e-06,"I:I:18,D:I:1",1.0,I,0.000,negative,0.6666666666666666,0.6674082313681868,0.792,-
RNA-dependent_RNA_polymerase_NS5,321,3.934821994899806e-06,"V:4238,?:14,M:2",1.0147105430973711e-05,"V:V:17,M:V:2",1.0,V,0.000,negative,0.6666666666666666,0.6674082313681868,0.762,-
RNA-dependent_RNA_polymerase_NS5,322,7.650238220691108e-10,"N:4232,?:19,T:1,D:1,H:1",6.620398460213459e-09,"N:N:34,N:T:1,D:N:1,H:N:1",1.0,N,0.000,negative,0.6666666666666666,0.6674082313681868,1.642,-
RNA-dependent_RNA_polymerase_NS5,323,0.009644886222557214,"G:4241,?:13",0.0120728756610591,G:G:5,1.0,G,0.000,negative,0.6666666666666666,0.6674082313681868,0.324,-
RNA-dependent_RNA_polymerase_NS5,324,4.592493940691611e-09,"V:4238,?:15,I:1",2.9948556584309674e-08,"V:V:26,I:V:1",1.0,V,0.000,negative,0.6666666666666666,0.6674082313681868,1.254,-
RNA-dependent_RNA_polymerase_NS5,325,1.640789125678666e-07,"V:4239,?:15",6.44851621445764e-07,V:V:27,1.0,V,0.000,negative,0.6666666666666666,0.6674082313681868,0.920,-
RNA-dependent_RNA_polymerase_NS5,326,0.0001225428734873413,"R:4180,?:14,K:59,E:1",0.00021140751735239139,"R:R:19,K:R:8,E:R:1",1.0,R,0.127,negative,0.6666666666666666,0.6674082313681868,1.128,-
RNA-dependent_RNA_polymerase_NS5,327,6.718561655572053e-06,"L:4233,?:20,P:1",1.6124547973372926e-05,"L:L:41,L:P:1",1.0,L,0.000,negative,0.6666666666666666,0.6674082313681868,0.820,-
RNA-dependent_RNA_polymerase_NS5,328,6.09821156335455e-05,"L:4235,?:19",0.00011434146681289781,L:L:33,1.0,L,0.000,negative,0.6666666666666666,0.6674082313681868,0.646,-
RNA-dependent_RNA_polymerase_NS5,329,4.371380246670498e-08,"T:4235,?:19",2.0175601138479223e-07,T:T:17,1.0,T,0.000,negative,0.6666666666666666,0.6674082313681868,1.109,-
RNA-dependent_RNA_polymerase_NS5,330,9.656002475211256e-05,"K:4234,?:19,E:1",0.0001710709099939002,"K:K:10,E:K:1",1.0,K,0.000,negative,0.6666666666666666,0.6674082313681868,0.828,-
RNA-dependent_RNA_polymerase_NS5,34,0.0005780739736767071,"Q:4237,?:16,M:1",0.0008685585581119138,"Q:Q:15,M:Q:1",1.0,Q,0.000,negative,0.6666666666666666,0.6674082313681868,0.801,-
RNA-dependent_RNA_polymerase_NS5,331,9.382272736502273e-12,"P:4232,?:20,L:1,H:1",1.7591761380941762e-10,"P:P:37,L:P:1,H:P:1",1.0,P,0.000,negative,0.6666666666666666,0.6674082313681868,1.124,-
RNA-dependent_RNA_polymerase_NS5,332,0.9999999327433606,"W:4235,?:19",1.0,NA,1.0,W,0.000,neutral,0.6666666666666666,0.6674082313681868,0.153,-
RNA-dependent_RNA_polymerase_NS5,333,6.174033021499881e-07,"D:4233,?:20,S:1",1.984510614053533e-06,"D:D:22,D:S:1",1.0,D,0.000,negative,0.6666666666666666,0.6674082313681868,1.088,-
RNA-dependent_RNA_polymerase_NS5,334,1.789351992120825e-05,"V:4207,?:26,A:4,I:16,L:1",3.843476832717762e-05,"V:V:33,A:V:3,I:V:9,L:V:1",1.0,V,0.206,negative,0.6666666666666666,0.6674082313681868,1.286,-
RNA-dependent_RNA_polymerase_NS5,335,0.0001771949786785187,"I:1899,V:1240,L:1095,?:20",0.00029423520444772476,"I:V:14,L:V:4,I:L:5,L:L:7,V:V:7,I:I:14",1.0,I,0.235,negative,0.6666666666666666,0.6674082313681868,1.122,-
RNA-dependent_RNA_polymerase_NS5,336,3.818834137803151e-12,"P:4228,?:23,A:1,S:2",8.183216009578181e-11,"P:P:35,A:P:1,P:S:2",1.0,P,0.000,negative,0.6666666666666666,0.6674082313681868,1.208,-
RNA-dependent_RNA_polymerase_NS5,337,0.0169236864050275,"M:3087,T:1140,?:22,V:2,L:1,K:1,N:1",0.02063864195735061,"M:T:15,T:T:5,M:V:2,L:M:1,K:M:1,M:N:1",1.0,M,0.187,negative,0.3710485812303649,0.6674082313681868,0.913,-
RNA-dependent_RNA_polymerase_NS5,338,5.783916807167166e-06,"V:4235,?:19",1.4183992170164711e-05,V:V:16,1.0,V,0.000,negative,0.6666666666666666,0.6674082313681868,0.741,-
RNA-dependent_RNA_polymerase_NS5,339,0.007901760326718632,"T:4234,?:20",0.010016315907108124,T:T:4,1.0,T,0.000,negative,0.6666666666666666,0.6674082313681868,0.260,-
RNA-dependent_RNA_polymerase_NS5,340,0.0003907760025472218,"Q:4236,?:18",0.000610587503980034,Q:Q:16,1.0,Q,0.000,negative,0.6666666666666666,0.6674082313681868,0.851,-
RNA-dependent_RNA_polymerase_NS5,35,8.379459504048725e-08,"E:4237,?:17",3.5573177139829494e-07,E:E:19,1.0,E,0.000,negative,0.6666666666666666,0.6674082313681868,1.556,-
RNA-dependent_RNA_polymerase_NS5,341,1.0,"M:4235,?:18,I:1",1.0,I:M:1,1.0,M,0.000,neutral,0.6666666666666666,0.6674082313681868,0.054,-
RNA-dependent_RNA_polymerase_NS5,342,1.124909679117714e-05,"A:4234,?:19,S:1",2.5342391261007336e-05,"A:A:11,A:S:1",1.0,A,0.000,negative,0.6666666666666666,0.6674082313681868,0.713,-
RNA-dependent_RNA_polymerase_NS5,343,0.9999999468289579,"M:4236,?:18",1.0,NA,1.0,M,0.000,neutral,0.6666666666666666,0.6674082313681868,0.153,-
RNA-dependent_RNA_polymerase_NS5,344,0.0001706495960364096,"T:4231,?:19,I:1,P:3",0.00028547330191964435,"T:T:8,I:T:1,P:T:3",1.0,T,0.000,negative,0.6666666666666666,0.6674082313681868,0.521,-
RNA-dependent_RNA_polymerase_NS5,345,9.201593798024987e-08,"D:4232,?:20,A:2",3.8518299619639483e-07,"D:D:25,A:D:2",1.0,D,0.000,negative,0.6666666666666666,0.6674082313681868,1.255,-
RNA-dependent_RNA_polymerase_NS5,346,8.882295163459286e-05,"T:4233,?:20,M:1",0.00015956218856513687,"T:T:11,M:T:1",1.0,T,0.000,negative,0.6666666666666666,0.6674082313681868,0.510,-
RNA-dependent_RNA_polymerase_NS5,347,3.187956911110401e-05,"T:4232,?:19,P:1,S:1,A:1",6.476661896161086e-05,"T:T:17,P:T:1,S:T:1,A:T:1",1.0,T,0.000,negative,0.6666666666666666,0.6674082313681868,0.518,-
RNA-dependent_RNA_polymerase_NS5,348,6.361577931102147e-14,"P:4236,?:18",2.385591724163305e-12,P:P:27,1.0,P,0.000,negative,0.6666666666666666,0.6674082313681868,1.726,-
RNA-dependent_RNA_polymerase_NS5,349,3.827295513847417e-08,"F:4236,?:18",1.8225216732606746e-07,F:F:23,1.0,F,0.000,negative,0.6666666666666666,0.6674082313681868,0.849,-
RNA-dependent_RNA_polymerase_NS5,350,5.840598323825219e-05,"G:4236,?:18",0.00011019996837406074,G:G:12,1.0,G,0.000,negative,0.6666666666666666,0.6674082313681868,0.785,-
RNA-dependent_RNA_polymerase_NS5,36,1.126328500489215e-05,"V:4237,?:17",2.5342391261007336e-05,V:V:15,1.0,V,0.000,negative,0.6666666666666666,0.6674082313681868,0.695,-
RNA-dependent_RNA_polymerase_NS5,351,0.004526451745809013,"Q:4232,?:19,N:2,H:1",0.005947162877705274,"Q:Q:7,N:Q:2,H:Q:1",1.0,Q,0.000,negative,0.6666666666666666,0.6674082313681868,0.586,-
RNA-dependent_RNA_polymerase_NS5,352,0.0001010727449899385,"Q:4236,?:18",0.00017801461935605607,Q:Q:19,1.0,Q,0.000,negative,0.6666666666666666,0.6674082313681868,1.026,-
RNA-dependent_RNA_polymerase_NS5,353,7.913586452801269e-10,"R:4219,?:33,T:1,S:1",6.783074102401088e-09,"R:R:30,R:T:1,R:S:1",1.0,R,0.000,negative,0.6666666666666666,0.6674082313681868,1.137,-
RNA-dependent_RNA_polymerase_NS5,354,3.394744163554009e-08,"V:4229,?:21,I:1,L:1,F:1,G:1",1.6426181436551656e-07,"V:V:32,I:V:1,L:V:1,F:V:1,G:V:1",1.0,V,0.000,negative,0.6666666666666666,0.6674082313681868,0.999,-
RNA-dependent_RNA_polymerase_NS5,355,0.0,"F:4229,?:23,L:2",0.0,"F:F:52,F:L:2",1.0,F,0.000,negative,0.6666666666666666,0.6674082313681868,2.387,-
RNA-dependent_RNA_polymerase_NS5,356,0.001726825664942977,"K:4233,?:18,R:1,E:2",0.0024359609693552966,"K:K:10,K:R:1,E:K:1",1.0,K,0.072,negative,0.6666666666666666,0.6674082313681868,0.834,-
RNA-dependent_RNA_polymerase_NS5,357,0.002953498550813838,"E:4228,?:19,R:2,V:5",0.003985230428384489,"E:E:17,E:R:1,E:V:3",1.0,E,0.219,negative,0.0009563438091656495,0.09563438091656495,1.060,-
RNA-dependent_RNA_polymerase_NS5,358,0.007947650586661248,"K:4234,?:18,E:2",0.010060317198305377,"K:K:8,E:K:1",1.0,K,0.072,negative,0.6666666666666666,0.6674082313681868,0.654,-
RNA-dependent_RNA_polymerase_NS5,359,2.156392182817157e-06,"V:4235,?:16,S:3",5.935024356377496e-06,"V:V:25,S:V:2",0.07527517400657602,V,0.106,negative,7.17762736149874e-05,0.014364476084465228,1.286,-
RNA-dependent_RNA_polymerase_NS5,360,2.418682004012851e-06,"D:4233,?:17,A:1,G:3",6.556668083167367e-06,"D:D:26,A:D:1,D:G:2",1.0,D,0.068,negative,0.01736788259807953,0.6498765252690099,1.333,-
RNA-dependent_RNA_polymerase_NS5,37,1.083592771067288e-09,"D:4234,?:20",8.785887332978012e-09,D:D:39,1.0,D,0.000,negative,0.6666666666666666,0.6674082313681868,1.497,-
RNA-dependent_RNA_polymerase_NS5,361,0.002649377019427468,"T:4235,?:16,P:1,H:2",0.003591023068501086,"T:T:13,P:T:1,H:T:1",0.008994950218387476,T,0.098,negative,2.588564675387595e-06,0.0023297082078488356,0.640,"overall,volume,composition"
RNA-dependent_RNA_polymerase_NS5,362,0.005716318347104954,"R:4235,?:17,G:2",0.0073706110492757285,"R:R:5,G:R:2",1.0,R,0.000,negative,0.6666666666666666,0.6674082313681868,0.371,-
RNA-dependent_RNA_polymerase_NS5,363,8.289584574328046e-10,"T:4224,A:3,?:24,I:3",7.038326525372869e-09,"T:T:31,A:T:3,I:T:3",1.0,T,0.000,negative,0.6666666666666666,0.6674082313681868,1.199,-
RNA-dependent_RNA_polymerase_NS5,364,0.008840864898112755,"Q:4239,?:13,K:1,P:1",0.011143947350562296,"Q:Q:6,K:Q:1,P:Q:1",1.0,Q,0.000,negative,0.6666666666666666,0.6674082313681868,0.497,-
RNA-dependent_RNA_polymerase_NS5,365,3.853022671318485e-05,"E:4235,D:5,?:12,G:2",7.67194779687309e-05,"E:E:15,D:E:5,E:G:1",1.0,E,0.072,negative,0.6666666666666666,0.6674082313681868,1.267,-
RNA-dependent_RNA_polymerase_NS5,366,2.830247147755927e-11,"P:4236,?:17,L:1",4.3917628154833347e-10,"P:P:25,L:P:1",1.0,P,0.000,negative,0.6666666666666666,0.6674082313681868,1.237,-
RNA-dependent_RNA_polymerase_NS5,367,6.050897873866035e-07,"K:4238,?:14,R:2",1.9589237721149032e-06,"K:K:18,K:R:2",1.0,K,0.000,negative,0.6666666666666666,0.6674082313681868,1.314,-
RNA-dependent_RNA_polymerase_NS5,368,0.0002026295979032922,"E:4239,?:13,G:1,K:1",0.0003327858359725602,"E:E:9,E:G:1,E:K:1",1.0,E,0.000,negative,0.6666666666666666,0.6674082313681868,0.750,-
RNA-dependent_RNA_polymerase_NS5,369,1.395094573974909e-06,"G:4239,A:2,?:13",4.050274569604574e-06,"G:G:24,A:G:2",1.0,G,0.000,negative,0.6666666666666666,0.6674082313681868,0.968,-
RNA-dependent_RNA_polymerase_NS5,370,2.105715446454326e-08,"T:4244,?:7,P:3",1.10827128760754e-07,"T:T:21,P:T:3",1.0,T,0.000,negative,0.6666666666666666,0.6674082313681868,1.076,-
RNA-dependent_RNA_polymerase_NS5,38,0.0004468352205195814,"R:4235,?:19",0.000687438800799356,R:R:8,1.0,R,0.000,negative,0.6666666666666666,0.6674082313681868,0.602,-
RNA-dependent_RNA_polymerase_NS5,371,1.073721950284323e-05,"K:4243,?:6,R:5",2.458905229658755e-05,"K:K:22,K:R:2",1.0,K,0.073,negative,0.6666666666666666,0.6674082313681868,1.307,-
RNA-dependent_RNA_polymerase_NS5,372,0.002548463023647751,"K:4236,R:9,?:7,N:2",0.00346991939679724,"K:R:5,K:K:12,K:N:2",1.0,K,0.145,negative,0.6666666666666666,0.6674082313681868,0.984,-
RNA-dependent_RNA_polymerase_NS5,373,1.32728731472298e-06,"L:4243,?:9,I:1,Q:1",3.89107030374815e-06,"L:L:45,I:L:1,L:Q:1",1.0,L,0.000,negative,0.6666666666666666,0.6674082313681868,0.954,-
RNA-dependent_RNA_polymerase_NS5,374,1.0,"M:4244,?:9,R:1",1.0,M:R:1,1.0,M,0.000,neutral,0.6666666666666666,0.6674082313681868,0.000,-
RNA-dependent_RNA_polymerase_NS5,375,0.869680327119732,"K:4018,R:217,E:9,?:8,N:1,Q:1",0.9362587253681326,"K:R:15,K:K:8,E:K:4,R:R:1,K:N:1,K:Q:1",1.0,K,0.798,neutral,0.5877863485717282,0.6674082313681868,0.741,-
RNA-dependent_RNA_polymerase_NS5,376,5.136978620257082e-10,"I:4241,?:10,S:1,T:2",4.918383785352525e-09,"I:I:39,I:S:1,I:T:1",1.0,I,0.049,negative,0.6666666666666666,0.6674082313681868,1.578,-
RNA-dependent_RNA_polymerase_NS5,377,2.003770704916974e-09,"T:4240,?:9,A:2,P:2,M:1",1.4864445446873766e-08,"T:T:24,A:T:2,P:T:2,M:T:1",1.0,T,0.000,negative,0.6666666666666666,0.6674082313681868,1.236,-
RNA-dependent_RNA_polymerase_NS5,378,1.682197944585795e-05,"A:4236,?:14,P:2,E:1,S:1",3.658876144840839e-05,"A:A:11,A:P:2,A:E:1,A:S:1",1.0,A,0.000,negative,0.6666666666666666,0.6674082313681868,0.670,-
RNA-dependent_RNA_polymerase_NS5,379,0.06240741606058298,"E:4182,K:58,?:9,A:3,N:2",0.07182439188558144,"E:E:18,E:K:13,A:E:3,E:N:1",1.0,E,0.510,neutral,0.04943633508130141,0.6674082313681868,1.131,-
RNA-dependent_RNA_polymerase_NS5,380,0.6797530975368057,"W:4241,?:11,C:2",0.7379707934657721,C:W:2,1.0,W,0.000,neutral,0.6666666666666666,0.6674082313681868,46.567,-
RNA-dependent_RNA_polymerase_NS5,39,6.530309626384678e-10,"T:4230,?:22,I:1,N:1",5.819087785887337e-09,"T:T:30,I:T:1,N:T:1",1.0,T,0.000,negative,0.6666666666666666,0.6674082313681868,1.232,-
RNA-dependent_RNA_polymerase_NS5,381,3.577782514696537e-11,"L:4243,?:10,T:1",5.278695513486694e-10,"L:L:42,L:T:1",1.0,L,0.000,negative,0.6666666666666666,0.6674082313681868,1.213,-
RNA-dependent_RNA_polymerase_NS5,382,1.0,"W:4242,?:10,C:1,S:1",1.0,"C:W:1,S:W:1",1.0,W,0.000,neutral,0.6666666666666666,0.6674082313681868,0.017,-
RNA-dependent_RNA_polymerase_NS5,383,0.004936169215901787,"K:4204,R:25,?:23,E:2",0.00646659722607221,"K:K:11,K:R:5,E:K:2",1.0,K,0.145,negative,0.6666666666666666,0.6674082313681868,0.897,-
RNA-dependent_RNA_polymerase_NS5,384,0.002412228038313646,"E:4241,?:12,D:1",0.0033094591989059163,"E:E:6,D:E:1",1.0,E,0.000,negative,0.6666666666666666,0.6674082313681868,0.499,-
RNA-dependent_RNA_polymerase_NS5,385,4.762338873254279e-06,"L:4240,?:13,I:1",1.2039620746991155e-05,"L:L:36,I:L:1",1.0,L,0.000,negative,0.6666666666666666,0.6674082313681868,0.877,-
RNA-dependent_RNA_polymerase_NS5,386,3.297567341409291e-08,"G:4224,R:15,?:14,V:1",1.6129405474284575e-07,"G:G:34,G:R:5,G:V:1",1.0,G,0.134,negative,0.6666666666666666,0.6674082313681868,2.021,-
RNA-dependent_RNA_polymerase_NS5,387,0.06467295974592602,"K:4210,?:12,R:29,E:2,M:1",0.07414734238386422,"K:R:7,E:K:2,K:M:1,K:K:8",1.0,K,0.148,neutral,0.6435944180511146,0.6674082313681868,0.524,-
RNA-dependent_RNA_polymerase_NS5,388,0.01138608323995138,"K:3619,R:11,?:24,E:600",0.014114979223080222,"K:R:10,E:K:33,K:K:3",1.0,K,1.028,positive,0.01354012002193616,0.5802908580829783,0.249,-
RNA-dependent_RNA_polymerase_NS5,389,0.09494874961409916,"K:4238,E:1,?:8,R:7",0.10789630637965812,"E:K:1,K:K:9,K:R:6",1.0,K,0.143,neutral,0.6666666666666666,0.6674082313681868,0.472,-
RNA-dependent_RNA_polymerase_NS5,390,0.001777905809417946,"T:4202,A:8,?:10,I:32,P:2",0.002504092689321051,"T:T:13,A:T:4,I:T:9,P:T:2",1.0,T,0.184,negative,0.6666666666666666,0.6674082313681868,0.908,-
RNA-dependent_RNA_polymerase_NS5,40,3.052415586957125e-08,"L:4227,?:26,E:1",1.5262077934785625e-07,"L:L:46,E:L:1",1.0,L,0.000,negative,0.6666666666666666,0.6674082313681868,1.327,-
RNA-dependent_RNA_polymerase_NS5,391,2.87525558917423e-12,"P:4242,?:12",6.469325075642017e-11,P:P:39,1.0,P,0.000,negative,0.6666666666666666,0.6674082313681868,1.178,-
RNA-dependent_RNA_polymerase_NS5,392,1.06139956492779e-05,"R:4247,?:7",2.436886756211763e-05,R:R:16,1.0,R,0.000,negative,0.6666666666666666,0.6674082313681868,0.832,-
RNA-dependent_RNA_polymerase_NS5,393,0.9319742887679405,"M:4231,R:1,I:12,V:3,K:1,?:6",0.9961720426260647,"M:R:1,I:M:8,M:V:2,K:M:1",1.0,M,0.106,neutral,0.6444852388159972,0.6674082313681868,0.000,-
RNA-dependent_RNA_polymerase_NS5,394,1.089605072834843e-10,"C:4246,G:1,?:7",1.2413222348751376e-09,"C:C:33,C:G:1",1.0,C,0.000,negative,0.6666666666666666,0.6674082313681868,1.500,-
RNA-dependent_RNA_polymerase_NS5,395,2.105621034198535e-07,"T:4243,?:9,S:1,P:1",8.029910723638482e-07,"T:T:22,S:T:1,P:T:1",1.0,T,0.000,negative,0.6666666666666666,0.6674082313681868,0.855,-
RNA-dependent_RNA_polymerase_NS5,396,0.00105670709714456,"R:4244,K:3,?:7",0.0015265431579937463,"R:R:7,K:R:3",1.0,R,0.000,negative,0.6666666666666666,0.6674082313681868,0.523,-
RNA-dependent_RNA_polymerase_NS5,397,0.0004621501115503746,"E:4244,?:6,D:1,V:1,K:2",0.0007073726197199612,"E:E:8,D:E:1,E:V:1,E:K:2",1.0,E,0.000,negative,0.6666666666666666,0.6674082313681868,0.665,-
RNA-dependent_RNA_polymerase_NS5,398,0.0002011754374968699,"E:4246,?:6,K:1,Q:1",0.0003316078640058295,"E:E:9,E:K:1,E:Q:1",1.0,E,0.000,negative,0.6666666666666666,0.6674082313681868,0.751,-
RNA-dependent_RNA_polymerase_NS5,399,2.261302256556519e-12,"F:4248,?:6",5.653255641391297e-11,F:F:31,1.0,F,0.000,negative,0.6666666666666666,0.6674082313681868,1.534,-
RNA-dependent_RNA_polymerase_NS5,400,0.3846751923617926,"T:4211,I:10,?:8,A:20,P:1,K:1,S:2,R:1",0.4232367642122412,"T:T:6,I:T:8,A:T:6,P:T:1,K:T:1,S:T:2,R:T:1",1.0,T,0.230,neutral,0.6275908503171003,0.6674082313681868,0.390,-
RNA-dependent_RNA_polymerase_NS5,5,0.3472096766892971,"T:1824,I:2079,M:105,?:53,V:186,A:2,L:3,K:2",0.38342172885934644,"I:T:16,I:M:9,I:V:6,A:T:2,I:L:2,V:V:2,K:T:2,L:T:1,T:T:1",1.0,I,0.606,neutral,0.3084732240892084,0.6674082313681868,0.344,-
RNA-dependent_RNA_polymerase_NS5,41,1.097228321433885e-05,"A:4232,?:22",2.4874193684899156e-05,A:A:11,1.0,A,0.000,negative,0.6666666666666666,0.6674082313681868,0.714,-
RNA-dependent_RNA_polymerase_NS5,401,0.2863918104458686,"R:4145,K:102,?:6,G:1",0.3182131227176318,"K:R:22,R:R:3,G:R:1",1.0,R,0.457,neutral,0.2675274621833715,0.6674082313681868,0.225,-
RNA-dependent_RNA_polymerase_NS5,402,1.633582158433455e-11,"K:4248,?:6",2.6731344410729264e-10,K:K:39,1.0,K,0.000,negative,0.6666666666666666,0.6674082313681868,2.284,-
RNA-dependent_RNA_polymerase_NS5,403,0.0003545734705669989,"V:4242,?:12",0.0005588723704208388,V:V:10,1.0,V,0.000,negative,0.6666666666666666,0.6674082313681868,0.458,-
RNA-dependent_RNA_polymerase_NS5,404,0.005617703233849358,"R:4242,?:12",0.007268973415481674,R:R:5,1.0,R,0.000,negative,0.6666666666666666,0.6674082313681868,0.374,-
RNA-dependent_RNA_polymerase_NS5,405,1.731682592986949e-06,"S:4236,?:13,N:4,G:1",4.911607384642059e-06,"S:S:24,N:S:3,G:S:1",1.0,S,0.056,negative,0.6666666666666666,0.6674082313681868,1.181,-
RNA-dependent_RNA_polymerase_NS5,406,0.0001251201198670948,"N:4242,?:12",0.00021490096923737655,N:N:16,1.0,N,0.000,negative,0.6666666666666666,0.6674082313681868,0.585,-
RNA-dependent_RNA_polymerase_NS5,407,1.124518676953734e-05,"A:4241,?:11,P:1,T:1",2.5342391261007336e-05,"A:A:11,A:P:1,A:T:1",1.0,A,0.000,negative,0.6666666666666666,0.6674082313681868,0.712,-
RNA-dependent_RNA_polymerase_NS5,408,1.36099672642942e-08,"A:4239,?:15",7.423618507796836e-08,A:A:26,1.0,A,0.000,negative,0.6666666666666666,0.6674082313681868,1.035,-
RNA-dependent_RNA_polymerase_NS5,409,2.702567059031935e-10,"L:4221,?:33",2.895607563248502e-09,L:L:61,1.0,L,0.000,negative,0.6666666666666666,0.6674082313681868,1.758,-
RNA-dependent_RNA_polymerase_NS5,410,3.307712650446604e-07,"G:4226,?:28",1.1813259465880729e-06,G:G:28,1.0,G,0.000,negative,0.6666666666666666,0.6674082313681868,1.073,-
RNA-dependent_RNA_polymerase_NS5,42,3.772132350587931e-06,"K:4231,?:21,G:1,Q:1",9.755514699796375e-06,"K:K:14,G:K:1,K:Q:1",1.0,K,0.000,negative,0.6666666666666666,0.6674082313681868,1.171,-
RNA-dependent_RNA_polymerase_NS5,411,1.734102540940086e-05,"A:4223,?:31",3.7426673545469484e-05,A:A:15,1.0,A,0.000,negative,0.6666666666666666,0.6674082313681868,0.589,-
RNA-dependent_RNA_polymerase_NS5,412,0.0002207540488590176,"I:4050,M:1,?:30,V:173",0.00035797953869029877,"I:M:1,I:I:2,I:V:8,V:V:4",1.0,I,0.116,negative,0.6666666666666666,0.6674082313681868,1.589,-
RNA-dependent_RNA_polymerase_NS5,413,1.877588741150404e-07,"F:4223,?:30,Y:1",7.25248869972259e-07,"F:F:17,F:Y:1",1.0,F,0.000,negative,0.6666666666666666,0.6674082313681868,0.844,-
RNA-dependent_RNA_polymerase_NS5,414,6.581305107111746e-05,"T:4216,A:2,?:33,I:2,N:1",0.00012197277462879632,"A:T:2,T:T:15,I:T:2,N:T:1",1.0,T,0.000,negative,0.6666666666666666,0.6674082313681868,0.475,-
RNA-dependent_RNA_polymerase_NS5,415,0.00417164429323269,"D:4210,E:3,?:33,A:1,N:7",0.005521293917513855,"D:E:3,D:D:15,A:D:1,D:N:3",1.0,D,0.062,negative,0.6666666666666666,0.6674082313681868,0.543,-
RNA-dependent_RNA_polymerase_NS5,416,0.005900917182399268,"E:4220,?:34",0.007586893520227631,E:E:7,1.0,E,0.000,negative,0.6666666666666666,0.6674082313681868,0.369,-
RNA-dependent_RNA_polymerase_NS5,417,0.000125374105098941,"N:4221,?:32,D:1",0.00021492703731247032,"N:N:13,D:N:1",1.0,N,0.000,negative,0.6666666666666666,0.6674082313681868,0.641,-
RNA-dependent_RNA_polymerase_NS5,418,0.0005839416503350403,"K:4212,?:33,R:9",0.0008759124755025605,"K:K:14,K:R:2",1.0,K,0.073,negative,0.6666666666666666,0.6674082313681868,0.888,-
RNA-dependent_RNA_polymerase_NS5,419,0.9999999327433606,"W:4221,?:33",1.0,NA,1.0,W,0.000,neutral,0.6666666666666666,0.6674082313681868,0.153,-
RNA-dependent_RNA_polymerase_NS5,420,6.571636785857038e-07,"K:4219,?:33,R:1,N:1",2.10479470009656e-06,"K:K:21,K:R:1,K:N:1",1.0,K,0.000,negative,0.6666666666666666,0.6674082313681868,1.245,-
RNA-dependent_RNA_polymerase_NS5,43,0.0002161460004082016,"E:4229,?:24,G:1",0.00035252644844488304,"E:E:9,E:G:1",1.0,E,0.000,negative,0.6666666666666666,0.6674082313681868,0.741,-
RNA-dependent_RNA_polymerase_NS5,421,6.253140449885564e-09,"S:4219,?:35",3.8343026033138996e-08,S:S:23,1.0,S,0.000,negative,0.6666666666666666,0.6674082313681868,1.053,-
RNA-dependent_RNA_polymerase_NS5,422,6.329774982272163e-06,"A:4218,?:36",1.531397173130362e-05,A:A:12,1.0,A,0.000,negative,0.6666666666666666,0.6674082313681868,0.741,-
RNA-dependent_RNA_polymerase_NS5,423,0.004070592107169646,"R:4219,?:35",0.005401290800246542,R:R:8,1.0,R,0.000,negative,0.6666666666666666,0.6674082313681868,0.237,-
RNA-dependent_RNA_polymerase_NS5,424,1.015388152447727e-07,"E:4215,?:36,A:1,G:2",4.2112872682163794e-07,"E:E:25,A:E:1,E:G:2",1.0,E,0.000,negative,0.6666666666666666,0.6674082313681868,1.403,-
RNA-dependent_RNA_polymerase_NS5,425,0.005028168616872941,"A:4216,?:36,P:1,T:1",0.006577546155793091,"A:A:8,A:P:1,A:T:1",1.0,A,0.000,negative,0.6666666666666666,0.6674082313681868,0.234,-
RNA-dependent_RNA_polymerase_NS5,426,8.443071265840096e-05,"V:4218,?:35,G:1",0.00015227984247006185,"V:V:17,G:V:1",1.0,V,0.000,negative,0.6666666666666666,0.6674082313681868,0.503,-
RNA-dependent_RNA_polymerase_NS5,427,0.1807394002283681,"E:4215,?:34,G:2,V:3",0.20232022413623293,"E:E:5,E:G:1,E:V:2",1.0,E,0.144,neutral,0.6446035315043529,0.6674082313681868,0.415,-
RNA-dependent_RNA_polymerase_NS5,428,6.613905623176208e-08,"D:4215,?:34,N:1,E:1,A:1,G:2",2.932273428994378e-07,"D:D:30,D:N:1,D:E:1,A:D:1,D:G:2",1.0,D,0.000,negative,0.6666666666666666,0.6674082313681868,1.227,-
RNA-dependent_RNA_polymerase_NS5,429,0.01099860822764687,"S:3056,R:1,G:1059,N:17,?:36,D:1,I:1,C:83",0.01367230304541738,"R:S:1,S:S:27,G:S:16,N:S:5,G:G:13,D:G:1,I:S:1,C:S:1",1.0,S,0.633,negative,0.6666666666666666,0.6674082313681868,1.425,-
RNA-dependent_RNA_polymerase_NS5,430,0.7302333236893643,"G:1333,R:2862,?:31,K:1,W:1,S:6,E:20",0.790866415548048,"G:R:10,R:R:3,K:R:1,R:W:1,R:S:2,G:G:2,E:G:2",1.0,R,0.319,neutral,0.6666666666666666,0.6674082313681868,0.390,-
RNA-dependent_RNA_polymerase_NS5,44,5.154739678436826e-06,"G:4231,?:22,D:1",1.2922745711958616e-05,"G:G:22,D:G:1",1.0,G,0.000,negative,0.6666666666666666,0.6674082313681868,0.856,-
RNA-dependent_RNA_polymerase_NS5,431,7.89555794078467e-08,"F:4226,?:28",3.4163471859164435e-07,F:F:22,1.0,F,0.000,negative,0.6666666666666666,0.6674082313681868,0.809,-
RNA-dependent_RNA_polymerase_NS5,432,2.235801835892559e-05,"W:4213,?:27,C:10,G:1,Q:3",4.679585237914658e-05,"C:W:2,G:W:1,Q:W:2",1.0,W,0.230,negative,0.6666666666666666,0.6674082313681868,81.353,-
RNA-dependent_RNA_polymerase_NS5,433,1.271773768185547e-06,"E:4217,?:27,K:6,G:2,D:1,A:1",3.7651197084440537e-06,"E:E:19,E:K:6,E:G:2,D:E:1,A:E:1",1.0,E,0.000,negative,0.6666666666666666,0.6674082313681868,1.189,-
RNA-dependent_RNA_polymerase_NS5,434,0.000188779340771883,"L:4226,?:27,M:1",0.00031289393498102155,"L:L:27,L:M:1",1.0,L,0.000,negative,0.6666666666666666,0.6674082313681868,0.563,-
RNA-dependent_RNA_polymerase_NS5,435,0.0159464890912181,"V:4168,I:61,?:25",0.01947332453473038,"I:V:2,V:V:11,I:I:1",1.0,V,0.051,negative,0.6666666666666666,0.6674082313681868,0.352,-
RNA-dependent_RNA_polymerase_NS5,436,9.766980796943603e-05,"D:4218,N:6,?:26,A:1,G:3",0.0001726971064292582,"D:D:18,D:N:6,A:D:1,D:G:1",1.0,D,0.065,negative,0.6666666666666666,0.6674082313681868,0.938,-
RNA-dependent_RNA_polymerase_NS5,437,0.3531310402142057,"K:3114,R:1114,?:26",0.38900604185163423,"K:K:11,K:R:24,R:R:5",1.0,K,0.569,neutral,0.6666666666666666,0.6674082313681868,0.845,-
RNA-dependent_RNA_polymerase_NS5,438,0.005621240229360613,"E:4229,?:25",0.007268973415481674,E:E:5,1.0,E,0.000,negative,0.6666666666666666,0.6674082313681868,0.415,-
RNA-dependent_RNA_polymerase_NS5,439,1.94758031923925e-08,"R:4228,?:26",1.0371729510741569e-07,R:R:25,1.0,R,0.000,negative,0.6666666666666666,0.6674082313681868,1.383,-
RNA-dependent_RNA_polymerase_NS5,440,0.05826124410847866,"N:4146,S:28,D:3,?:26,K:49,I:2",0.06739732608949973,"N:N:15,N:S:8,D:N:3,K:N:4,I:N:2",1.0,N,0.188,neutral,0.6666666666666666,0.6674082313681868,0.552,-
RNA-dependent_RNA_polymerase_NS5,45,1.110223024625157e-16,"I:4227,?:25,L:2",1.4274296030894877e-14,"I:I:55,I:L:2",1.0,I,0.000,negative,0.6666666666666666,0.6674082313681868,2.413,-
RNA-dependent_RNA_polymerase_NS5,441,5.325423435564858e-10,"L:4224,F:1,?:29",4.941114527843682e-09,"L:L:27,F:L:1",1.0,L,0.000,negative,0.6666666666666666,0.6674082313681868,1.061,-
RNA-dependent_RNA_polymerase_NS5,442,0.003541109656499675,"H:4227,?:27",0.004742557575669208,H:H:7,1.0,H,0.000,negative,0.6666666666666666,0.6674082313681868,0.253,-
RNA-dependent_RNA_polymerase_NS5,443,0.000678102339126796,"L:4226,?:28",0.0010054235670743268,L:L:10,1.0,L,0.000,negative,0.6666666666666666,0.6674082313681868,0.293,-
RNA-dependent_RNA_polymerase_NS5,444,0.0968719167380464,"E:4207,?:29,K:15,D:3",0.1099429067644915,"E:K:6,D:E:2,E:E:9",1.0,E,0.289,neutral,0.2316173339764614,0.6674082313681868,0.753,-
RNA-dependent_RNA_polymerase_NS5,445,0.002252272179727788,"G:4226,?:27,A:1",0.0031378404980727695,"G:G:7,A:G:1",1.0,G,0.000,negative,0.6666666666666666,0.6674082313681868,0.451,-
RNA-dependent_RNA_polymerase_NS5,446,9.638100939024508e-05,"K:4226,?:27,R:1",0.0001710709099939002,"K:K:14,K:R:1",1.0,K,0.000,negative,0.6666666666666666,0.6674082313681868,0.747,-
RNA-dependent_RNA_polymerase_NS5,447,0.02684979372041252,"C:4222,?:27,G:5",0.03209138691682772,"C:C:9,C:G:2",1.0,C,0.051,negative,0.6666666666666666,0.6674082313681868,0.325,-
RNA-dependent_RNA_polymerase_NS5,448,5.281354830577456e-06,"E:4220,?:29,G:5",1.3166812597007509e-05,"E:E:21,E:G:2",1.0,E,0.076,negative,0.03611580953159965,0.6674082313681868,1.462,-
RNA-dependent_RNA_polymerase_NS5,449,0.006701113534825498,"T:4220,?:28,A:5,R:1",0.00856676446213487,"T:T:7,A:T:2,R:T:1",1.0,T,0.046,negative,0.6666666666666666,0.6674082313681868,0.454,-
RNA-dependent_RNA_polymerase_NS5,450,1.855202098655084e-05,"C:4227,?:26,S:1",3.965990234654574e-05,"C:C:17,C:S:1",1.0,C,0.000,negative,0.6666666666666666,0.6674082313681868,0.619,-
RNA-dependent_RNA_polymerase_NS5,46,0.02300647239127451,"K:4212,?:21,R:19,E:1,M:1",0.027718641435270492,"K:K:8,K:R:4,E:K:1,K:M:1",1.0,K,0.145,negative,0.6666666666666666,0.6674082313681868,0.688,-
RNA-dependent_RNA_polymerase_NS5,451,0.0262963611246283,"V:4219,?:26,I:2,A:7",0.03151361519595935,"V:V:10,I:V:1,A:V:2",1.0,V,0.154,negative,0.6666666666666666,0.6674082313681868,0.559,-
RNA-dependent_RNA_polymerase_NS5,452,7.423743841883379e-10,"Y:4220,?:26,S:1,E:6,D:1",6.486766463781593e-09,"Y:Y:52,S:Y:1,D:Y:1,D:E:1,E:Y:1",0.00450090619816268,Y,0.242,negative,0.01529943379861276,0.6258859281250675,2.507,"overall,bipolar,structure,volume,composition,charge"
RNA-dependent_RNA_polymerase_NS5,453,0.01979394855474514,"N:4219,?:28,T:7",0.024073721215230576,"N:N:12,N:T:3",1.0,N,0.129,negative,0.663228847104951,0.6674082313681868,0.589,-
RNA-dependent_RNA_polymerase_NS5,454,0.9041617578281758,"M:4220,?:28,I:6",0.9687447405301883,I:M:2,1.0,M,0.071,neutral,0.6283834385924533,0.6674082313681868,0.000,-
RNA-dependent_RNA_polymerase_NS5,455,0.9999999468289579,"M:4226,?:28",1.0,NA,1.0,M,0.000,neutral,0.6666666666666666,0.6674082313681868,0.153,-
RNA-dependent_RNA_polymerase_NS5,456,3.380501767402677e-09,"G:4208,?:46",2.2875575869642175e-08,G:G:26,1.0,G,0.000,negative,0.6666666666666666,0.6674082313681868,1.705,-
RNA-dependent_RNA_polymerase_NS5,457,1.212738465206087e-09,"K:4215,?:39",9.658978926420163e-09,K:K:28,1.0,K,0.000,negative,0.6666666666666666,0.6674082313681868,1.928,-
RNA-dependent_RNA_polymerase_NS5,458,0.01313938894535549,"R:4223,?:31",0.016132946863328706,R:R:3,1.0,R,0.000,negative,0.6666666666666666,0.6674082313681868,0.300,-
RNA-dependent_RNA_polymerase_NS5,459,1.769135893225915e-06,"E:4221,?:33",4.9912924887251515e-06,E:E:19,1.0,E,0.000,negative,0.6666666666666666,0.6674082313681868,1.147,-
RNA-dependent_RNA_polymerase_NS5,460,0.01077231560147651,"K:4220,?:33,Q:1",0.013409521495613913,"K:K:6,K:Q:1",1.0,K,0.000,negative,0.6666666666666666,0.6674082313681868,0.319,-
RNA-dependent_RNA_polymerase_NS5,47,0.001051197304622775,"R:4229,?:21,G:2,E:1,K:1",0.0015210250388432434,"R:R:6,G:R:2,E:R:1,K:R:1",1.0,R,0.000,negative,0.6666666666666666,0.6674082313681868,0.522,-
RNA-dependent_RNA_polymerase_NS5,461,2.79546386039442e-11,"K:4218,?:34,N:1,Y:1",4.3917628154833347e-10,"K:K:37,K:N:1,K:Y:1",1.0,K,0.000,negative,0.6666666666666666,0.6674082313681868,2.260,-
RNA-dependent_RNA_polymerase_NS5,462,0.01235150363127091,"L:3853,?:48,I:325,T:1,M:27",0.015248769915149271,"L:L:36,I:L:3,I:T:1,I:M:3,L:M:1",1.0,L,0.273,negative,0.6666666666666666,0.6674082313681868,0.853,-
RNA-dependent_RNA_polymerase_NS5,463,8.957976959522718e-05,"G:4210,?:43,R:1",0.0001602986881795012,"G:G:14,G:R:1",1.0,G,0.000,negative,0.6666666666666666,0.6674082313681868,0.661,-
RNA-dependent_RNA_polymerase_NS5,464,0.0001489960160423465,"E:4216,?:35,D:1,K:1,G:1",0.00025253562041075675,"E:E:17,D:E:1,E:K:1,E:G:1",1.0,E,0.077,negative,0.002032693471886726,0.16631128406345938,1.101,-
RNA-dependent_RNA_polymerase_NS5,465,1.332267629550188e-15,"F:4207,?:47",9.99200722162641e-14,F:F:41,1.0,F,0.000,negative,0.6666666666666666,0.6674082313681868,1.974,-
RNA-dependent_RNA_polymerase_NS5,466,7.105593891054696e-11,"G:4217,?:35,R:1,D:1",8.760321235546885e-10,"G:G:44,G:R:1,D:G:1",1.0,G,0.000,negative,0.6666666666666666,0.6674082313681868,1.764,-
RNA-dependent_RNA_polymerase_NS5,467,0.008567252101787215,"K:4209,?:36,R:7,G:1,T:1",0.010814203214037157,"K:K:14,K:R:3,G:K:1,K:T:1",1.0,K,0.220,negative,0.02881505501806814,0.6674082313681868,0.945,-
RNA-dependent_RNA_polymerase_NS5,468,1.593997489557353e-09,"A:4217,?:36,Q:1",1.2474762961753198e-08,"A:A:21,A:Q:1",1.0,A,0.000,negative,0.6666666666666666,0.6674082313681868,1.344,-
RNA-dependent_RNA_polymerase_NS5,469,4.090453074245826e-05,"K:4219,?:33,Q:1,R:1",8.020496224011424e-05,"K:K:11,K:Q:1,K:R:1",1.0,K,0.000,negative,0.6666666666666666,0.6674082313681868,0.922,-
RNA-dependent_RNA_polymerase_NS5,470,2.184385805015232e-06,"G:4217,A:1,?:35,C:1",5.9937415381515516e-06,"G:G:25,A:G:1,C:G:1",1.0,G,0.000,negative,0.6666666666666666,0.6674082313681868,0.915,-
RNA-dependent_RNA_polymerase_NS5,48,0.00961879556304257,"G:4232,?:21,E:1",0.012056986081808236,"?:G:1,G:G:3,E:G:1",1.0,G,0.000,negative,0.6666666666666666,0.6674082313681868,0.324,-
RNA-dependent_RNA_polymerase_NS5,471,0.0001100375514477836,"S:4222,?:31,G:1",0.0001926727554533176,"S:S:12,G:S:1",1.0,S,0.000,negative,0.6666666666666666,0.6674082313681868,0.590,-
RNA-dependent_RNA_polymerase_NS5,472,0.0004568554869788244,"R:4222,?:32",0.0007016551847797644,R:R:7,1.0,R,0.000,negative,0.6666666666666666,0.6674082313681868,0.599,-
RNA-dependent_RNA_polymerase_NS5,473,2.051604020003595e-07,"A:4223,?:30,G:1",7.857206885120151e-07,"A:A:22,A:G:1",1.0,A,0.000,negative,0.6666666666666666,0.6674082313681868,0.863,-
RNA-dependent_RNA_polymerase_NS5,474,0.00369252450131452,"I:4225,?:26,R:1,V:1,T:1",0.004916082915951284,"I:I:2,I:R:1,I:V:1,I:T:1",1.0,I,0.000,negative,0.6666666666666666,0.6674082313681868,0.593,-
RNA-dependent_RNA_polymerase_NS5,475,0.9999999327433606,"W:4229,?:25",1.0,NA,1.0,W,0.000,neutral,0.6666666666666666,0.6674082313681868,0.153,-
RNA-dependent_RNA_polymerase_NS5,476,5.872406738660629e-07,"Y:4227,?:26,H:1",1.92402357464387e-06,"Y:Y:21,H:Y:1",1.0,Y,0.000,negative,0.6666666666666666,0.6674082313681868,1.034,-
RNA-dependent_RNA_polymerase_NS5,477,0.9999999468289579,"M:4230,?:24",1.0,NA,1.0,M,0.000,neutral,0.6666666666666666,0.6674082313681868,0.153,-
RNA-dependent_RNA_polymerase_NS5,478,0.9999999327433606,"W:4230,?:24",1.0,NA,1.0,W,0.000,neutral,0.6666666666666666,0.6674082313681868,0.153,-
RNA-dependent_RNA_polymerase_NS5,479,3.099281855190039e-05,"L:4204,?:49,V:1",6.310754908757999e-05,"L:L:14,L:V:1",1.0,L,0.000,negative,0.6666666666666666,0.6674082313681868,0.442,-
RNA-dependent_RNA_polymerase_NS5,480,0.00969939970345468,"G:4228,?:26",0.012116820212572666,G:G:5,1.0,G,0.000,negative,0.6666666666666666,0.6674082313681868,0.324,-
RNA-dependent_RNA_polymerase_NS5,49,1.689251048908602e-05,"E:4234,?:19,K:1",3.663436009681306e-05,"E:E:12,E:K:1",1.0,E,0.000,negative,0.6666666666666666,0.6674082313681868,1.008,-
RNA-dependent_RNA_polymerase_NS5,481,5.258862234569506e-10,"A:4232,?:22",4.9356175396697566e-09,A:A:26,1.0,A,0.000,negative,0.6666666666666666,0.6674082313681868,1.325,-
RNA-dependent_RNA_polymerase_NS5,482,2.412144139618544e-05,"R:4229,?:21,H:4",5.013694516528151e-05,"R:R:14,H:R:4",1.0,R,0.000,negative,0.6666666666666666,0.6674082313681868,0.550,-
RNA-dependent_RNA_polymerase_NS5,483,2.892507344753881e-10,"F:4228,?:24,Y:1,L:1",3.027042570091271e-09,"F:F:25,F:Y:1,F:L:1",1.0,F,0.000,negative,0.6666666666666666,0.6674082313681868,1.236,-
RNA-dependent_RNA_polymerase_NS5,484,8.715203347886558e-08,"L:4229,?:25",3.682480287839391e-07,L:L:44,1.0,L,0.000,negative,0.6666666666666666,0.6674082313681868,1.233,-
RNA-dependent_RNA_polymerase_NS5,485,0.0001721838220478666,"E:4233,?:21",0.0002869730367464443,E:E:13,1.0,E,0.000,negative,0.6666666666666666,0.6674082313681868,0.688,-
RNA-dependent_RNA_polymerase_NS5,486,0.002578912669301658,"F:4220,?:34",0.00350607462593881,F:F:7,1.0,F,0.000,negative,0.6666666666666666,0.6674082313681868,0.253,-
RNA-dependent_RNA_polymerase_NS5,487,0.002387493189246581,"E:4217,?:37",0.0032956194330090844,E:E:6,1.0,E,0.000,negative,0.6666666666666666,0.6674082313681868,0.500,-
RNA-dependent_RNA_polymerase_NS5,488,0.0001240244767497511,"A:4217,?:35,V:1,S:1",0.0002134264418255755,"A:A:12,A:V:1,A:S:1",1.0,A,0.000,negative,0.6666666666666666,0.6674082313681868,0.469,-
RNA-dependent_RNA_polymerase_NS5,489,1.079785164825875e-05,"L:4216,?:38",2.460269995805791e-05,L:L:37,1.0,L,0.000,negative,0.6666666666666666,0.6674082313681868,0.789,-
RNA-dependent_RNA_polymerase_NS5,490,0.00222886250846388,"G:4218,?:36",0.0031148699652445524,G:G:7,1.0,G,0.000,negative,0.6666666666666666,0.6674082313681868,0.452,-
RNA-dependent_RNA_polymerase_NS5,50,3.817515192849896e-10,"T:4231,?:22,K:1",3.8175151928498954e-09,"T:T:28,K:T:1",1.0,T,0.000,negative,0.6666666666666666,0.6674082313681868,1.309,-
RNA-dependent_RNA_polymerase_NS5,491,4.962033006705724e-10,"F:4215,?:39",4.801967425844249e-09,F:F:25,1.0,F,0.000,negative,0.6666666666666666,0.6674082313681868,1.183,-
RNA-dependent_RNA_polymerase_NS5,492,2.221485346787233e-07,"L:4214,?:39,M:1",8.436020304255316e-07,"L:L:44,L:M:1",1.0,L,0.000,negative,0.6666666666666666,0.6674082313681868,1.109,-
RNA-dependent_RNA_polymerase_NS5,493,0.02216366233851286,"N:4215,?:37,K:2",0.026810881861104266,"N:N:11,K:N:1",1.0,N,0.063,negative,0.6666666666666666,0.6674082313681868,0.402,-
RNA-dependent_RNA_polymerase_NS5,494,0.001048176330562312,"E:4217,?:37",0.0015190961312497276,E:E:7,1.0,E,0.000,negative,0.6666666666666666,0.6674082313681868,0.583,-
RNA-dependent_RNA_polymerase_NS5,495,1.583298693819124e-06,"D:4217,?:37",4.5237105537689255e-06,D:D:25,1.0,D,0.000,negative,0.6666666666666666,0.6674082313681868,0.921,-
RNA-dependent_RNA_polymerase_NS5,496,2.099028906243916e-08,"H:4213,?:37,R:3,P:1",1.10827128760754e-07,"H:H:25,H:R:2,P:R:1",0.02482156199491214,H,0.046,negative,0.01275373981608585,0.5739182917238632,1.334,"overall,bipolar,volume,composition,charge"
RNA-dependent_RNA_polymerase_NS5,497,0.9999999327433606,"W:4218,?:36",1.0,NA,1.0,W,0.000,neutral,0.6666666666666666,0.6674082313681868,0.153,-
RNA-dependent_RNA_polymerase_NS5,498,5.886634489082887e-06,"F:4214,?:37,L:2,V:1",1.4357645095324115e-05,"F:F:14,F:L:2,F:V:1",1.0,F,0.000,negative,0.6666666666666666,0.6674082313681868,0.609,-
RNA-dependent_RNA_polymerase_NS5,499,2.628611406318981e-08,"S:4203,?:51",1.3397920005069981e-07,S:S:24,1.0,S,0.000,negative,0.6666666666666666,0.6674082313681868,0.875,-
RNA-dependent_RNA_polymerase_NS5,500,8.549549900882525e-05,"R:4217,?:37",0.00015389189821588545,R:R:9,1.0,R,0.000,negative,0.6666666666666666,0.6674082313681868,0.755,-
RNA-dependent_RNA_polymerase_NS5,6,0.009594461993150838,"G:4202,I:1,?:51",0.0120432577319885,"G:I:1,G:G:5",1.0,G,0.000,negative,0.6666666666666666,0.6674082313681868,0.325,-
RNA-dependent_RNA_polymerase_NS5,51,0.001520768501123371,"D:4229,?:22,E:2,N:1",0.0021622300963839397,"D:D:14,D:E:1,D:N:1",1.0,D,0.065,negative,0.6666666666666666,0.6674082313681868,0.684,-
RNA-dependent_RNA_polymerase_NS5,501,0.08535111724353084,"E:3106,?:38,K:2,G:1098,R:10",0.09711252278025,"E:E:18,E:K:2,E:G:9,G:G:2,G:R:5",1.0,E,0.496,neutral,0.5849741718303867,0.6674082313681868,1.023,-
RNA-dependent_RNA_polymerase_NS5,502,5.745759625863656e-07,"N:4216,?:38",1.8942064700649414e-06,N:N:22,1.0,N,0.000,negative,0.6666666666666666,0.6674082313681868,1.094,-
RNA-dependent_RNA_polymerase_NS5,503,1.852726416728956e-09,"S:4212,?:40,Y:1,L:1",1.4012216597109753e-08,"S:S:27,S:Y:1,L:S:1",1.0,S,0.000,negative,0.6666666666666666,0.6674082313681868,1.037,-
RNA-dependent_RNA_polymerase_NS5,504,6.586529829955001e-05,"L:4210,?:43,Y:1",0.00012197277462879632,"L:L:32,L:Y:1",1.0,L,0.000,negative,0.6666666666666666,0.6674082313681868,0.641,-
RNA-dependent_RNA_polymerase_NS5,505,1.820325650658816e-06,"S:4216,?:38",5.087866725443896e-06,S:S:22,1.0,S,0.000,negative,0.6666666666666666,0.6674082313681868,0.824,-
RNA-dependent_RNA_polymerase_NS5,506,0.02053079348752318,"G:4215,?:38,R:1",0.024936186422092933,"G:G:4,G:R:1",1.0,G,0.000,negative,0.6666666666666666,0.6674082313681868,0.260,-
RNA-dependent_RNA_polymerase_NS5,507,5.407008196733898e-07,"V:4214,?:39,I:1",1.8023360655779659e-06,"V:V:19,I:V:1",1.0,V,0.000,negative,0.6666666666666666,0.6674082313681868,0.916,-
RNA-dependent_RNA_polymerase_NS5,508,3.674311065271496e-05,"E:4214,?:39,G:1",7.332328068169283e-05,"E:E:11,E:G:1",1.0,E,0.000,negative,0.6666666666666666,0.6674082313681868,0.929,-
RNA-dependent_RNA_polymerase_NS5,509,0.009410961402218754,"G:4215,?:39",0.011845965401394236,G:G:5,1.0,G,0.000,negative,0.6666666666666666,0.6674082313681868,0.326,-
RNA-dependent_RNA_polymerase_NS5,510,0.005544812537805588,"E:4212,?:40,D:2",0.007201055243903361,"E:E:5,D:E:2",1.0,E,0.000,negative,0.6666666666666666,0.6674082313681868,0.415,-
RNA-dependent_RNA_polymerase_NS5,52,6.26269425207937e-09,"H:4232,?:21,Q:1",3.8343026033138996e-08,"H:H:26,H:Q:1",1.0,H,0.000,negative,0.6666666666666666,0.6674082313681868,1.038,-
RNA-dependent_RNA_polymerase_NS5,511,1.045323665527231e-05,"G:4212,?:41,R:1",2.4109385798007e-05,"G:G:18,G:R:1",1.0,G,0.000,negative,0.6666666666666666,0.6674082313681868,0.832,-
RNA-dependent_RNA_polymerase_NS5,512,6.211729490557261e-06,"L:4215,?:38,M:1",1.5068885556607909e-05,"L:L:43,L:M:1",1.0,L,0.000,negative,0.6666666666666666,0.6674082313681868,0.822,-
RNA-dependent_RNA_polymerase_NS5,513,2.509368232783693e-05,"H:4201,Y:11,?:42",5.203759008076783e-05,"H:Y:8,H:H:19",1.0,H,0.088,negative,0.6666666666666666,0.6674082313681868,0.940,-
RNA-dependent_RNA_polymerase_NS5,514,0.006573012818028801,"K:3170,?:50,R:1034",0.008426939510293335,"K:K:13,K:R:10,R:R:3",1.0,K,0.211,negative,0.6666666666666666,0.6674082313681868,0.927,-
RNA-dependent_RNA_polymerase_NS5,515,1.249144091786114e-05,"L:4186,?:65,A:1,I:2",2.7690386271120755e-05,"L:L:36,A:L:1,I:L:2",1.0,L,0.000,negative,0.6666666666666666,0.6674082313681868,0.782,-
RNA-dependent_RNA_polymerase_NS5,516,5.148984406622148e-07,"G:4203,?:51",1.7356127213333084e-06,G:G:29,1.0,G,0.000,negative,0.6666666666666666,0.6674082313681868,1.020,-
RNA-dependent_RNA_polymerase_NS5,517,5.229154009800396e-08,"Y:4202,?:51,H:1",2.353119304410178e-07,"Y:Y:25,H:Y:1",1.0,Y,0.000,negative,0.6666666666666666,0.6674082313681868,1.229,-
RNA-dependent_RNA_polymerase_NS5,518,2.226002970839858e-08,"I:4203,?:51",1.1580362276045504e-07,I:I:31,1.0,I,0.000,negative,0.6666666666666666,0.6674082313681868,1.001,-
RNA-dependent_RNA_polymerase_NS5,519,3.400624713711942e-06,"L:4198,?:53,I:2,V:1",8.896983262618454e-06,"L:L:36,I:L:2,L:V:1",1.0,L,0.000,negative,0.6666666666666666,0.6674082313681868,0.915,-
RNA-dependent_RNA_polymerase_NS5,520,0.006855471486796882,"R:4193,?:51,K:9,E:1",0.008751665727825807,"R:R:7,K:R:4,E:R:1",1.0,R,0.065,negative,0.6666666666666666,0.6674082313681868,0.605,-
RNA-dependent_RNA_polymerase_NS5,53,7.53030970912505e-12,"H:4230,?:24",1.5228485139573422e-10,H:H:33,1.0,H,0.000,negative,0.6666666666666666,0.6674082313681868,1.513,-
RNA-dependent_RNA_polymerase_NS5,521,0.0008670056824623407,"D:3190,?:56,E:1007,N:1",0.0012699117951499612,"D:D:27,D:E:15,E:E:3,D:N:1",0.118945285394739,D,0.461,negative,0.6666666666666666,0.6674082313681868,1.637,-
RNA-dependent_RNA_polymerase_NS5,522,0.0005632251429712465,"V:4196,?:51,M:6,I:1",0.0008490831301074068,"V:V:13,M:V:3,I:V:1",1.0,V,0.051,negative,0.6666666666666666,0.6674082313681868,0.641,-
RNA-dependent_RNA_polymerase_NS5,523,0.02286399329398014,"S:3303,?:56,N:5,G:887,A:1,E:1,D:1",0.027620931496083394,"S:S:19,N:S:3,G:S:15,G:G:7,A:G:1,E:G:1,D:S:1",1.0,S,0.520,negative,0.5896655160295822,0.6674082313681868,1.193,-
RNA-dependent_RNA_polymerase_NS5,524,0.005652978498961958,"K:4176,?:54,E:1,R:12,M:10,N:1",0.007299398348731365,"K:K:18,E:K:1,K:R:7,K:M:1,K:N:1",1.0,K,0.220,negative,0.6666666666666666,0.6674082313681868,0.969,-
RNA-dependent_RNA_polymerase_NS5,525,7.928735615836402e-07,"K:4193,?:54,R:6,S:1",2.4777298799488756e-06,"K:K:17,K:R:6,K:S:1",1.0,K,0.000,negative,0.6666666666666666,0.6674082313681868,1.291,-
RNA-dependent_RNA_polymerase_NS5,526,1.002780773695644e-05,"E:4184,D:3,V:1,?:58,R:1,G:1,K:5,Q:1",2.3200583453112587e-05,"E:E:24,D:E:2,E:V:1,E:R:1,E:G:1,E:K:2,E:Q:1",1.0,E,0.217,negative,0.6666666666666666,0.6674082313681868,1.824,-
RNA-dependent_RNA_polymerase_NS5,527,0.009814693041631406,"G:4192,?:56,E:6",0.012234381907850785,"G:G:8,E:G:3,E:E:1",1.0,G,0.068,negative,0.6666666666666666,0.6674082313681868,0.557,-
RNA-dependent_RNA_polymerase_NS5,528,3.400098306438615e-05,"G:4198,?:53,R:1,D:1,L:1",6.845835516319359e-05,"G:G:12,G:R:1,D:G:1,G:L:1",1.0,G,0.000,negative,0.6666666666666666,0.6674082313681868,0.842,-
RNA-dependent_RNA_polymerase_NS5,529,9.902028063057955e-07,"A:4160,T:8,?:53,V:31,L:1,P:1",3.041578585922239e-06,"A:T:6,A:A:27,A:V:6,A:L:1,A:P:1",1.0,A,0.231,negative,0.6666666666666666,0.6674082313681868,1.656,-
RNA-dependent_RNA_polymerase_NS5,530,0.003564005975171147,"M:4187,?:52,I:11,V:2,T:1,R:1",0.004766129833066912,"I:M:4,M:V:2,M:T:1,M:R:1",1.0,M,0.035,negative,0.6666666666666666,0.6674082313681868,48.315,-
RNA-dependent_RNA_polymerase_NS5,54,1.693024030857693e-06,"A:4230,?:24",4.8219038853541885e-06,A:A:23,1.0,A,0.000,negative,0.6666666666666666,0.6674082313681868,0.685,-
RNA-dependent_RNA_polymerase_NS5,531,1.208089184245864e-11,"Y:4181,?:54,F:18,K:1",2.174560531642555e-10,"Y:Y:46,F:Y:1,K:Y:1",1.0,Y,0.060,negative,0.6666666666666666,0.6674082313681868,2.250,-
RNA-dependent_RNA_polymerase_NS5,532,1.570152896590571e-10,"A:4201,?:53",1.7233385450384314e-09,A:A:33,1.0,A,0.000,negative,0.6666666666666666,0.6674082313681868,1.316,-
RNA-dependent_RNA_polymerase_NS5,533,3.088582856136668e-07,"D:4196,?:56,E:1,S:1",1.1208566816625005e-06,"D:D:27,D:E:1,D:S:1",1.0,D,0.000,negative,0.6666666666666666,0.6674082313681868,1.071,-
RNA-dependent_RNA_polymerase_NS5,534,2.844540603064161e-09,"D:4199,?:54,N:1",1.969297340582881e-08,"D:D:33,D:N:1",1.0,D,0.000,negative,0.6666666666666666,0.6674082313681868,1.512,-
RNA-dependent_RNA_polymerase_NS5,535,8.503006077020814e-10,"T:4196,?:58",7.152061186279189e-09,T:T:25,1.0,T,0.000,negative,0.6666666666666666,0.6674082313681868,1.300,-
RNA-dependent_RNA_polymerase_NS5,536,0.0004414259945599852,"A:4200,?:54",0.0006802797861369635,A:A:7,1.0,A,0.000,negative,0.6666666666666666,0.6674082313681868,0.457,-
RNA-dependent_RNA_polymerase_NS5,537,0.0006391556864642212,"G:4195,?:55,P:2,A:2",0.0009508101120955356,"G:G:15,A:G:2,A:P:2",1.0,G,0.136,negative,0.6666666666666666,0.6674082313681868,1.034,-
RNA-dependent_RNA_polymerase_NS5,538,1.0,"W:4198,?:54,R:2",1.0,R:W:2,1.0,W,0.000,neutral,0.6666666666666666,0.6674082313681868,0.030,-
RNA-dependent_RNA_polymerase_NS5,539,1.047418871891193e-05,"D:4195,?:56,G:3",2.4109385798007e-05,"D:D:23,D:G:1",1.0,D,0.065,negative,0.6666666666666666,0.6674082313681868,1.146,-
RNA-dependent_RNA_polymerase_NS5,540,6.667076932309612e-05,"T:4197,?:57",0.0001227069374044714,T:T:9,1.0,T,0.000,negative,0.6666666666666666,0.6674082313681868,0.587,-
RNA-dependent_RNA_polymerase_NS5,55,0.0006957312199942223,"V:4231,?:23",0.0010264886852373771,V:V:9,1.0,V,0.000,negative,0.6666666666666666,0.6674082313681868,0.413,-
RNA-dependent_RNA_polymerase_NS5,541,0.002330885597104815,"R:4196,?:57,G:1",0.003231339707853831,"R:R:6,G:R:1",1.0,R,0.000,negative,0.6666666666666666,0.6674082313681868,0.455,-
RNA-dependent_RNA_polymerase_NS5,542,1.922692803746351e-05,"I:4179,V:16,?:59",4.0908357526518104e-05,"I:V:1,V:V:1,I:I:19",1.0,I,0.049,negative,0.6666666666666666,0.6674082313681868,0.852,-
RNA-dependent_RNA_polymerase_NS5,543,5.008652936844271e-09,"T:4197,?:57",3.197012512879322e-08,T:T:20,1.0,T,0.000,negative,0.6666666666666666,0.6674082313681868,1.248,-
RNA-dependent_RNA_polymerase_NS5,544,5.918058414566829e-05,"L:4162,?:56,I:36",0.00011142787809853863,"L:L:39,?:L:1,I:L:2",1.0,L,0.069,negative,0.6666666666666666,0.6674082313681868,0.917,-
RNA-dependent_RNA_polymerase_NS5,545,1.286753277818242e-06,"E:4196,?:57,G:1",3.7969768853653043e-06,"E:E:18,E:G:1",1.0,E,0.000,negative,0.6666666666666666,0.6674082313681868,1.207,-
RNA-dependent_RNA_polymerase_NS5,546,6.746059886264533e-07,"D:4194,?:57,A:1,E:1,Y:1",2.152997836041872e-06,"D:D:22,A:D:1,D:E:1,D:Y:1",1.0,D,0.000,negative,0.6666666666666666,0.6674082313681868,1.078,-
RNA-dependent_RNA_polymerase_NS5,547,9.2148511043888e-15,"L:4197,?:57",4.364929470499958e-13,L:L:93,1.0,L,0.000,negative,0.6666666666666666,0.6674082313681868,2.604,-
RNA-dependent_RNA_polymerase_NS5,548,3.624885599495808e-05,"K:4197,?:42,R:3,E:9,N:2,Q:1",7.249771198991616e-05,"K:K:18,K:R:3,E:K:8,K:N:1,K:Q:1",1.0,K,0.144,negative,0.6666666666666666,0.6674082313681868,1.512,-
RNA-dependent_RNA_polymerase_NS5,549,0.349778312818975,"N:4207,?:41,K:3,P:1,T:2",0.3857849038444577,"N:N:7,K:N:2,N:P:1,N:T:1",1.0,N,0.125,neutral,0.6459562868925209,0.6674082313681868,0.253,-
RNA-dependent_RNA_polymerase_NS5,550,0.00162560260119704,"E:4214,?:38,K:2",0.002304003686735962,"E:E:10,E:K:1",1.0,E,0.072,negative,0.6666666666666666,0.6674082313681868,0.836,-
RNA-dependent_RNA_polymerase_NS5,56,1.379984251315136e-06,"S:4226,?:24,V:3,P:1",4.01937160577224e-06,"S:S:23,S:V:1,P:S:1",0.895062926795438,S,0.085,negative,0.03097141734407138,0.6674082313681868,1.101,-
RNA-dependent_RNA_polymerase_NS5,551,0.001237030830168018,"E:4204,?:42,K:1,R:3,G:2,Q:2",0.0017615945366316712,"E:E:15,E:K:1,E:R:2,E:G:2,E:Q:1",1.0,E,0.216,negative,0.009903255594983063,0.49606070259733404,1.244,-
RNA-dependent_RNA_polymerase_NS5,552,0.7840533459315848,"M:4185,?:39,I:4,L:14,K:10,T:2",0.8461007330196959,"I:M:4,L:M:2,K:M:7,M:T:1",1.0,M,0.142,neutral,0.5663355440774658,0.6674082313681868,0.000,-
RNA-dependent_RNA_polymerase_NS5,553,0.000109500372796556,"V:3977,?:41,I:233,C:1,G:1,M:1",0.00019210591718694036,"V:V:26,I:V:12,?:I:1,C:I:1,G:V:1,M:V:1",0.9420217815279341,V,0.356,negative,0.6666666666666666,0.6674082313681868,1.558,-
RNA-dependent_RNA_polymerase_NS5,554,0.0002428613457127193,"T:4213,?:32,I:7,A:1,K:1",0.00039241510079254463,"T:T:10,I:T:5,A:T:1,K:T:1",1.0,T,0.046,negative,0.6666666666666666,0.6674082313681868,0.709,-
RNA-dependent_RNA_polymerase_NS5,555,0.05973463474608143,"N:4186,?:32,D:13,K:7,E:1,S:15",0.06901305683115955,"N:N:14,D:N:3,K:N:5,E:N:1,N:S:3",1.0,N,0.257,neutral,0.4835593381289319,0.6674082313681868,0.694,-
RNA-dependent_RNA_polymerase_NS5,556,7.803677997797465e-06,"H:4159,?:34,Y:60,Q:1",1.8433885034167238e-05,"H:H:28,H:Y:13,H:Q:1",1.0,H,0.221,negative,0.6666666666666666,0.6674082313681868,1.379,-
RNA-dependent_RNA_polymerase_NS5,557,1.0,"M:4219,?:34,L:1",1.0,L:M:1,1.0,M,0.000,neutral,0.6666666666666666,0.6674082313681868,0.000,-
RNA-dependent_RNA_polymerase_NS5,558,0.186270428845962,"E:3032,?:40,K:1137,R:3,G:3,A:36,V:3",0.2082526533681563,"E:K:15,E:E:2,K:R:2,E:G:3,A:E:2,E:V:1",1.0,E,0.579,neutral,0.1863152896454131,0.6674082313681868,0.247,-
RNA-dependent_RNA_polymerase_NS5,559,0.05334159735422206,"G:4207,?:34,R:13",0.06202511320258379,"G:G:6,G:R:2",1.0,G,0.068,neutral,0.6666666666666666,0.6674082313681868,0.390,-
RNA-dependent_RNA_polymerase_NS5,560,0.07594216720588765,"E:4207,?:36,K:1,R:5,V:4,A:1",0.08695668000674157,"E:K:1,E:E:8,E:R:1,E:V:2,A:E:1",1.0,E,0.216,neutral,0.01805212570191694,0.6498765252690099,0.669,-
RNA-dependent_RNA_polymerase_NS5,57,0.02625803558265249,"R:4227,?:23,C:3,G:1",0.03150964269918299,"R:R:11,C:R:1,G:R:1",1.0,R,0.110,negative,0.6666666666666666,0.6674082313681868,0.666,-
RNA-dependent_RNA_polymerase_NS5,561,2.620126338115369e-14,"H:4213,?:39,P:2",1.0252668279581878e-12,"H:H:38,?:H:1,H:P:2",1.0,H,0.000,negative,0.6666666666666666,0.6674082313681868,1.924,-
RNA-dependent_RNA_polymerase_NS5,562,0.1627606622603481,"K:4160,?:15,R:78,T:1",0.1831057450428916,"K:K:10,K:R:8,K:T:1",1.0,K,0.221,neutral,0.6666666666666666,0.6674082313681868,0.524,-
RNA-dependent_RNA_polymerase_NS5,563,0.04528298545952658,"K:4215,?:14,R:24,N:1",0.052859516100614685,"K:K:9,K:R:6,K:N:1",1.0,K,0.217,neutral,0.6666666666666666,0.6674082313681868,0.748,-
RNA-dependent_RNA_polymerase_NS5,564,3.136446657947545e-11,"L:4229,?:23,P:1,R:1",4.704669986921317e-10,"L:L:53,L:P:1,L:R:1",1.0,L,0.000,negative,0.6666666666666666,0.6674082313681868,1.406,-
RNA-dependent_RNA_polymerase_NS5,565,1.10838370703803e-08,"A:4233,?:18,G:1,Y:1,T:1",6.353791951173421e-08,"A:A:28,A:G:1,A:Y:1,A:T:1",1.0,A,0.000,negative,0.6666666666666666,0.6674082313681868,1.013,-
RNA-dependent_RNA_polymerase_NS5,566,0.03020628086015698,"E:4211,?:16,K:22,G:4,R:1",0.035912355051705785,"E:E:11,E:K:4,E:G:2,E:R:1",1.0,E,0.219,negative,0.643225259893948,0.6674082313681868,0.760,-
RNA-dependent_RNA_polymerase_NS5,567,4.691148580704407e-10,"A:4237,?:15,G:2",4.589167089819529e-09,"A:A:33,A:G:2",1.0,A,0.000,negative,0.6666666666666666,0.6674082313681868,1.225,-
RNA-dependent_RNA_polymerase_NS5,568,4.760968697059553e-07,"I:4234,?:13,V:6,H:1",1.629228831693383e-06,"I:I:25,I:V:3,H:I:1",1.0,I,0.046,negative,0.6666666666666666,0.6674082313681868,1.067,-
RNA-dependent_RNA_polymerase_NS5,569,6.075784320103139e-11,"F:4242,?:12",7.924936069699746e-10,F:F:27,1.0,F,0.000,negative,0.6666666666666666,0.6674082313681868,1.327,-
RNA-dependent_RNA_polymerase_NS5,570,0.1326865843437077,"R:1040,K:3199,?:15",0.1498342859590175,"K:R:15,K:K:13,R:R:1",1.0,K,0.642,neutral,0.6666666666666666,0.6674082313681868,1.202,-
RNA-dependent_RNA_polymerase_NS5,58,1.07920788240401e-05,"G:4227,?:24,R:3",2.460269995805791e-05,"G:G:27,G:R:1",1.0,G,0.065,negative,0.6666666666666666,0.6674082313681868,1.087,-
RNA-dependent_RNA_polymerase_NS5,571,9.537149892047125e-08,"L:4239,?:14,W:1",3.973812455019636e-07,"L:L:44,L:W:1",1.0,L,0.000,negative,0.6666666666666666,0.6674082313681868,1.233,-
RNA-dependent_RNA_polymerase_NS5,572,6.844687951979012e-07,"T:4239,?:14,R:1",2.169091252387715e-06,"T:T:16,R:T:1",1.0,T,0.000,negative,0.6666666666666666,0.6674082313681868,0.821,-
RNA-dependent_RNA_polymerase_NS5,573,3.444669753882579e-06,"Y:4239,?:12,N:1,F:2",8.960123637266824e-06,"Y:Y:19,N:Y:1,F:Y:2",1.0,Y,0.000,negative,0.6666666666666666,0.6674082313681868,0.877,-
RNA-dependent_RNA_polymerase_NS5,574,0.1306523315032065,"Q:4245,?:9",0.14772248536794702,Q:Q:2,1.0,Q,0.000,neutral,0.6666666666666666,0.6674082313681868,0.165,-
RNA-dependent_RNA_polymerase_NS5,575,2.062556458959364e-09,"N:4231,?:22,I:1",1.497016784728571e-08,"N:N:32,I:N:1",1.0,N,0.000,negative,0.6666666666666666,0.6674082313681868,1.564,-
RNA-dependent_RNA_polymerase_NS5,576,6.660974901129268e-05,"K:4243,?:10,R:1",0.0001227069374044714,"K:K:14,K:R:1",1.0,K,0.000,negative,0.6666666666666666,0.6674082313681868,0.790,-
RNA-dependent_RNA_polymerase_NS5,577,1.164018645827269e-05,"V:4242,?:11,G:1",2.612510676420304e-05,"V:V:15,G:V:1",1.0,V,0.000,negative,0.6666666666666666,0.6674082313681868,0.691,-
RNA-dependent_RNA_polymerase_NS5,578,3.08001550974879e-06,"V:4242,?:12",8.152982231687972e-06,V:V:17,1.0,V,0.000,negative,0.6666666666666666,0.6674082313681868,0.784,-
RNA-dependent_RNA_polymerase_NS5,579,0.00783732864006459,"R:4238,?:11,C:1,G:1,H:1,L:2",0.00994865412702134,"R:R:11,C:R:1,G:R:1,H:R:1,L:R:1",1.0,R,0.044,negative,0.6666666666666666,0.6674082313681868,0.353,-
RNA-dependent_RNA_polymerase_NS5,580,0.0002508833430160395,"V:4230,?:21,Q:1,L:2",0.00040465055325167656,"V:V:15,Q:V:1,L:V:1",1.0,V,0.051,negative,0.6666666666666666,0.6674082313681868,0.701,-
RNA-dependent_RNA_polymerase_NS5,59,1.26609525086252e-08,"S:4228,?:24,L:1,T:1",7.039400975708233e-08,"S:S:18,L:S:1,S:T:1",1.0,S,0.000,negative,0.6666666666666666,0.6674082313681868,1.137,-
RNA-dependent_RNA_polymerase_NS5,581,2.207655620645177e-06,"Q:4223,?:30,V:1",6.039179509363706e-06,"Q:Q:19,Q:V:1",1.0,Q,0.000,negative,0.6666666666666666,0.6674082313681868,1.632,-
RNA-dependent_RNA_polymerase_NS5,582,0.001131418470591505,"R:4224,?:29,G:1",0.0016188817544234568,"R:R:6,G:R:1",1.0,R,0.000,negative,0.6666666666666666,0.6674082313681868,0.521,-
RNA-dependent_RNA_polymerase_NS5,583,3.961264649632312e-11,"P:4220,?:33,Q:1",5.750222878498517e-10,"P:P:22,P:Q:1",1.0,P,0.000,negative,0.6666666666666666,0.6674082313681868,1.298,-
RNA-dependent_RNA_polymerase_NS5,584,9.539161590443879e-05,"T:4216,A:2,?:30,P:1,S:5",0.0001696688820434682,"A:T:2,T:T:12,P:T:1,S:T:2",1.0,T,0.046,negative,0.6666666666666666,0.6674082313681868,0.785,-
RNA-dependent_RNA_polymerase_NS5,585,0.9338334794860953,"P:4033,?:31,S:188,Q:1,L:1",0.9969752450029487,"P:S:7,P:Q:1,P:P:1,L:P:1",1.0,P,0.138,neutral,0.6290942479187157,0.6674082313681868,0.130,-
RNA-dependent_RNA_polymerase_NS5,586,0.04590415547607507,"?:60,R:4182,K:6,G:4,I:1,Q:1",0.053515207161227415,"K:R:5,R:R:5,G:R:4,I:R:1,Q:R:1",1.0,R,0.065,neutral,0.6666666666666666,0.6674082313681868,0.410,-
RNA-dependent_RNA_polymerase_NS5,587,4.173498323156721e-06,"?:62,G:4192",1.0701277751683901e-05,G:G:22,1.0,G,0.000,negative,0.6666666666666666,0.6674082313681868,0.880,-
RNA-dependent_RNA_polymerase_NS5,588,1.540500494723318e-06,"?:67,T:4182,I:4,P:1",4.415447277869383e-06,"I:T:4,T:T:13,P:T:1",1.0,T,0.000,negative,0.6666666666666666,0.6674082313681868,0.857,-
RNA-dependent_RNA_polymerase_NS5,589,9.843126314024175e-12,"?:62,V:4188,I:1,G:2,L:1",1.807921159718726e-10,"V:V:32,I:V:1,G:V:1,G:G:1,L:V:1",1.0,V,0.051,negative,0.6666666666666666,0.6674082313681868,2.188,-
RNA-dependent_RNA_polymerase_NS5,590,1.0,"?:53,M:4196,L:5",1.0,"?:M:2,L:M:5",1.0,M,0.000,neutral,0.6666666666666666,0.6674082313681868,0.063,-
RNA-dependent_RNA_polymerase_NS5,60,6.358658044547383e-11,"A:4230,?:24",8.060270760693866e-10,A:A:26,1.0,A,0.000,negative,0.6666666666666666,0.6674082313681868,1.534,-
RNA-dependent_RNA_polymerase_NS5,591,3.000710790956873e-12,"?:56,D:4195,A:1,E:1,Q:1",6.586926126490698e-11,"D:D:46,A:D:1,D:E:1,D:Q:1",1.0,D,0.000,negative,0.6666666666666666,0.6674082313681868,2.077,-
RNA-dependent_RNA_polymerase_NS5,592,2.711164626134632e-13,"?:76,I:4174,M:2,V:2",8.413959184555754e-12,"I:I:46,I:M:2,I:V:2",1.0,I,0.000,negative,0.6666666666666666,0.6674082313681868,1.803,-
RNA-dependent_RNA_polymerase_NS5,593,0.0003682301037036817,"?:74,I:4177,R:2,L:1",0.0005783718906340551,"I:I:3,I:R:2,I:L:1",1.0,I,0.000,negative,0.6666666666666666,0.6674082313681868,0.899,-
RNA-dependent_RNA_polymerase_NS5,594,4.925582164361231e-11,"?:74,S:4177,L:1,K:1,P:1",6.716702951401678e-10,"S:S:29,L:S:1,K:S:1,P:S:1",1.0,S,0.000,negative,0.6666666666666666,0.6674082313681868,1.363,-
RNA-dependent_RNA_polymerase_NS5,595,0.0001950575745032213,"?:74,R:4179,N:1",0.0003227055460531235,"R:R:9,N:R:1",1.0,R,0.000,negative,0.6666666666666666,0.6674082313681868,0.680,-
RNA-dependent_RNA_polymerase_NS5,596,0.3026992668551317,"?:74,R:3536,K:643,S:1",0.3355041135093824,"K:R:25,K:K:4,R:R:7,R:S:1",1.0,R,0.582,neutral,0.6666666666666666,0.6674082313681868,0.921,-
RNA-dependent_RNA_polymerase_NS5,597,4.609652158871214e-07,"?:76,D:4174,V:1,N:1,R:1,E:1",1.592634861396072e-06,"D:D:22,D:V:1,D:N:1,D:R:1,D:E:1",1.0,D,0.000,negative,0.6666666666666666,0.6674082313681868,1.125,-
RNA-dependent_RNA_polymerase_NS5,598,0.0006829603170449561,"?:76,Q:4176,P:1,R:1",0.0010093009611501814,"Q:Q:10,P:Q:1,Q:R:1",1.0,Q,0.000,negative,0.6666666666666666,0.6674082313681868,0.841,-
RNA-dependent_RNA_polymerase_NS5,599,0.002436479530344426,"?:75,R:4176,S:1,G:1,K:1",0.003332570786185385,"R:R:5,R:S:1,G:R:1,K:R:1",1.0,R,0.000,negative,0.6666666666666666,0.6674082313681868,0.447,-
RNA-dependent_RNA_polymerase_NS5,600,1.020128781448193e-08,"?:76,G:4175,S:1,E:1,R:1",5.929786981952498e-08,"G:G:38,G:S:1,E:G:1,G:R:1",1.0,G,0.000,negative,0.6666666666666666,0.6674082313681868,1.317,-
RNA-dependent_RNA_polymerase_NS5,7,1.363387454045295e-07,"E:4204,?:49,R:1",5.50246057686442e-07,"E:E:24,E:R:1",1.0,E,0.000,negative,0.6666666666666666,0.6674082313681868,1.383,-
RNA-dependent_RNA_polymerase_NS5,61,1.53893831011942e-07,"K:4232,?:21,E:1",6.101517529107833e-07,"K:K:18,E:K:1",1.0,K,0.000,negative,0.6666666666666666,0.6674082313681868,1.479,-
RNA-dependent_RNA_polymerase_NS5,601,6.14832644796337e-07,"?:75,S:4178,V:1",1.9833311122462485e-06,"S:S:23,S:V:1",1.0,S,0.000,negative,0.6666666666666666,0.6674082313681868,0.903,-
RNA-dependent_RNA_polymerase_NS5,602,2.872863187231012e-06,"?:74,G:4177,V:2,S:1",7.627070408577909e-06,"G:G:23,G:V:1,G:S:1",1.0,G,0.066,negative,0.6666666666666666,0.6674082313681868,1.310,-
RNA-dependent_RNA_polymerase_NS5,603,1.467583380820869e-06,"?:74,Q:4179,G:1",4.233413598521737e-06,"Q:Q:20,G:Q:1",1.0,Q,0.000,negative,0.6666666666666666,0.6674082313681868,1.704,-
RNA-dependent_RNA_polymerase_NS5,604,1.275567681480183e-07,"?:75,V:4178,Q:1",5.218231424237113e-07,"V:V:28,Q:V:1",1.0,V,0.000,negative,0.6666666666666666,0.6674082313681868,0.927,-
RNA-dependent_RNA_polymerase_NS5,605,4.691491650721247e-08,"?:77,V:1264,G:2911,A:1,I:1",2.1542563702291438e-07,"V:V:7,G:V:10,G:G:41,A:G:1,I:V:1",1.0,G,0.183,negative,0.6666666666666666,0.6674082313681868,1.847,-
RNA-dependent_RNA_polymerase_NS5,606,4.262233177509955e-08,"?:78,T:4175,S:1",1.9875698755227767e-07,"T:T:24,S:T:1",1.0,T,0.000,negative,0.6666666666666666,0.6674082313681868,0.964,-
RNA-dependent_RNA_polymerase_NS5,607,4.041413726119103e-06,"?:79,Y:4175",1.0392206724306266e-05,Y:Y:21,1.0,Y,0.000,negative,0.6666666666666666,0.6674082313681868,0.837,-
RNA-dependent_RNA_polymerase_NS5,608,0.0006819257649119947,"?:81,G:4153,S:4,D:1,A:13,V:2",0.0010093009611501814,"G:G:23,G:S:4,D:G:1,A:G:2,G:V:1",1.0,G,0.168,negative,0.6666666666666666,0.6674082313681868,1.037,-
RNA-dependent_RNA_polymerase_NS5,609,8.189338096542542e-12,"?:79,L:4175",1.602261801497454e-10,L:L:34,1.0,L,0.000,negative,0.6666666666666666,0.6674082313681868,1.270,-
RNA-dependent_RNA_polymerase_NS5,610,1.887379141862766e-15,"?:81,N:4170,A:1,G:2",1.213315162626064e-13,"N:N:75,A:N:1,G:N:1",1.0,N,0.127,negative,0.1160146089129249,0.6674082313681868,3.297,-
RNA-dependent_RNA_polymerase_NS5,62,0.0001281963495990412,"L:4231,?:23",0.00021851650499836567,L:L:31,1.0,L,0.000,negative,0.6666666666666666,0.6674082313681868,0.588,-
RNA-dependent_RNA_polymerase_NS5,611,3.623571442901152e-10,"?:79,T:4174,P:1",3.6642857287764454e-09,"T:T:37,P:T:1",1.0,T,0.000,negative,0.6666666666666666,0.6674082313681868,1.191,-
RNA-dependent_RNA_polymerase_NS5,612,4.482580973075301e-11,"?:78,F:4176",6.303629493387142e-10,F:F:27,1.0,F,0.000,negative,0.6666666666666666,0.6674082313681868,1.355,-
RNA-dependent_RNA_polymerase_NS5,613,9.178025173195437e-08,"?:79,T:4174,S:1",3.8518299619639483e-07,"T:T:23,S:T:1",1.0,T,0.000,negative,0.6666666666666666,0.6674082313681868,0.914,-
RNA-dependent_RNA_polymerase_NS5,614,1.443289932012704e-15,"?:81,N:4173",9.992007221626414e-14,N:N:63,1.0,N,0.000,negative,0.6666666666666666,0.6674082313681868,2.659,-
RNA-dependent_RNA_polymerase_NS5,615,1.0,"?:79,M:4167,I:7,T:1",1.0,"I:M:7,M:T:1",1.0,M,0.000,neutral,0.6666666666666666,0.6674082313681868,0.000,-
RNA-dependent_RNA_polymerase_NS5,616,0.882198588976356,"?:83,E:3576,G:592,A:1,V:2",0.947468651645251,"E:G:13,E:E:4,A:E:1,E:V:1,G:V:1",1.0,E,0.359,neutral,0.6045406094481295,0.6674082313681868,0.325,-
RNA-dependent_RNA_polymerase_NS5,617,1.839357333111025e-09,"?:79,A:4173,D:1,V:1",1.4012216597109753e-08,"A:A:29,A:D:1,A:V:1",1.0,A,0.000,negative,0.6666666666666666,0.6674082313681868,1.165,-
RNA-dependent_RNA_polymerase_NS5,618,0.0006704818430631754,"?:80,Q:4174",0.0009957651134601614,Q:Q:10,1.0,Q,0.000,negative,0.6666666666666666,0.6674082313681868,0.846,-
RNA-dependent_RNA_polymerase_NS5,619,1.021666296008306e-08,"?:87,L:4166,F:1",5.929786981952498e-08,"L:L:55,F:L:1",1.0,L,0.000,negative,0.6666666666666666,0.6674082313681868,1.391,-
RNA-dependent_RNA_polymerase_NS5,620,2.845994706568433e-08,"?:83,I:4169,V:2",1.4309470591684857e-07,"I:I:27,I:V:2",1.0,I,0.000,negative,0.6666666666666666,0.6674082313681868,1.042,-
RNA-dependent_RNA_polymerase_NS5,63,4.03446793034723e-05,"R:4227,?:26,K:1",7.962765652001111e-05,"R:R:11,K:R:1",1.0,R,0.000,negative,0.6666666666666666,0.6674082313681868,0.821,-
RNA-dependent_RNA_polymerase_NS5,621,0.0004643903793065673,"?:82,R:4171,K:1",0.0007095948070898312,"R:R:8,K:R:1",1.0,R,0.000,negative,0.6666666666666666,0.6674082313681868,0.597,-
RNA-dependent_RNA_polymerase_NS5,622,0.003196793794915109,"?:78,Q:4176",0.004300619455042747,Q:Q:11,1.0,Q,0.000,negative,0.6666666666666666,0.6674082313681868,0.590,-
RNA-dependent_RNA_polymerase_NS5,623,1.0,"?:75,M:4178,I:1",1.0,I:M:1,1.0,M,0.000,neutral,0.6666666666666666,0.6674082313681868,0.040,-
RNA-dependent_RNA_polymerase_NS5,624,2.220446049250313e-16,"?:76,E:4178",2.4980018054066022e-14,E:E:58,1.0,E,0.000,negative,0.6666666666666666,0.6674082313681868,3.414,-
RNA-dependent_RNA_polymerase_NS5,625,0.000122616360064387,"?:78,G:4173,A:2,E:1",0.00021140751735239139,"G:G:10,A:G:2,E:G:1",1.0,G,0.000,negative,0.6666666666666666,0.6674082313681868,0.716,-
RNA-dependent_RNA_polymerase_NS5,626,0.002416691121758352,"?:76,E:4177,K:1",0.003310535783230619,"E:E:6,E:K:1",1.0,E,0.000,negative,0.6666666666666666,0.6674082313681868,0.500,-
RNA-dependent_RNA_polymerase_NS5,627,0.5729247359629122,"?:76,G:4161,R:5,E:12",0.6265276577966232,"G:G:3,G:R:5,E:G:5",1.0,G,0.113,neutral,0.6666666666666666,0.6674082313681868,0.197,-
RNA-dependent_RNA_polymerase_NS5,628,0.0001178935895003175,"?:82,V:2857,I:1304,L:7,F:1,K:3",0.00020562835377962356,"I:V:30,V:V:40,L:V:3,I:I:7,F:I:1,K:V:1",0.1126167471945489,V,0.600,negative,0.01148677658005637,0.5441104695816176,1.927,-
RNA-dependent_RNA_polymerase_NS5,629,5.931921620572211e-13,"?:81,F:4169,I:1,D:2,Y:1",1.6683529557859345e-11,"F:F:43,F:I:1,F:Y:1,D:Y:1",1.0,F,0.080,negative,0.09453059061956381,0.6674082313681868,1.996,-
RNA-dependent_RNA_polymerase_NS5,630,0.02526034313727143,"?:77,K:4159,E:9,R:7,I:1,N:1",0.030352882274424953,"E:K:6,K:R:7,K:K:10,I:K:1,K:N:1",1.0,K,0.217,negative,0.6435171858864889,0.6674082313681868,0.838,-
RNA-dependent_RNA_polymerase_NS5,64,0.9999999327433606,"W:4232,?:22",1.0,NA,1.0,W,0.000,neutral,0.6666666666666666,0.6674082313681868,0.153,-
RNA-dependent_RNA_polymerase_NS5,631,0.2663265119267434,"?:82,S:2931,N:1099,T:4,H:2,G:134,E:1,C:1",0.2962841294611484,"S:S:14,N:S:22,N:N:7,N:T:2,H:N:1,G:S:7,E:S:1,S:T:2,C:S:1",1.0,S,0.708,neutral,0.6666666666666666,0.6674082313681868,1.055,-
RNA-dependent_RNA_polymerase_NS5,632,4.35075353522052e-09,"?:82,I:4171,H:1",2.8581592567142106e-08,"I:I:29,H:I:1",1.0,I,0.000,negative,0.6666666666666666,0.6674082313681868,1.155,-
RNA-dependent_RNA_polymerase_NS5,633,0.007657648626055891,"?:78,Q:4172,H:2,R:1,K:1",0.009734299100918506,"H:Q:2,Q:Q:9,Q:R:1,K:Q:1",1.0,Q,0.000,negative,0.6666666666666666,0.6674082313681868,0.482,-
RNA-dependent_RNA_polymerase_NS5,634,0.005743542300428173,"?:79,H:3828,Q:251,R:89,N:1,Y:5,L:1",0.007395118841753012,"H:Q:11,H:R:8,H:N:1,H:H:18,H:Y:3,Q:Q:2,H:L:1",1.0,H,0.323,negative,0.2955492841733318,0.6674082313681868,1.008,-
RNA-dependent_RNA_polymerase_NS5,635,0.0005140705391488698,"?:79,L:4168,M:5,Q:1,T:1",0.0007788947562861663,"L:L:37,L:M:2,L:Q:1,L:T:1",1.0,L,0.071,negative,0.6666666666666666,0.6674082313681868,0.737,-
RNA-dependent_RNA_polymerase_NS5,636,5.682910031445942e-09,"?:80,T:4156,P:1,A:15,I:1,G:1",3.6018443861277094e-08,"T:T:26,P:T:1,A:T:5,I:T:1,G:T:1",1.0,T,0.092,negative,0.6666666666666666,0.6674082313681868,1.700,-
RNA-dependent_RNA_polymerase_NS5,637,0.6012816600747685,"?:85,A:2043,V:1774,I:17,F:1,S:1,T:326,D:6,G:1",0.6551495085560431,"A:A:12,A:V:46,I:V:5,F:V:1,V:V:22,S:V:1,A:I:2,A:T:7,T:V:1,I:T:2,T:T:1,A:D:2,D:V:1,G:V:1",1.0,A,1.583,neutral,0.3612814517628286,0.6674082313681868,1.389,-
RNA-dependent_RNA_polymerase_NS5,638,0.3169969279974842,"?:81,T:3997,I:30,S:38,A:13,K:95",0.3509191084842998,"T:T:4,I:T:13,S:T:3,A:T:2,K:T:1",1.0,T,0.467,neutral,0.2860864051018255,0.6674082313681868,0.263,-
RNA-dependent_RNA_polymerase_NS5,639,0.03161617177961995,"?:79,E:4175",0.037289574018546046,E:E:3,1.0,E,0.000,negative,0.6666666666666666,0.6674082313681868,0.251,-
RNA-dependent_RNA_polymerase_NS5,640,0.006587329465220226,"?:80,E:4172,K:2",0.008433280965431299,"E:E:8,E:K:1",1.0,E,0.072,negative,0.6666666666666666,0.6674082313681868,0.679,-
RNA-dependent_RNA_polymerase_NS5,65,5.359045484376601e-06,"F:4233,?:21",1.3323593745687683e-05,F:F:13,1.0,F,0.000,negative,0.6666666666666666,0.6674082313681868,0.641,-
RNA-dependent_RNA_polymerase_NS5,641,0.5907343783624629,"?:84,I:2778,V:945,D:1,A:308,T:124,N:8,F:1,M:3,L:2",0.6444375036681413,"I:I:28,I:V:12,V:V:7,D:V:1,A:V:6,A:T:1,A:A:3,I:T:26,I:N:7,F:I:1,I:M:1,L:V:1,A:I:1",1.0,I,1.363,neutral,0.1721244184538871,0.6674082313681868,1.561,-
RNA-dependent_RNA_polymerase_NS5,642,2.841998540625834e-05,"?:83,A:4103,S:6,V:7,D:4,T:51",5.8264206983217556e-05,"A:A:27,A:S:3,A:V:1,A:D:1,A:T:2",1.0,A,0.185,negative,0.6666666666666666,0.6674082313681868,1.168,-
RNA-dependent_RNA_polymerase_NS5,643,1.361979689029624e-07,"?:82,V:4157,A:13,I:1,L:1",5.50246057686442e-07,"V:V:29,A:V:7,I:V:1,L:V:1",1.0,V,0.103,negative,0.6666666666666666,0.6674082313681868,1.485,-
RNA-dependent_RNA_polymerase_NS5,644,0.9857483395178405,"?:83,K:1284,Q:2414,H:347,R:113,E:13",1.0,"K:Q:10,H:Q:7,Q:Q:14,Q:R:4,H:H:3,E:Q:1,K:R:3,K:K:2,E:K:8",1.0,Q,1.359,neutral,0.6255647479785056,0.6674082313681868,1.350,-
RNA-dependent_RNA_polymerase_NS5,645,0.5702070562679548,"?:85,N:3567,H:3,D:591,K:1,S:1,T:6",0.624314295183892,"N:N:13,H:N:1,D:N:16,K:N:1,N:S:1,D:D:1,N:T:3",1.0,N,0.585,neutral,0.6666666666666666,0.6674082313681868,0.743,-
RNA-dependent_RNA_polymerase_NS5,646,1.0,"?:80,W:4173,C:1",1.0,C:W:1,1.0,W,0.000,neutral,0.6666666666666666,0.6674082313681868,0.094,-
RNA-dependent_RNA_polymerase_NS5,647,8.328893130737924e-13,"?:84,L:4169,V:1",2.2715163083830703e-11,"L:L:74,L:V:1",1.0,L,0.000,negative,0.6666666666666666,0.6674082313681868,2.264,-
RNA-dependent_RNA_polymerase_NS5,648,0.6187493060029907,"?:80,V:760,A:3235,T:12,G:3,I:93,M:2,E:65,L:4",0.6725535934815116,"A:V:35,A:A:9,A:T:7,A:G:1,V:V:5,I:V:2,I:T:1,I:M:1,E:V:1,G:V:1,L:V:1",1.0,A,1.185,neutral,0.4505930069687815,0.6674082313681868,1.008,-
RNA-dependent_RNA_polymerase_NS5,649,0.8883226635686128,"?:78,R:4129,K:40,S:1,T:5,G:1",0.9529086975110269,"K:R:14,R:R:4,R:S:1,R:T:1,G:R:1",1.0,R,0.333,neutral,0.607951671883427,0.6674082313681868,0.304,-
RNA-dependent_RNA_polymerase_NS5,650,3.424324426237746e-07,"?:78,V:4169,E:1,G:1,L:1,A:2,T:1,M:1",1.2161350041179803e-06,"V:V:19,E:V:1,G:V:1,L:V:1,A:V:2,T:V:1,M:V:1",1.0,V,0.000,negative,0.6666666666666666,0.6674082313681868,0.949,-
RNA-dependent_RNA_polymerase_NS5,66,7.954158709466697e-08,"V:4231,?:21,I:2",3.425235807904319e-07,"V:V:34,I:V:1",1.0,V,0.051,negative,0.6666666666666666,0.6674082313681868,1.231,-
RNA-dependent_RNA_polymerase_NS5,651,3.144201258242774e-07,"?:80,G:4173,W:1",1.13567693329486e-06,"G:G:24,G:W:1",1.0,G,0.000,negative,0.6666666666666666,0.6674082313681868,1.125,-
RNA-dependent_RNA_polymerase_NS5,652,5.000908145369465e-06,"?:80,R:4172,C:2",1.2572115449252845e-05,"R:R:19,C:R:2",1.0,R,0.000,negative,0.6666666666666666,0.6674082313681868,0.613,-
RNA-dependent_RNA_polymerase_NS5,653,0.004393600076978421,"?:80,E:4171,D:3",0.005789516938917392,"E:E:10,D:E:2",1.0,E,0.073,negative,0.6666666666666666,0.6674082313681868,0.694,-
RNA-dependent_RNA_polymerase_NS5,654,0.0006022479718681417,"?:80,R:4173,K:1",0.000901868843063773,"R:R:10,K:R:1",1.0,R,0.000,negative,0.6666666666666666,0.6674082313681868,0.497,-
RNA-dependent_RNA_polymerase_NS5,655,8.477874624546189e-09,"?:81,L:4171,V:1,F:1",5.0867247747277133e-08,"L:L:51,L:V:1,F:L:1",1.0,L,0.000,negative,0.6666666666666666,0.6674082313681868,1.427,-
RNA-dependent_RNA_polymerase_NS5,656,6.89820780355177e-05,"?:80,S:4162,P:1,T:10,V:1",0.00012618672811375188,"S:S:12,P:S:1,S:T:2,S:V:1",1.0,S,0.043,negative,0.6666666666666666,0.6674082313681868,0.776,-
RNA-dependent_RNA_polymerase_NS5,657,0.005404614301219635,"?:80,R:4174",0.0070291226460949,R:R:5,1.0,R,0.000,negative,0.6666666666666666,0.6674082313681868,0.379,-
RNA-dependent_RNA_polymerase_NS5,658,0.9999999468289579,"?:79,M:4175",1.0,NA,1.0,M,0.000,neutral,0.6666666666666666,0.6674082313681868,0.153,-
RNA-dependent_RNA_polymerase_NS5,659,4.114757514717127e-07,"?:86,A:4161,P:2,V:4,D:1",1.4353805283896957e-06,"A:A:26,A:P:2,A:V:2,A:D:1",1.0,A,0.046,negative,0.6666666666666666,0.6674082313681868,1.054,-
RNA-dependent_RNA_polymerase_NS5,660,4.636337040953009e-07,"?:82,I:4165,V:7",1.592634861396072e-06,"I:I:26,I:V:5",1.0,I,0.050,negative,0.6666666666666666,0.6674082313681868,1.122,-
RNA-dependent_RNA_polymerase_NS5,67,0.000166081697963838,"E:4232,?:22",0.00027938977227561537,E:E:13,1.0,E,0.000,negative,0.6666666666666666,0.6674082313681868,0.692,-
RNA-dependent_RNA_polymerase_NS5,661,2.410603347247076e-05,"?:87,S:4167",5.013694516528151e-05,S:S:17,1.0,S,0.000,negative,0.6666666666666666,0.6674082313681868,0.649,-
RNA-dependent_RNA_polymerase_NS5,662,6.010782941046067e-05,"?:82,G:4172",0.00011293746653322463,G:G:12,1.0,G,0.000,negative,0.6666666666666666,0.6674082313681868,0.783,-
RNA-dependent_RNA_polymerase_NS5,663,0.01153067675814157,"?:61,D:4193",0.014274565450244036,D:D:7,1.0,D,0.000,negative,0.6666666666666666,0.6674082313681868,0.254,-
RNA-dependent_RNA_polymerase_NS5,664,2.777984992041738e-07,"?:64,D:4190",1.0246665954252313e-06,D:D:28,1.0,D,0.000,negative,0.6666666666666666,0.6674082313681868,1.066,-
RNA-dependent_RNA_polymerase_NS5,665,1.816335757132137e-06,"?:66,C:4186,G:2",5.087866725443896e-06,"C:C:21,C:G:2",1.0,C,0.000,negative,0.6666666666666666,0.6674082313681868,0.773,-
RNA-dependent_RNA_polymerase_NS5,666,1.200808170775947e-05,"?:69,V:4182,A:2,I:1",2.6817055923036036e-05,"V:V:21,A:V:2,I:V:1",1.0,V,0.000,negative,0.6666666666666666,0.6674082313681868,0.626,-
RNA-dependent_RNA_polymerase_NS5,667,0.0005232701705014664,"?:80,V:4169,I:5",0.0007915010982375122,"V:V:16,I:V:3",1.0,V,0.102,negative,0.6666666666666666,0.6674082313681868,0.806,-
RNA-dependent_RNA_polymerase_NS5,668,0.0002106698485323522,"?:79,K:4174,L:1",0.00034473247941657636,"K:L:1,K:K:8",1.0,K,0.000,negative,0.6666666666666666,0.6674082313681868,0.752,-
RNA-dependent_RNA_polymerase_NS5,669,3.321787289678468e-13,"?:84,P:4169,L:1",9.965361869035403e-12,"P:P:37,L:P:1",1.0,P,0.000,negative,0.6666666666666666,0.6674082313681868,1.324,-
RNA-dependent_RNA_polymerase_NS5,670,5.78144711536055e-05,"?:83,L:3253,N:1,I:912,T:2,F:3",0.00010951639805296452,"L:L:32,L:N:1,I:L:2,I:T:2,F:L:2,L:T:1",1.0,L,0.197,negative,0.02811529956845726,0.6674082313681868,1.314,-
RNA-dependent_RNA_polymerase_NS5,68,0.03165470505574353,"R:4232,?:21,E:1",0.037289574018546046,"R:R:3,E:R:1",1.0,R,0.000,negative,0.6666666666666666,0.6674082313681868,0.225,-
RNA-dependent_RNA_polymerase_NS5,671,0.002507051014693396,"?:79,D:4174,Q:1",0.003418705929127358,"D:D:10,D:Q:1",1.0,D,0.000,negative,0.6666666666666666,0.6674082313681868,0.363,-
RNA-dependent_RNA_polymerase_NS5,672,1.188288449749386e-06,"?:80,D:4169,A:2,H:1,N:2",3.5767879758342723e-06,"D:D:21,A:D:2,D:H:1,D:N:2",1.0,D,0.000,negative,0.6666666666666666,0.6674082313681868,1.033,-
RNA-dependent_RNA_polymerase_NS5,673,9.896907093298601e-06,"?:79,R:4175",2.2956743257651394e-05,R:R:15,1.0,R,0.000,negative,0.6666666666666666,0.6674082313681868,0.865,-
RNA-dependent_RNA_polymerase_NS5,674,1.012815831202829e-09,"?:79,F:4174,Y:1",8.362699523693084e-09,"F:F:27,F:Y:1",1.0,F,0.000,negative,0.6666666666666666,0.6674082313681868,1.077,-
RNA-dependent_RNA_polymerase_NS5,675,4.165385292242973e-08,"?:78,A:4175,P:1",1.9607773581870047e-07,"A:P:1,A:A:17",1.0,A,0.000,negative,0.6666666666666666,0.6674082313681868,1.120,-
RNA-dependent_RNA_polymerase_NS5,676,0.03233692937670651,"?:82,N:1768,S:2323,T:2,H:3,G:35,R:36,I:1,K:3,D:1",0.03804344632553707,"N:S:16,N:T:1,N:N:12,H:N:1,?:N:1,G:S:3,S:S:18,R:S:3,I:S:1,K:R:1,S:T:1,D:N:1",1.0,S,0.706,negative,0.6666666666666666,0.6674082313681868,1.422,-
RNA-dependent_RNA_polymerase_NS5,677,5.723093554621528e-09,"?:67,A:4184,S:1,D:1,T:1",3.6019469924191435e-08,"A:A:32,A:S:1,A:D:1,A:T:1",1.0,A,0.000,negative,0.6666666666666666,0.6674082313681868,1.019,-
RNA-dependent_RNA_polymerase_NS5,678,7.429296666749963e-08,"?:69,L:4185",3.2301289855434623e-07,L:L:45,1.0,L,0.000,negative,0.6666666666666666,0.6674082313681868,1.238,-
RNA-dependent_RNA_polymerase_NS5,679,0.0005758421449260087,"?:62,T:4182,A:1,I:5,M:3,L:1",0.0008666520575809495,"A:T:1,T:T:11,I:T:4,I:M:1,L:T:1",1.0,T,0.092,negative,0.6666666666666666,0.6674082313681868,0.785,-
RNA-dependent_RNA_polymerase_NS5,680,5.919607626303502e-06,"?:60,A:4193,P:1",1.4399045577495004e-05,"A:A:21,A:P:1",1.0,A,0.000,negative,0.6666666666666666,0.6674082313681868,0.618,-
RNA-dependent_RNA_polymerase_NS5,69,3.053194363999978e-10,"N:4198,?:40,S:15,K:1",3.1584769282758394e-09,"N:N:44,N:S:2,K:N:1",1.0,N,0.064,negative,0.6666666666666666,0.6674082313681868,2.030,-
RNA-dependent_RNA_polymerase_NS5,681,8.950203631896692e-06,"?:59,L:4195",2.1086867195568123e-05,L:L:35,1.0,L,0.000,negative,0.6666666666666666,0.6674082313681868,0.813,-
RNA-dependent_RNA_polymerase_NS5,682,0.01125394193486451,"?:57,N:4197",0.01397041067776284,N:N:7,1.0,N,0.000,negative,0.6666666666666666,0.6674082313681868,0.254,-
RNA-dependent_RNA_polymerase_NS5,683,5.878960922522936e-07,"?:57,D:4196,A:1",1.92402357464387e-06,"D:D:22,A:D:1",1.0,D,0.000,negative,0.6666666666666666,0.6674082313681868,1.096,-
RNA-dependent_RNA_polymerase_NS5,684,1.0,"?:56,M:4195,V:1,R:2",1.0,"M:V:1,M:R:2",1.0,M,0.000,neutral,0.6666666666666666,0.6674082313681868,0.000,-
RNA-dependent_RNA_polymerase_NS5,685,0.00012022952311741,"?:56,G:4197,R:1",0.0002092970421773095,"G:G:11,G:R:1",1.0,G,0.000,negative,0.6666666666666666,0.6674082313681868,0.719,-
RNA-dependent_RNA_polymerase_NS5,686,9.897505356404324e-07,"?:59,K:4195",3.041578585922239e-06,K:K:20,1.0,K,0.000,negative,0.6666666666666666,0.6674082313681868,1.211,-
RNA-dependent_RNA_polymerase_NS5,687,0.00432401591219933,"?:59,V:3041,I:1152,T:1,E:1",0.005706179356274775,"V:V:30,I:V:22,I:I:8,I:T:1,E:V:1",1.0,V,0.511,negative,0.6666666666666666,0.6674082313681868,1.300,-
RNA-dependent_RNA_polymerase_NS5,688,2.566973594797517e-07,"?:60,R:4194",9.659758984370546e-07,R:R:21,1.0,R,0.000,negative,0.6666666666666666,0.6674082313681868,1.164,-
RNA-dependent_RNA_polymerase_NS5,689,4.467702667354523e-05,"?:59,K:4195",8.684519223799288e-05,K:K:11,1.0,K,0.000,negative,0.6666666666666666,0.6674082313681868,0.908,-
RNA-dependent_RNA_polymerase_NS5,690,1.078332867443521e-09,"?:64,D:4188,G:1,V:1",8.785887332978012e-09,"D:G:1,D:D:35,D:V:1",1.0,D,0.000,negative,0.6666666666666666,0.6674082313681868,1.592,-
RNA-dependent_RNA_polymerase_NS5,70,2.643039996419461e-05,"L:1892,M:2337,?:25",5.443331800406213e-05,"L:L:18,L:M:2",1.0,M,0.086,negative,0.6666666666666666,0.6674082313681868,0.970,-
RNA-dependent_RNA_polymerase_NS5,691,0.0008104806972329959,"?:59,I:4187,T:4,V:3,L:1",0.0011918833782838174,"I:I:5,I:T:3,I:V:2,I:L:1",1.0,I,0.083,negative,0.6666666666666666,0.6674082313681868,1.170,-
RNA-dependent_RNA_polymerase_NS5,692,8.863967032590736e-07,"?:59,Q:4192,H:2,P:1",2.7414331028631144e-06,"H:Q:2,Q:Q:21,P:Q:1",1.0,Q,0.000,negative,0.6666666666666666,0.6674082313681868,1.768,-
RNA-dependent_RNA_polymerase_NS5,693,0.00258724186335757,"?:60,Q:4194",0.0035120930271822217,Q:Q:8,1.0,Q,0.000,negative,0.6666666666666666,0.6674082313681868,0.658,-
RNA-dependent_RNA_polymerase_NS5,694,0.9999999327433606,"?:59,W:4195",1.0,NA,1.0,W,0.000,neutral,0.6666666666666666,0.6674082313681868,0.153,-
RNA-dependent_RNA_polymerase_NS5,695,0.00108385069565653,"?:61,E:4189,D:3,Q:1",0.0015593648910348537,"D:E:3,E:E:6,E:Q:1",1.0,E,0.000,negative,0.6666666666666666,0.6674082313681868,0.579,-
RNA-dependent_RNA_polymerase_NS5,696,1.91402449445377e-13,"?:61,P:4192,S:1",6.380081648179233e-12,"P:P:43,P:S:1",1.0,P,0.000,negative,0.6666666666666666,0.6674082313681868,1.311,-
RNA-dependent_RNA_polymerase_NS5,697,0.0003484917679552613,"?:60,S:4194",0.0005512172076621005,S:S:7,1.0,S,0.000,negative,0.6666666666666666,0.6674082313681868,0.452,-
RNA-dependent_RNA_polymerase_NS5,698,0.5907096666326279,"?:65,R:3163,K:1026",0.6444375036681413,"K:R:18,K:K:3,R:R:5",1.0,R,0.467,neutral,0.6666666666666666,0.6674082313681868,0.618,-
RNA-dependent_RNA_polymerase_NS5,699,0.002170233730458881,"?:60,G:4193,E:1",0.003037652188822695,"G:G:7,E:G:1",1.0,G,0.000,negative,0.6666666666666666,0.6674082313681868,0.456,-
RNA-dependent_RNA_polymerase_NS5,700,0.9999999327433606,"?:60,W:4194",1.0,NA,1.0,W,0.000,neutral,0.6666666666666666,0.6674082313681868,0.153,-
RNA-dependent_RNA_polymerase_NS5,8,2.779901497884651e-08,"T:4201,?:51,E:1,K:1",1.4055681730877448e-07,"T:T:21,E:T:1,K:T:1",1.0,T,0.000,negative,0.6666666666666666,0.6674082313681868,1.051,-
RNA-dependent_RNA_polymerase_NS5,71,3.1770779262974e-07,"V:4223,?:22,I:7,E:1,L:1",1.1391912883138085e-06,"V:V:33,I:V:3,E:V:1,L:V:1",1.0,V,0.102,negative,0.6666666666666666,0.6674082313681868,1.338,-
RNA-dependent_RNA_polymerase_NS5,701,4.902515371441041e-08,"?:63,N:4173,I:1,S:11,D:4,T:1,K:1",2.2172180071843902e-07,"N:N:37,I:N:1,N:S:8,D:N:2,N:T:1,K:N:1",1.0,N,0.129,negative,0.6666666666666666,0.6674082313681868,1.858,-
RNA-dependent_RNA_polymerase_NS5,702,1.267092175627482e-08,"?:66,D:4188",7.039400975708233e-08,D:D:34,1.0,D,0.000,negative,0.6666666666666666,0.6674082313681868,1.316,-
RNA-dependent_RNA_polymerase_NS5,703,0.9999999327433606,"?:63,W:4191",1.0,NA,1.0,W,0.000,neutral,0.6666666666666666,0.6674082313681868,0.153,-
RNA-dependent_RNA_polymerase_NS5,704,2.536026313892936e-05,"?:64,T:4189,Q:1",5.2469509942612464e-05,"T:T:10,Q:T:1",1.0,T,0.000,negative,0.6666666666666666,0.6674082313681868,0.656,-
RNA-dependent_RNA_polymerase_NS5,705,5.792200608134568e-05,"?:65,Q:4188,P:1",0.00010951639805296452,"Q:Q:15,P:Q:1",1.0,Q,0.000,negative,0.6666666666666666,0.6674082313681868,1.163,-
RNA-dependent_RNA_polymerase_NS5,706,7.433396932432501e-07,"?:64,V:4190",2.33442356560292e-06,V:V:19,1.0,V,0.000,negative,0.6666666666666666,0.6674082313681868,0.887,-
RNA-dependent_RNA_polymerase_NS5,707,0.0,"?:69,P:4185",0.0,P:P:59,1.0,P,0.000,negative,0.6666666666666666,0.6674082313681868,2.092,-
RNA-dependent_RNA_polymerase_NS5,708,2.315925229368077e-13,"?:80,F:4173,L:1",7.444045380111676e-12,"F:L:1,F:F:35",1.0,F,0.000,negative,0.6666666666666666,0.6674082313681868,1.640,-
RNA-dependent_RNA_polymerase_NS5,709,1.69496966351268e-07,"?:73,C:4181",6.603777909789663e-07,C:C:25,1.0,C,0.000,negative,0.6666666666666666,0.6674082313681868,0.931,-
RNA-dependent_RNA_polymerase_NS5,710,0.0008679147862091785,"?:75,S:4179",0.0012699117951499612,S:S:6,1.0,S,0.000,negative,0.6666666666666666,0.6674082313681868,0.395,-
RNA-dependent_RNA_polymerase_NS5,72,0.0004392047655922271,"T:4214,?:24,I:9,K:2,A:3,S:2",0.0006780176484271087,"T:T:7,I:T:9,K:T:2,A:T:3,S:T:2",1.0,T,0.000,negative,0.6666666666666666,0.6674082313681868,0.457,-
RNA-dependent_RNA_polymerase_NS5,711,9.854837608958e-06,"?:76,H:4178",2.2918226997576745e-05,H:H:13,1.0,H,0.000,negative,0.6666666666666666,0.6674082313681868,0.646,-
RNA-dependent_RNA_polymerase_NS5,712,1.656804915484145e-09,"?:79,H:4175",1.2854520895997678e-08,H:H:29,1.0,H,0.000,negative,0.6666666666666666,0.6674082313681868,1.099,-
RNA-dependent_RNA_polymerase_NS5,713,9.447997939560082e-14,"?:79,F:4174,S:1",3.4012792582416296e-12,"F:F:36,F:S:1",1.0,F,0.000,negative,0.6666666666666666,0.6674082313681868,1.693,-
RNA-dependent_RNA_polymerase_NS5,714,0.000121677620109728,"?:82,H:4172",0.0002105958809591446,H:H:12,1.0,H,0.000,negative,0.6666666666666666,0.6674082313681868,0.442,-
RNA-dependent_RNA_polymerase_NS5,715,0.0002173337273949638,"?:90,E:4161,D:2,G:1",0.0003537076937711888,"E:E:18,D:E:1,E:G:1",1.0,E,0.073,negative,0.6666666666666666,0.6674082313681868,0.973,-
RNA-dependent_RNA_polymerase_NS5,716,7.98566781291532e-05,"?:107,L:4139,I:2,V:6",0.00014431929782377084,"L:L:34,I:L:2,L:V:2",1.0,L,0.073,negative,0.6666666666666666,0.6674082313681868,0.961,-
RNA-dependent_RNA_polymerase_NS5,717,2.982567011955428e-05,"?:105,I:3042,V:1106,L:1",6.1007052517270115e-05,"I:I:22,I:V:7,V:V:4,I:L:1",1.0,I,0.150,negative,0.6666666666666666,0.6674082313681868,1.108,-
RNA-dependent_RNA_polymerase_NS5,718,0.9999999468289579,"?:102,M:4152",1.0,NA,1.0,M,0.000,neutral,0.6666666666666666,0.6674082313681868,0.153,-
RNA-dependent_RNA_polymerase_NS5,719,2.870388143838554e-07,"?:105,K:4098,I:49,N:1,R:1",1.0544282977366117e-06,"K:K:25,I:K:1,K:N:1,?:K:1,K:R:1",1.0,K,0.073,negative,0.6666666666666666,0.6674082313681868,1.728,-
RNA-dependent_RNA_polymerase_NS5,720,2.505406675457067e-06,"?:102,D:4152",6.771369393127208e-06,D:D:22,1.0,D,0.000,negative,0.6666666666666666,0.6674082313681868,0.925,-
RNA-dependent_RNA_polymerase_NS5,73,2.516416775510955e-06,"P:4225,?:29",6.780763766346885e-06,P:P:11,1.0,P,0.000,negative,0.6666666666666666,0.6674082313681868,0.662,-
RNA-dependent_RNA_polymerase_NS5,721,2.634924267663763e-08,"?:102,G:4152",1.3397920005069981e-07,G:G:40,1.0,G,0.000,negative,0.6666666666666666,0.6674082313681868,1.227,-
RNA-dependent_RNA_polymerase_NS5,722,4.099154349290757e-11,"?:102,R:4151,C:1",5.855934784701081e-10,"R:R:38,C:R:1",1.0,R,0.000,negative,0.6666666666666666,0.6674082313681868,1.301,-
RNA-dependent_RNA_polymerase_NS5,723,0.0004686323394421654,"?:97,V:4060,E:9,I:26,A:11,M:15,T:35,K:1",0.0007136533087951758,"E:V:3,I:V:6,V:V:30,A:V:7,M:V:10,T:V:1,I:T:1,K:V:1",1.0,V,0.569,negative,0.5406823425295785,0.6674082313681868,1.801,-
RNA-dependent_RNA_polymerase_NS5,724,3.634870182622763e-13,"?:97,L:4156,F:1",1.0552848917291892e-11,"L:L:40,F:L:1",1.0,L,0.000,negative,0.6666666666666666,0.6674082313681868,1.419,-
RNA-dependent_RNA_polymerase_NS5,725,9.825307234478942e-11,"?:96,V:4156,A:2",1.1336892962860317e-09,"V:V:31,A:V:2",1.0,V,0.000,negative,0.6666666666666666,0.6674082313681868,1.534,-
RNA-dependent_RNA_polymerase_NS5,726,1.096812534351344e-05,"?:87,V:4160,A:7",2.4874193684899156e-05,"V:V:27,A:V:2",1.0,V,0.051,negative,0.6666666666666666,0.6674082313681868,0.865,-
RNA-dependent_RNA_polymerase_NS5,727,0.00359026198111756,"?:85,P:4168,A:1",0.004787015974823413,"P:P:4,A:P:1",1.0,P,0.000,negative,0.6666666666666666,0.6674082313681868,0.261,-
RNA-dependent_RNA_polymerase_NS5,728,1.720845688168993e-14,"?:81,C:4171,S:1,F:1",7.743805596760469e-13,"C:C:49,C:S:1,C:F:1",1.0,C,0.000,negative,0.6666666666666666,0.6674082313681868,2.089,-
RNA-dependent_RNA_polymerase_NS5,729,0.002349550892352004,"?:78,R:4176",0.003248227040117978,R:R:6,1.0,R,0.000,negative,0.6666666666666666,0.6674082313681868,0.453,-
RNA-dependent_RNA_polymerase_NS5,730,9.443584264900995e-05,"?:74,N:4171,S:8,T:1",0.0001683015017507108,"N:N:19,N:S:5,N:T:1",1.0,N,0.065,negative,0.6666666666666666,0.6674082313681868,0.938,-
RNA-dependent_RNA_polymerase_NS5,74,5.995743306286272e-07,"E:4231,?:22,N:1",1.948075442475684e-06,"E:E:16,?:E:1,E:N:1",1.0,E,0.000,negative,0.6666666666666666,0.6674082313681868,1.335,-
RNA-dependent_RNA_polymerase_NS5,731,3.441380870528032e-05,"?:73,Q:4180,K:1",6.913488355971493e-05,"Q:Q:14,K:Q:1",1.0,Q,0.000,negative,0.6666666666666666,0.6674082313681868,1.251,-
RNA-dependent_RNA_polymerase_NS5,732,0.03067875687323307,"?:73,D:4178,G:1,N:1,M:1",0.03633010682356548,"D:D:5,D:G:1,D:N:1,D:M:1",1.0,D,0.000,negative,0.6666666666666666,0.6674082313681868,0.187,-
RNA-dependent_RNA_polymerase_NS5,733,0.0002051447779382043,"?:72,E:4179,D:1,K:2",0.0003363029146527939,"D:E:1,E:E:9,E:K:2",1.0,E,0.000,negative,0.6666666666666666,0.6674082313681868,0.749,-
RNA-dependent_RNA_polymerase_NS5,734,2.67699177336489e-06,"?:73,L:4181",7.149236189995255e-06,L:L:45,1.0,L,0.000,negative,0.6666666666666666,0.6674082313681868,0.889,-
RNA-dependent_RNA_polymerase_NS5,735,7.709522247933975e-06,"?:71,I:4182,V:1",1.8259394797738364e-05,"I:I:20,I:V:1",1.0,I,0.000,negative,0.6666666666666666,0.6674082313681868,0.637,-
RNA-dependent_RNA_polymerase_NS5,736,2.050385445095948e-06,"?:74,G:4175,A:5",5.677990463342625e-06,"G:G:34,A:G:3",1.0,G,0.064,negative,0.6666666666666666,0.6674082313681868,1.191,-
RNA-dependent_RNA_polymerase_NS5,737,0.001193563855872326,"?:74,R:4176,E:3,K:1",0.0017023890178844588,"R:R:12,E:R:1,K:R:1",1.0,R,0.128,negative,0.0005196571776718839,0.06681306570067079,0.928,-
RNA-dependent_RNA_polymerase_NS5,738,5.337346131306653e-05,"?:74,A:4177,L:3",0.0001022238603378122,"A:A:22,A:L:1",1.0,A,0.092,negative,0.0049796395906202,0.34474427935062923,0.863,-
RNA-dependent_RNA_polymerase_NS5,739,0.0002860606149501788,"?:74,R:4180",0.0004589207726473457,R:R:16,1.0,R,0.000,negative,0.6666666666666666,0.6674082313681868,0.892,-
RNA-dependent_RNA_polymerase_NS5,740,5.859436158495157e-09,"?:74,I:4178,T:1,V:1",3.662147599059473e-08,"I:I:32,I:T:1,I:V:1",1.0,I,0.000,negative,0.6666666666666666,0.6674082313681868,1.103,-
RNA-dependent_RNA_polymerase_NS5,75,5.591924207815069e-05,"G:4232,?:21,P:1",0.00010640024919732689,"G:G:14,G:P:1",1.0,G,0.000,negative,0.6666666666666666,0.6674082313681868,0.695,-
RNA-dependent_RNA_polymerase_NS5,741,4.625388183576717e-09,"?:76,S:4177,F:1",2.9948556584309674e-08,"S:S:25,F:S:1",1.0,S,0.000,negative,0.6666666666666666,0.6674082313681868,1.000,-
RNA-dependent_RNA_polymerase_NS5,742,2.03255072939168e-06,"?:73,Q:4180,L:1",5.645974248310222e-06,"Q:Q:25,L:Q:1",1.0,Q,0.000,negative,0.6666666666666666,0.6674082313681868,1.562,-
RNA-dependent_RNA_polymerase_NS5,743,0.009479116854539171,"?:72,G:4179,R:2,E:1",0.011915091018275495,"G:G:5,G:R:2,E:G:1",1.0,G,0.000,negative,0.6666666666666666,0.6674082313681868,0.328,-
RNA-dependent_RNA_polymerase_NS5,744,2.522537734250818e-12,"?:69,A:4182,P:1,S:1,T:1",5.821240925194196e-11,"A:A:36,A:P:1,?:A:1,A:S:1,A:T:1",1.0,A,0.000,negative,0.6666666666666666,0.6674082313681868,1.619,-
RNA-dependent_RNA_polymerase_NS5,745,9.805289304276599e-06,"?:68,G:4186",2.286207350738067e-05,G:G:18,1.0,G,0.000,negative,0.6666666666666666,0.6674082313681868,0.841,-
RNA-dependent_RNA_polymerase_NS5,746,0.9999999327433606,"?:67,W:4187",1.0,NA,1.0,W,0.000,neutral,0.6666666666666666,0.6674082313681868,0.153,-
RNA-dependent_RNA_polymerase_NS5,747,0.0008731066881951799,"?:68,S:4182,L:3,A:1",0.0012735753960707648,"S:S:18,L:S:1,A:S:1",1.0,S,0.080,negative,0.01622638792293585,0.6349456143757507,0.566,-
RNA-dependent_RNA_polymerase_NS5,748,1.496104358222894e-05,"?:68,L:4180,V:1,F:1,M:3,Q:1",3.2681891320403025e-05,"L:L:40,L:V:1,F:L:1,L:M:1,L:Q:1",1.0,L,0.070,negative,0.6666666666666666,0.6674082313681868,1.069,-
RNA-dependent_RNA_polymerase_NS5,749,5.641173351811357e-05,"?:69,R:2849,Q:155,K:1174,G:5,W:1,L:1",0.00010711088642679793,"Q:R:14,R:R:26,K:R:6,K:Q:1,K:K:7,G:R:4,R:W:1,?:R:1,L:Q:1",1.0,R,0.436,negative,0.02715840523270074,0.6674082313681868,1.756,-
RNA-dependent_RNA_polymerase_NS5,750,0.0002292709126487935,"?:66,E:4184,D:1,R:2,K:1",0.00037112198090632044,"E:E:18,D:E:1,E:R:1,E:K:1",1.0,E,0.146,negative,0.0002932378630235988,0.04398567945353982,1.193,-
RNA-dependent_RNA_polymerase_NS5,76,5.572704487866176e-07,"K:4232,?:19,R:2,H:1",1.8507136675570326e-06,"K:K:18,K:R:2,H:K:1",1.0,K,0.000,negative,0.6666666666666666,0.6674082313681868,1.328,-
RNA-dependent_RNA_polymerase_NS5,751,2.347919714207336e-08,"?:66,T:4186,P:1,R:1",1.2144412314865532e-07,"T:T:21,P:T:1,R:T:1",1.0,T,0.000,negative,0.6666666666666666,0.6674082313681868,1.068,-
RNA-dependent_RNA_polymerase_NS5,752,4.217665328098974e-09,"?:66,A:4188",2.791102055359615e-08,A:A:29,1.0,A,0.000,negative,0.6666666666666666,0.6674082313681868,1.094,-
RNA-dependent_RNA_polymerase_NS5,753,1.161073726052564e-08,"?:66,C:4187,S:1",6.61371109776777e-08,"C:C:30,C:S:1",1.0,C,0.000,negative,0.6666666666666666,0.6674082313681868,1.107,-
RNA-dependent_RNA_polymerase_NS5,754,2.639344323096537e-07,"?:66,L:4185,P:1,F:2",9.856472575879183e-07,"L:L:43,L:P:1,F:L:2",1.0,L,0.000,negative,0.6666666666666666,0.6674082313681868,1.101,-
RNA-dependent_RNA_polymerase_NS5,755,5.406244931682735e-05,"?:65,G:4189",0.0001033040432805618,G:G:15,1.0,G,0.000,negative,0.6666666666666666,0.6674082313681868,0.701,-
RNA-dependent_RNA_polymerase_NS5,756,9.701252561389317e-06,"?:64,K:4189,E:1",2.267825274091009e-05,"K:K:18,E:K:1",1.0,K,0.000,negative,0.6666666666666666,0.6674082313681868,0.965,-
RNA-dependent_RNA_polymerase_NS5,757,2.286117205541061e-07,"?:66,S:4183,F:5",8.644981029356954e-07,"S:S:24,F:S:5",1.0,S,0.000,negative,0.6666666666666666,0.6674082313681868,0.722,-
RNA-dependent_RNA_polymerase_NS5,758,1.029841464328385e-06,"?:63,Y:4191",3.1418892132052425e-06,Y:Y:20,1.0,Y,0.000,negative,0.6666666666666666,0.6674082313681868,0.991,-
RNA-dependent_RNA_polymerase_NS5,759,6.361958763057007e-05,"?:69,A:4185",0.00011879176113591922,A:A:13,1.0,A,0.000,negative,0.6666666666666666,0.6674082313681868,0.511,-
RNA-dependent_RNA_polymerase_NS5,760,6.12065793358374e-05,"?:65,Q:4188,K:1",0.00011452374511903047,"Q:Q:14,K:Q:1",1.0,Q,0.000,negative,0.6666666666666666,0.6674082313681868,1.173,-
RNA-dependent_RNA_polymerase_NS5,77,8.032428422399818e-08,"V:4233,?:19,I:1,G:1",3.442469323885636e-07,"V:V:19,I:V:1,G:V:1",1.0,V,0.000,negative,0.6666666666666666,0.6674082313681868,1.112,-
RNA-dependent_RNA_polymerase_NS5,761,1.0,"?:66,M:4186,V:1,I:1",1.0,"M:V:1,I:M:1",1.0,M,0.000,neutral,0.6666666666666666,0.6674082313681868,0.000,-
RNA-dependent_RNA_polymerase_NS5,762,0.9999999327433606,"?:67,W:4187",1.0,NA,1.0,W,0.000,neutral,0.6666666666666666,0.6674082313681868,0.153,-
RNA-dependent_RNA_polymerase_NS5,763,0.06234381640273712,"?:71,S:3023,N:53,T:1093,I:10,C:3,A:1",0.07182439188558144,"N:S:14,S:S:13,S:T:3,I:S:1,C:S:1,T:T:4,N:T:3,I:T:1,A:T:1",1.0,S,0.377,neutral,0.5933031888209054,0.6674082313681868,0.834,-
RNA-dependent_RNA_polymerase_NS5,764,1.021500328768354e-08,"?:72,L:4181,Q:1",5.929786981952498e-08,"L:L:58,L:Q:1",1.0,L,0.000,negative,0.6666666666666666,0.6674082313681868,1.347,-
RNA-dependent_RNA_polymerase_NS5,765,0.1543618996687282,"?:68,M:4175,I:11",0.17387448022760374,I:M:10,1.0,M,0.035,neutral,0.6616471505731156,0.6674082313681868,161.564,-
RNA-dependent_RNA_polymerase_NS5,766,3.391550729148207e-08,"?:67,Y:4185,N:2",1.6426181436551656e-07,"Y:Y:27,N:Y:2",1.0,Y,0.000,negative,0.6666666666666666,0.6674082313681868,1.244,-
RNA-dependent_RNA_polymerase_NS5,767,1.500737389914519e-08,"?:68,F:4186",8.136528017608838e-08,F:F:20,1.0,F,0.000,negative,0.6666666666666666,0.6674082313681868,0.999,-
RNA-dependent_RNA_polymerase_NS5,768,4.810921539122326e-05,"?:70,H:4180,P:2,R:2",9.311461043462566e-05,"H:H:11,H:P:2,H:R:2",1.0,H,0.000,negative,0.6666666666666666,0.6674082313681868,0.587,-
RNA-dependent_RNA_polymerase_NS5,769,2.575935729165479e-07,"?:66,R:4186,K:1,I:1",9.659758984370546e-07,"R:R:17,K:R:1,I:R:1",1.0,R,0.000,negative,0.6666666666666666,0.6674082313681868,1.283,-
RNA-dependent_RNA_polymerase_NS5,770,4.236410479641073e-06,"?:68,R:4184,H:1,P:1",1.083173133999138e-05,"R:R:23,H:R:1,P:R:1",1.0,R,0.000,negative,0.6666666666666666,0.6674082313681868,0.697,-
RNA-dependent_RNA_polymerase_NS5,78,0.4956228893080932,"V:3841,?:18,M:381,I:13,L:1",0.5433137641623432,"V:V:8,M:V:8,I:M:3,I:V:1,L:V:1",1.0,V,0.301,neutral,0.6636496539861251,0.6674082313681868,0.432,-
RNA-dependent_RNA_polymerase_NS5,771,0.0001267821364688837,"?:68,D:4183,A:1,P:1,G:1",0.00021692760992774777,"D:D:16,A:D:1,D:P:1,D:G:1",1.0,D,0.000,negative,0.6666666666666666,0.6674082313681868,0.832,-
RNA-dependent_RNA_polymerase_NS5,772,4.808047838755769e-07,"?:68,L:4185,F:1",1.6391072177576485e-06,"L:L:23,F:L:1",1.0,L,0.000,negative,0.6666666666666666,0.6674082313681868,0.839,-
RNA-dependent_RNA_polymerase_NS5,773,1.562930540544016e-07,"?:67,R:4186,M:1",6.169462660042168e-07,"R:R:24,M:R:1",1.0,R,0.000,negative,0.6666666666666666,0.6674082313681868,1.377,-
RNA-dependent_RNA_polymerase_NS5,774,0.002245566103966423,"?:67,L:4184,V:1,M:2",0.003133348052046172,"L:L:31,L:V:1,L:M:1",1.0,L,0.071,negative,0.6666666666666666,0.6674082313681868,0.614,-
RNA-dependent_RNA_polymerase_NS5,775,5.949464897403445e-07,"?:68,A:4184,V:1,G:1",1.9400429013272102e-06,"A:A:19,A:V:1,A:G:1",1.0,A,0.000,negative,0.6666666666666666,0.6674082313681868,0.935,-
RNA-dependent_RNA_polymerase_NS5,776,5.189957006379586e-07,"?:66,A:4187,V:1",1.7428960096050849e-06,"A:A:17,A:V:1",1.0,A,0.000,negative,0.6666666666666666,0.6674082313681868,1.122,-
RNA-dependent_RNA_polymerase_NS5,777,1.359834791114789e-05,"?:68,N:4185,Y:1",2.9850032000080734e-05,"N:N:25,N:Y:1",1.0,N,0.000,negative,0.6666666666666666,0.6674082313681868,0.986,-
RNA-dependent_RNA_polymerase_NS5,778,0.0,"?:71,A:4178,T:1,V:2,G:1,S:1",0.0,"A:T:1,A:A:65,A:V:2,A:G:1,A:S:1",1.0,A,0.000,negative,0.6666666666666666,0.6674082313681868,2.472,-
RNA-dependent_RNA_polymerase_NS5,779,6.662903298138012e-05,"?:67,I:4184,P:1,V:2",0.0001227069374044714,"I:I:29,I:P:1,I:V:1",1.0,I,0.106,negative,0.09332336181713907,0.6674082313681868,0.970,-
RNA-dependent_RNA_polymerase_NS5,780,0.0006351248666265352,"?:66,C:4187,G:1",0.0009463781125229829,"C:C:12,C:G:1",1.0,C,0.051,negative,0.6666666666666666,0.6674082313681868,0.643,-
RNA-dependent_RNA_polymerase_NS5,79,1.210947266683249e-06,"D:4235,?:19",3.620772558189117e-06,D:D:22,1.0,D,0.000,negative,0.6666666666666666,0.6674082313681868,1.010,-
RNA-dependent_RNA_polymerase_NS5,781,5.10702591327572e-15,"?:67,S:4187",3.064215547965432e-13,S:S:41,1.0,S,0.000,negative,0.6666666666666666,0.6674082313681868,1.940,-
RNA-dependent_RNA_polymerase_NS5,782,4.863763669593624e-08,"?:68,A:4185,V:1",2.2108016679971018e-07,"A:A:17,A:V:1",1.0,A,0.000,negative,0.6666666666666666,0.6674082313681868,1.104,-
RNA-dependent_RNA_polymerase_NS5,783,5.199773944752906e-11,"?:67,V:4185,A:1,I:1",6.882053750408258e-10,"V:V:35,A:V:1,I:V:1",1.0,V,0.000,negative,0.6666666666666666,0.6674082313681868,1.532,-
RNA-dependent_RNA_polymerase_NS5,784,6.555755938109087e-11,"?:66,P:4183,L:3,S:1,Q:1",8.194694922636359e-10,"P:P:22,L:P:3,P:S:1,P:Q:1",1.0,P,0.000,negative,0.6666666666666666,0.6674082313681868,1.225,-
RNA-dependent_RNA_polymerase_NS5,785,0.05414052094622612,"?:67,S:4147,P:40",0.06287286303432711,"P:S:5,S:S:7",1.0,S,0.130,neutral,0.6381678323178257,0.6674082313681868,0.458,-
RNA-dependent_RNA_polymerase_NS5,786,1.299492502493393e-08,"?:68,H:4177,Q:1,Y:5,N:1,I:2",7.175111976957384e-08,"H:H:37,H:Q:1,H:Y:5,H:N:1,H:I:1",1.0,H,0.131,negative,2.626139815309347e-05,0.01073232083593778,1.526,-
RNA-dependent_RNA_polymerase_NS5,787,0.9999999327433606,"?:113,W:4141",1.0,NA,1.0,W,0.000,neutral,0.6666666666666666,0.6674082313681868,0.153,-
RNA-dependent_RNA_polymerase_NS5,788,0.03076129535515437,"?:115,V:4053,I:86",0.0363799813661484,"V:V:17,I:V:4",1.0,V,0.154,negative,0.6383634490567076,0.6674082313681868,0.510,-
RNA-dependent_RNA_polymerase_NS5,789,0.003574160390703796,"?:113,P:4140,Q:1",0.004772617732393793,"P:P:4,P:Q:1",1.0,P,0.000,negative,0.6666666666666666,0.6674082313681868,0.262,-
RNA-dependent_RNA_polymerase_NS5,790,0.02131266671452758,"?:113,T:4126,A:1,R:1,I:9,M:4",0.025850943454278737,"T:T:7,A:T:1,R:T:1,I:T:2,M:T:1",1.0,T,0.099,negative,0.04553863080404674,0.6674082313681868,0.520,-
RNA-dependent_RNA_polymerase_NS5,80,2.03839167767228e-11,"L:4217,?:37",3.27598662483045e-10,L:L:34,1.0,L,0.000,negative,0.6666666666666666,0.6674082313681868,1.201,-
RNA-dependent_RNA_polymerase_NS5,791,2.024253986654401e-09,"?:116,S:4138",1.4864445446873766e-08,S:S:34,1.0,S,0.000,negative,0.6666666666666666,0.6674082313681868,1.317,-
RNA-dependent_RNA_polymerase_NS5,792,5.283518220178252e-05,"?:114,R:4140",0.00010160611961881254,R:R:19,1.0,R,0.000,negative,0.6666666666666666,0.6674082313681868,1.065,-
RNA-dependent_RNA_polymerase_NS5,793,0.001104314437544662,"?:109,T:4145",0.0015826162321499935,T:T:6,1.0,T,0.000,negative,0.6666666666666666,0.6674082313681868,0.395,-
RNA-dependent_RNA_polymerase_NS5,794,1.220263760370877e-06,"?:111,T:4141,S:2",3.6365476302443356e-06,"T:T:19,S:T:2",1.0,T,0.000,negative,0.6666666666666666,0.6674082313681868,0.754,-
RNA-dependent_RNA_polymerase_NS5,795,1.0,"?:113,W:4140,R:1",1.0,R:W:1,1.0,W,0.000,neutral,0.6666666666666666,0.6674082313681868,0.081,-
RNA-dependent_RNA_polymerase_NS5,796,8.826817055052061e-10,"?:111,S:4141,Y:1,L:1",7.355680879210051e-09,"S:S:27,S:Y:1,L:S:1",1.0,S,0.000,negative,0.6666666666666666,0.6674082313681868,1.098,-
RNA-dependent_RNA_polymerase_NS5,797,0.0008355230408572112,"?:110,I:4140,M:2,D:1,L:1",0.0012267059327430506,"I:M:2,I:I:2,D:I:1,I:L:1",1.0,I,0.000,negative,0.6666666666666666,0.6674082313681868,0.862,-
RNA-dependent_RNA_polymerase_NS5,798,1.110223024625157e-16,"?:113,H:4140,V:1",1.4274296030894877e-14,"H:H:45,H:V:1",1.0,H,0.000,negative,0.6666666666666666,0.6674082313681868,2.290,-
RNA-dependent_RNA_polymerase_NS5,799,3.094724476682131e-11,"?:110,A:4143,V:1",4.704669986921317e-10,"A:A:37,A:V:1",1.0,A,0.000,negative,0.6666666666666666,0.6674082313681868,1.404,-
RNA-dependent_RNA_polymerase_NS5,800,0.03041608260075745,"?:109,T:1240,K:2432,R:425,N:6,H:1,Q:1,S:36,G:4",0.03611408224364341,"R:T:1,K:R:7,K:K:20,K:T:5,K:N:2,H:K:1,K:Q:1,K:S:1,N:S:1,G:R:1,T:T:3,N:T:1",1.0,K,0.765,negative,0.3001097232132119,0.6674082313681868,1.640,-
RNA-dependent_RNA_polymerase_NS5,9,3.481165348662163e-05,"L:4204,?:49,A:1",6.977837001772709e-05,"L:L:15,A:L:1",1.0,L,0.000,negative,0.6666666666666666,0.6674082313681868,0.440,-
RNA-dependent_RNA_polymerase_NS5,81,4.086365806843517e-07,"G:4217,?:36,R:1",1.4310230451981189e-06,"G:G:32,G:R:1",1.0,G,0.000,negative,0.6666666666666666,0.6674082313681868,1.020,-
RNA-dependent_RNA_polymerase_NS5,801,9.341384426653221e-06,"?:107,H:4144,N:2,Q:1",2.1951033900751693e-05,"H:H:16,H:N:2,H:Q:1",1.0,H,0.000,negative,0.6666666666666666,0.6674082313681868,0.588,-
RNA-dependent_RNA_polymerase_NS5,802,0.0001280002075098041,"?:109,E:4142,Q:1,G:2",0.00021851650499836567,"E:E:15,E:Q:1,E:G:1",1.0,E,0.072,negative,0.6666666666666666,0.6674082313681868,1.091,-
RNA-dependent_RNA_polymerase_NS5,803,0.9891821562007869,"?:105,W:4147,M:2",1.0,M:W:1,1.0,W,0.155,neutral,7.980264491369571e-05,0.014364476084465228,0.058,-
RNA-dependent_RNA_polymerase_NS5,804,0.9750794153455371,"?:106,M:4146,V:2",1.0,M:V:1,1.0,M,0.035,neutral,0.6666666666666666,0.6674082313681868,0.000,-
RNA-dependent_RNA_polymerase_NS5,805,2.783068775435993e-09,"?:108,T:4144,A:2",1.9568452327284325e-08,"T:T:21,A:T:2",1.0,T,0.000,negative,0.6666666666666666,0.6674082313681868,1.278,-
RNA-dependent_RNA_polymerase_NS5,806,6.281150544129588e-08,"?:110,T:4141,M:2,A:1",2.798532420651797e-07,"T:T:19,M:T:2,A:T:1",1.0,T,0.000,negative,0.6666666666666666,0.6674082313681868,1.020,-
RNA-dependent_RNA_polymerase_NS5,807,0.9174545182135361,"?:105,E:4120,D:28,V:1",0.9818181526660908,"D:E:1,E:E:1,E:V:1",1.0,E,0.072,neutral,0.6532602967203656,0.6674082313681868,0.083,-
RNA-dependent_RNA_polymerase_NS5,808,5.643368063967813e-07,"?:106,D:4143,E:1,V:1,N:3",1.8672909035187616e-06,"D:D:28,D:E:1,D:V:1,D:N:2",1.0,D,0.065,negative,0.6666666666666666,0.6674082313681868,1.420,-
RNA-dependent_RNA_polymerase_NS5,809,1.0,"?:102,M:4151,I:1",1.0,I:M:1,1.0,M,0.000,neutral,0.6666666666666666,0.6674082313681868,0.058,-
RNA-dependent_RNA_polymerase_NS5,810,8.958915572698789e-05,"?:103,L:4122,M:29",0.0001602986881795012,"L:L:45,L:M:1",1.0,L,0.071,negative,0.6666666666666666,0.6674082313681868,0.885,-
RNA-dependent_RNA_polymerase_NS5,82,7.614242569786711e-12,"C:4234,?:20",1.5228485139573422e-10,C:C:37,1.0,C,0.000,negative,0.6666666666666666,0.6674082313681868,1.694,-
RNA-dependent_RNA_polymerase_NS5,811,0.04205232458449626,"?:105,T:3036,A:1097,I:2,V:12,K:1,E:1",0.04921598455922839,"T:T:7,A:T:11,I:T:2,A:V:1,A:K:1,A:E:1,A:A:1",1.0,T,0.185,negative,0.6666666666666666,0.6674082313681868,0.594,-
RNA-dependent_RNA_polymerase_NS5,812,3.18405248833642e-08,"?:108,V:4145,A:1",1.5659274532802066e-07,"V:V:27,A:V:1",1.0,V,0.000,negative,0.6666666666666666,0.6674082313681868,1.067,-
RNA-dependent_RNA_polymerase_NS5,813,0.9999999327433606,"?:107,W:4147",1.0,NA,1.0,W,0.000,neutral,0.6666666666666666,0.6674082313681868,0.153,-
RNA-dependent_RNA_polymerase_NS5,814,1.095347254564949e-06,"?:110,N:4142,S:1,T:1",3.330447733474507e-06,"N:N:21,N:S:1,N:T:1",1.0,N,0.000,negative,0.6666666666666666,0.6674082313681868,1.040,-
RNA-dependent_RNA_polymerase_NS5,815,0.0001306893292724043,"?:112,R:4133,K:9",0.00022234479460333433,"R:R:21,K:R:3",1.0,R,0.124,negative,0.6666666666666666,0.6674082313681868,1.066,-
RNA-dependent_RNA_polymerase_NS5,816,2.038418724192859e-05,"?:111,V:4141,G:1,L:1",4.3065184313933645e-05,"V:V:14,G:V:1,L:V:1",1.0,V,0.000,negative,0.6666666666666666,0.6674082313681868,0.660,-
RNA-dependent_RNA_polymerase_NS5,817,0.9999999327433606,"?:109,W:4145",1.0,NA,1.0,W,0.000,neutral,0.6666666666666666,0.6674082313681868,0.153,-
RNA-dependent_RNA_polymerase_NS5,818,3.5266342623963e-08,"?:113,I:4138,V:3",1.688282359657803e-07,"I:I:36,I:V:2",1.0,I,0.049,negative,0.6666666666666666,0.6674082313681868,1.242,-
RNA-dependent_RNA_polymerase_NS5,819,0.4851576250021464,"?:120,Q:3225,R:872,L:37",0.532490076221868,"Q:R:11,L:R:2,R:R:1,Q:Q:4,L:Q:1",1.0,Q,0.652,neutral,0.4004726821403946,0.6674082313681868,0.435,-
RNA-dependent_RNA_polymerase_NS5,820,0.007133034358657864,"?:115,E:4132,D:5,G:2",0.009093103290073764,"E:E:12,D:E:3,E:G:1",1.0,E,0.217,negative,0.6666666666666666,0.6674082313681868,1.017,-
RNA-dependent_RNA_polymerase_NS5,83,2.008273581877162e-06,"G:4233,?:19,A:1,D:1",5.595808742072588e-06,"G:G:24,A:G:1,D:G:1",1.0,G,0.000,negative,0.6666666666666666,0.6674082313681868,0.933,-
RNA-dependent_RNA_polymerase_NS5,821,9.55902623722693e-09,"?:118,N:4135,T:1",5.659949745726472e-08,"N:N:29,N:T:1",1.0,N,0.000,negative,0.6666666666666666,0.6674082313681868,1.446,-
RNA-dependent_RNA_polymerase_NS5,822,1.102573454314637e-06,"?:121,P:4088,S:45",3.3411316797413244e-06,"P:P:17,P:S:5",1.0,P,0.070,negative,0.6666666666666666,0.6674082313681868,1.060,-
RNA-dependent_RNA_polymerase_NS5,823,1.0,"?:122,W:4131,G:1",1.0,G:W:1,1.0,W,0.000,neutral,0.6666666666666666,0.6674082313681868,0.070,-
RNA-dependent_RNA_polymerase_NS5,824,0.9564989048148084,"?:127,M:4096,I:31",1.0,I:M:4,1.0,M,0.106,neutral,0.6631675344792527,0.6674082313681868,0.000,-
RNA-dependent_RNA_polymerase_NS5,825,0.2145485262219433,"?:130,E:4121,K:2,G:1",0.23927344931815236,"E:E:1,E:K:2,E:G:1",1.0,E,0.000,neutral,0.6666666666666666,0.6674082313681868,0.084,-
RNA-dependent_RNA_polymerase_NS5,826,3.007343769634296e-05,"?:131,D:3917,E:204,N:2",6.137436264559788e-05,"D:D:21,D:E:9,D:N:2",1.0,D,0.065,negative,0.6666666666666666,0.6674082313681868,1.056,-
RNA-dependent_RNA_polymerase_NS5,827,4.085220058558381e-05,"?:135,K:4119",8.020496224011424e-05,K:K:11,1.0,K,0.000,negative,0.6666666666666666,0.6674082313681868,0.926,-
RNA-dependent_RNA_polymerase_NS5,828,0.0008691840731248623,"?:164,T:4088,A:2",0.0012699117951499612,"T:T:16,A:T:1",1.0,T,0.046,negative,0.6666666666666666,0.6674082313681868,0.515,-
RNA-dependent_RNA_polymerase_NS5,829,0.05150431235300057,"?:173,P:4037,L:43,S:1",0.05996621101901748,"L:P:11,P:P:7,P:S:1",1.0,P,0.140,neutral,0.6440823362751111,0.6674082313681868,0.460,-
RNA-dependent_RNA_polymerase_NS5,830,1.371168202979334e-06,"?:178,V:4069,M:1,A:1,I:4,E:1",4.006660333381171e-06,"V:V:21,M:V:1,A:V:1,I:V:3,E:V:1",1.0,V,0.051,negative,0.6666666666666666,0.6674082313681868,1.123,-
RNA-dependent_RNA_polymerase_NS5,84,2.537702714633383e-09,"R:4230,?:22,K:2",1.812644796166702e-08,"R:R:30,K:R:1",1.0,R,0.064,negative,0.6666666666666666,0.6674082313681868,2.030,-
RNA-dependent_RNA_polymerase_NS5,831,0.004074973837074891,"?:176,E:4061,K:2,D:7,G:3,A:5",0.005401290800246542,"E:E:13,E:K:2,D:E:1,E:G:2,A:E:1",1.0,E,0.218,negative,0.6666666666666666,0.6674082313681868,1.094,-
RNA-dependent_RNA_polymerase_NS5,832,0.1166798288905561,"?:186,S:3977,T:89,L:2",0.13209037232893142,"S:T:5,S:S:8,T:T:1,L:S:1",1.0,S,0.262,neutral,0.06667251308939892,0.6674082313681868,0.595,-
RNA-dependent_RNA_polymerase_NS5,833,0.9999999327433606,"?:194,W:4060",1.0,NA,1.0,W,0.000,neutral,0.6666666666666666,0.6674082313681868,0.153,-
RNA-dependent_RNA_polymerase_NS5,834,3.819013438821628e-09,"?:201,E:4050,D:3",2.5650090260742278e-08,"E:E:29,D:E:3",1.0,E,0.000,negative,0.6666666666666666,0.6674082313681868,1.759,-
RNA-dependent_RNA_polymerase_NS5,835,0.01280447224413961,"?:210,E:4043,D:1",0.015764740109063816,"D:E:1,E:E:4",1.0,E,0.000,negative,0.6666666666666666,0.6674082313681868,0.340,-
RNA-dependent_RNA_polymerase_NS5,836,0.02291336818670664,"?:214,I:2955,V:1085",0.02764347368369434,"I:I:15,I:V:22,V:V:10",1.0,I,0.456,negative,0.6666666666666666,0.6674082313681868,1.061,-
RNA-dependent_RNA_polymerase_NS5,837,1.994766130053449e-09,"?:223,P:4030,S:1",1.4864445446873766e-08,"P:P:16,P:S:1",1.0,P,0.000,negative,0.6666666666666666,0.6674082313681868,1.120,-
RNA-dependent_RNA_polymerase_NS5,838,5.188183216375819e-11,"?:227,Y:4026,D:1",6.882053750408258e-10,"Y:Y:38,D:Y:1",1.0,Y,0.000,negative,0.6666666666666666,0.6674082313681868,1.781,-
RNA-dependent_RNA_polymerase_NS5,839,6.031711519138838e-08,"?:230,L:4023,W:1",2.7007663518532114e-07,"L:L:49,L:W:1",1.0,L,0.000,negative,0.6666666666666666,0.6674082313681868,1.230,-
RNA-dependent_RNA_polymerase_NS5,840,0.0,"?:254,G:3999,E:1",0.0,"G:G:89,E:G:1",1.0,G,0.000,negative,0.6666666666666666,0.6674082313681868,4.916,-
RNA-dependent_RNA_polymerase_NS5,85,4.348022353273251e-08,"G:4231,?:19,E:1,R:3",2.0171237721370752e-07,"G:G:26,E:G:1,G:R:3",1.0,G,0.000,negative,0.6666666666666666,0.6674082313681868,1.331,-
RNA-dependent_RNA_polymerase_NS5,841,5.816673829261987e-06,"?:278,K:3975,E:1",1.4225560995477686e-05,"K:K:13,E:K:1",1.0,K,0.000,negative,0.6666666666666666,0.6674082313681868,1.119,-
RNA-dependent_RNA_polymerase_NS5,842,6.478092506867483e-10,"?:281,R:3971,K:1,E:1",5.819087785887337e-09,"R:R:24,K:R:1,E:R:1",1.0,R,0.000,negative,0.6666666666666666,0.6674082313681868,1.888,-
RNA-dependent_RNA_polymerase_NS5,843,0.0004362465556001505,"?:281,E:3970,K:2,G:1",0.0006746080756703358,"E:E:7,E:K:2,E:G:1",1.0,E,0.000,negative,0.6666666666666666,0.6674082313681868,0.684,-
RNA-dependent_RNA_polymerase_NS5,844,6.456420339362445e-05,"?:281,D:3970,G:1,N:1,Y:1",0.00012005740300467357,"D:D:14,D:G:1,D:N:1,D:Y:1",1.0,D,0.000,negative,0.6666666666666666,0.6674082313681868,0.709,-
RNA-dependent_RNA_polymerase_NS5,845,1.282554831227856e-07,"?:289,Q:3965",5.22307397332611e-07,Q:Q:25,1.0,Q,0.000,negative,0.6666666666666666,0.6674082313681868,2.054,-
RNA-dependent_RNA_polymerase_NS5,846,1.0,"?:294,W:3959,L:1",1.0,L:W:1,1.0,W,0.000,neutral,0.6666666666666666,0.6674082313681868,0.122,-
RNA-dependent_RNA_polymerase_NS5,847,5.790671275818227e-10,"?:342,C:3912",5.264246614380206e-09,C:C:28,1.0,C,0.000,negative,0.6666666666666666,0.6674082313681868,1.454,-
RNA-dependent_RNA_polymerase_NS5,848,1.263519726180107e-06,"?:464,G:3790",3.7530288896438822e-06,G:G:24,1.0,G,0.000,negative,0.6666666666666666,0.6674082313681868,1.000,-
RNA-dependent_RNA_polymerase_NS5,849,1.192344296629955e-07,"?:464,S:3790",4.900045054643651e-07,S:S:15,1.0,S,0.000,negative,0.6666666666666666,0.6674082313681868,1.037,-
RNA-dependent_RNA_polymerase_NS5,850,7.709148171719526e-06,"?:467,L:3783,M:4",1.8259394797738364e-05,"L:L:43,L:M:1",1.0,L,0.073,negative,0.6666666666666666,0.6674082313681868,1.157,-
RNA-dependent_RNA_polymerase_NS5,86,1.212349523094236e-05,"G:4225,?:29",2.7007786405564665e-05,G:G:20,1.0,G,0.000,negative,0.6666666666666666,0.6674082313681868,0.793,-
RNA-dependent_RNA_polymerase_NS5,851,3.179980934131521e-08,"?:465,I:3788,V:1",1.5659274532802066e-07,"I:I:27,I:V:1",1.0,I,0.000,negative,0.6666666666666666,0.6674082313681868,1.018,-
RNA-dependent_RNA_polymerase_NS5,852,0.0009240566007109319,"?:462,G:3791,E:1",0.0013435394840708218,"G:G:10,E:G:1",1.0,G,0.000,negative,0.6666666666666666,0.6674082313681868,0.484,-
RNA-dependent_RNA_polymerase_NS5,853,1.735434609240194e-06,"?:467,L:3785,P:1,V:1",4.911607384642059e-06,"L:L:39,L:P:1,L:V:1",1.0,L,0.000,negative,0.6666666666666666,0.6674082313681868,0.988,-
RNA-dependent_RNA_polymerase_NS5,854,0.0001493566851752393,"?:465,T:3787,A:2",0.00025267108394307406,"T:T:8,A:T:2",1.0,T,0.000,negative,0.6666666666666666,0.6674082313681868,0.551,-
RNA-dependent_RNA_polymerase_NS5,855,1.318952466278223e-05,"?:464,S:3786,P:1,R:2,C:1",2.902340390343278e-05,"S:S:20,P:S:1,R:S:1,C:S:1",1.0,S,0.058,negative,0.6666666666666666,0.6674082313681868,1.047,-
RNA-dependent_RNA_polymerase_NS5,856,2.795844664160718e-05,"?:464,R:3786,E:1,Q:3",5.744886296220653e-05,"R:R:18,E:R:1,Q:R:2",1.0,R,0.067,negative,0.002254427520672397,0.16908206405042978,1.117,-
RNA-dependent_RNA_polymerase_NS5,857,2.39241959576475e-12,"?:467,A:3780,S:1,T:2,G:2,P:1,D:1",5.706487913782536e-11,"A:A:38,A:S:1,A:T:2,A:G:2,A:P:1,A:D:1",1.0,A,0.000,negative,0.6666666666666666,0.6674082313681868,1.612,-
RNA-dependent_RNA_polymerase_NS5,858,9.310552329111488e-12,"?:466,T:3782,Y:1,P:1,I:1,A:1,H:1,K:1",1.7591761380941762e-10,"T:T:33,T:Y:1,P:T:1,I:T:1,A:T:1,H:T:1,K:T:1",1.0,T,0.000,negative,0.6666666666666666,0.6674082313681868,1.599,-
RNA-dependent_RNA_polymerase_NS5,859,9.839820445234349e-05,"?:464,W:3784,L:5,G:1",0.00017364389021001791,"?:W:1,L:W:4,G:W:1",1.0,W,0.080,negative,0.6666666666666666,0.6674082313681868,96.834,-
RNA-dependent_RNA_polymerase_NS5,860,1.701445873081298e-08,"?:467,A:3786,G:1",9.114888605792668e-08,"A:A:17,A:G:1",1.0,A,0.000,negative,0.6666666666666666,0.6674082313681868,1.220,-
RNA-dependent_RNA_polymerase_NS5,87,0.9999999327433606,"W:4233,?:21",1.0,NA,1.0,W,0.000,neutral,0.6666666666666666,0.6674082313681868,0.153,-
RNA-dependent_RNA_polymerase_NS5,861,0.0240213514210933,"?:467,K:3756,R:31",0.028902695560138997,"K:K:12,K:R:4",1.0,K,0.152,negative,0.6619929659716255,0.6674082313681868,0.665,-
RNA-dependent_RNA_polymerase_NS5,862,7.90536525130392e-11,"?:463,N:3790,E:1",9.370254572260706e-10,"N:N:37,E:N:1",1.0,N,0.000,negative,0.6666666666666666,0.6674082313681868,1.920,-
RNA-dependent_RNA_polymerase_NS5,863,1.526404184160057e-07,"?:466,I:3784,V:3,H:1",6.078600733380758e-07,"I:I:20,I:V:3,H:I:1",1.0,I,0.000,negative,0.6666666666666666,0.6674082313681868,0.983,-
RNA-dependent_RNA_polymerase_NS5,864,0.01419383001224928,"?:463,Q:3786,K:3,E:1,P:1",0.01738020001499912,"Q:Q:10,K:Q:2,E:Q:1,P:Q:1",1.0,Q,0.111,negative,0.6666666666666666,0.6674082313681868,0.817,-
RNA-dependent_RNA_polymerase_NS5,865,0.1717079439584185,"?:466,T:2706,A:1027,V:46,I:3,S:5,Q:1",0.1929302741105826,"A:T:19,A:V:13,A:A:1,I:T:2,T:T:3,S:T:2,Q:T:1",1.0,T,0.675,neutral,0.1678364595743688,0.6674082313681868,0.341,-
RNA-dependent_RNA_polymerase_NS5,866,1.557723194878236e-08,"?:463,A:3790,Q:1",8.394915421499475e-08,"A:A:18,A:Q:1",1.0,A,0.000,negative,0.6666666666666666,0.6674082313681868,1.232,-
RNA-dependent_RNA_polymerase_NS5,867,0.06351742148992456,"?:467,I:3773,V:14",0.07291540732261749,"I:V:4,I:I:2",1.0,I,0.085,neutral,0.6666666666666666,0.6674082313681868,0.622,-
RNA-dependent_RNA_polymerase_NS5,868,0.0001094335968646609,"?:467,N:3783,S:3,T:1",0.00019210591718694036,"N:N:22,N:S:2,N:T:1",1.0,N,0.065,negative,0.6666666666666666,0.6674082313681868,0.889,-
RNA-dependent_RNA_polymerase_NS5,869,3.333836737007267e-06,"?:471,Q:3782,R:1",8.773254571071755e-06,"Q:Q:20,Q:R:1",1.0,Q,0.000,negative,0.6666666666666666,0.6674082313681868,1.606,-
RNA-dependent_RNA_polymerase_NS5,870,1.178351763941876e-07,"?:469,V:3759,A:2,L:1,I:23",4.864754988750864e-07,"V:V:36,A:V:2,L:V:1,I:V:3",1.0,V,0.053,negative,0.6666666666666666,0.6674082313681868,1.223,-
RNA-dependent_RNA_polymerase_NS5,88,0.05557408157851396,"S:4231,?:23",0.06445447605755486,"S:S:2,?:S:1",1.0,S,0.000,neutral,0.6666666666666666,0.6674082313681868,0.130,-
RNA-dependent_RNA_polymerase_NS5,871,0.005174330294707374,"?:468,R:3785,K:1",0.006749126471357445,"R:R:5,K:R:1",1.0,R,0.000,negative,0.6666666666666666,0.6674082313681868,0.397,-
RNA-dependent_RNA_polymerase_NS5,872,7.090805080034457e-05,"?:473,S:3775,A:6",0.00012944674588298197,"S:S:20,A:S:2",1.0,S,0.083,negative,0.6666666666666666,0.6674082313681868,0.772,-
RNA-dependent_RNA_polymerase_NS5,873,1.332267629550188e-15,"?:478,L:3775,V:1",9.99200722162641e-14,"L:L:68,L:V:1",1.0,L,0.000,negative,0.6666666666666666,0.6674082313681868,1.988,-
RNA-dependent_RNA_polymerase_NS5,874,0.0413578972591564,"?:470,I:3774,M:7,V:1,L:1,K:1",0.04846628585057391,"I:M:5,I:V:1,I:I:2,I:L:1,I:K:1",1.0,I,0.043,negative,0.6666666666666666,0.6674082313681868,0.496,-
RNA-dependent_RNA_polymerase_NS5,875,1.784336284493815e-05,"?:471,G:3782,D:1",3.84187238288142e-05,"G:G:19,D:G:1",1.0,G,0.000,negative,0.6666666666666666,0.6674082313681868,0.790,-
RNA-dependent_RNA_polymerase_NS5,876,0.7586387780569104,"?:481,N:3386,I:2,D:1,S:353,T:27,Y:1,K:3",0.8206429089557925,"I:N:2,D:N:1,N:N:5,N:S:5,N:T:1,S:S:1,N:Y:1,K:N:2",1.0,N,0.278,neutral,0.5524129042465888,0.6674082313681868,0.228,-
RNA-dependent_RNA_polymerase_NS5,877,4.716290004092016e-06,"?:472,E:3781,D:1",1.19567915596699e-05,"E:E:19,D:E:1",1.0,E,0.000,negative,0.6666666666666666,0.6674082313681868,1.063,-
RNA-dependent_RNA_polymerase_NS5,878,0.05706337361256519,"?:473,E:3586,G:170,K:21,D:4",0.066096571752006,"E:E:10,E:G:6,E:K:2,D:E:1",1.0,E,0.297,neutral,0.6666666666666666,0.6674082313681868,0.864,-
RNA-dependent_RNA_polymerase_NS5,879,7.123839383604835e-05,"?:446,Y:3808",0.000129786547474582,Y:Y:13,1.0,Y,0.000,negative,0.6666666666666666,0.6674082313681868,0.675,-
RNA-dependent_RNA_polymerase_NS5,880,0.02161428503186469,"?:447,T:3776,I:23,A:6,M:2",0.026181502730387912,"T:T:10,I:T:18,A:T:3,M:T:1",1.0,T,0.250,negative,0.0502473421592653,0.6674082313681868,0.814,-
RNA-dependent_RNA_polymerase_NS5,89,1.196645429091259e-05,"Y:4230,?:23,D:1",2.6790569308013264e-05,"Y:Y:16,D:Y:1",1.0,Y,0.000,negative,0.6666666666666666,0.6674082313681868,0.794,-
RNA-dependent_RNA_polymerase_NS5,881,0.0003868401380001663,"?:448,D:3803,E:3",0.0006054889116524343,"D:D:21,D:E:2",1.0,D,0.132,negative,0.6666666666666666,0.6674082313681868,1.000,-
RNA-dependent_RNA_polymerase_NS5,882,3.432203233844078e-07,"?:449,Y:3800,F:1,H:3,S:1",1.2161350041179803e-06,"Y:Y:27,F:Y:1,H:Y:1,H:H:1,S:Y:1",1.0,Y,0.062,negative,0.6666666666666666,0.6674082313681868,1.414,-
RNA-dependent_RNA_polymerase_NS5,883,0.000513498972432691,"?:447,M:3804,L:3",0.0007788947562861663,L:M:3,1.0,M,0.000,negative,0.6666666666666666,0.6674082313681868,331.185,-
RNA-dependent_RNA_polymerase_NS5,884,0.003461346811559962,"?:452,P:3802",0.004642641028917982,P:P:4,1.0,P,0.000,negative,0.6666666666666666,0.6674082313681868,0.272,-
RNA-dependent_RNA_polymerase_NS5,885,7.341305341412863e-11,"?:450,S:3803,T:1",8.928614604421049e-10,"S:S:31,S:T:1",1.0,S,0.000,negative,0.6666666666666666,0.6674082313681868,1.269,-
RNA-dependent_RNA_polymerase_NS5,886,0.9999999468289579,"?:449,M:3805",1.0,NA,1.0,M,0.000,neutral,0.6666666666666666,0.6674082313681868,0.153,-
RNA-dependent_RNA_polymerase_NS5,887,1.944488795413424e-05,"?:449,K:3804,R:1",4.1274526317737776e-05,"K:K:12,K:R:1",1.0,K,0.000,negative,0.6666666666666666,0.6674082313681868,0.997,-
RNA-dependent_RNA_polymerase_NS5,888,7.248346814980877e-06,"?:450,R:3803,G:1",1.730374571215594e-05,"R:R:13,G:R:1",1.0,R,0.000,negative,0.6666666666666666,0.6674082313681868,1.017,-
RNA-dependent_RNA_polymerase_NS5,889,7.993605777301127e-15,"?:451,F:3803",3.9968028886505635e-13,F:F:37,1.0,F,0.000,negative,0.6666666666666666,0.6674082313681868,1.968,-
RNA-dependent_RNA_polymerase_NS5,890,0.01413846690897824,"?:463,R:3783,K:6,G:2",0.017335994847521,"R:R:9,K:R:3,G:R:1",1.0,R,0.133,negative,0.6666666666666666,0.6674082313681868,0.707,-
RNA-dependent_RNA_polymerase_NS5,90,1.178714243099677e-06,"Y:4229,?:24,H:1",3.559875230837951e-06,"Y:Y:25,H:Y:1",1.0,Y,0.000,negative,0.6666666666666666,0.6674082313681868,0.915,-
RNA-dependent_RNA_polymerase_NS5,891,0.006343518380724111,"?:522,R:3604,K:125,I:3",0.008144317464553068,"R:R:20,K:R:17,I:R:3",1.0,R,0.465,negative,0.6511782763714201,0.6674082313681868,1.429,-
RNA-dependent_RNA_polymerase_NS5,892,0.02822335158313105,"?:463,E:3769,G:1,D:21",0.03364373036399728,"E:E:6,E:G:1,D:E:2",1.0,E,0.074,negative,0.6666666666666666,0.6674082313681868,0.524,-
RNA-dependent_RNA_polymerase_NS5,893,0.004715286971505472,"?:464,E:3763,D:27",0.0061862365515377915,"E:E:12,D:E:2",1.0,E,0.076,negative,0.6666666666666666,0.6674082313681868,0.674,-
RNA-dependent_RNA_polymerase_NS5,894,0.02874751519766716,"?:466,E:3779,D:3,K:3,G:2,A:1",0.03422323237817519,"E:E:6,D:E:2,E:K:3,E:G:2,A:E:1",1.0,E,0.074,negative,0.6666666666666666,0.6674082313681868,0.523,-
RNA-dependent_RNA_polymerase_NS5,895,2.124173894635373e-05,"?:472,E:3661,G:4,D:2,K:111,M:4",4.4563088698644194e-05,"E:E:29,E:G:4,D:E:2,E:K:9,K:K:2,K:M:3",1.0,E,0.303,negative,0.6666666666666666,0.6674082313681868,1.905,-
RNA-dependent_RNA_polymerase_NS5,896,9.587197415839022e-06,"?:466,A:3781,V:2,T:1,E:1,S:1,G:2",2.2469993943372707e-05,"A:A:10,A:V:2,A:T:1,A:E:1,A:S:1,A:G:2",1.0,A,0.000,negative,0.6666666666666666,0.6674082313681868,0.753,-
RNA-dependent_RNA_polymerase_NS5,897,2.603827153890848e-10,"?:469,G:3784,A:1",2.8234270343394737e-09,"G:G:36,A:G:1",1.0,G,0.000,negative,0.6666666666666666,0.6674082313681868,1.844,-
RNA-dependent_RNA_polymerase_NS5,898,4.841089817908539e-08,"?:469,V:3762,A:18,I:4,F:1",2.2108016679971018e-07,"V:V:37,A:V:8,I:V:4,F:V:1",1.0,V,0.106,negative,0.6666666666666666,0.6674082313681868,1.524,-
RNA-dependent_RNA_polymerase_NS5,899,2.360368126441692e-05,"?:471,L:3781,M:1,F:1",4.9288429554466886e-05,"L:L:33,L:M:1,F:L:1",1.0,L,0.000,negative,0.6666666666666666,0.6674082313681868,0.753,-
RNA-dependent_RNA_polymerase_NS5,900,0.9999999327433606,"?:467,W:3787",1.0,NA,1.0,W,0.000,neutral,0.6666666666666666,0.6674082313681868,0.153,-
RNA-dependent_RNA_polymerase_NS5,10,0.000550400404062068,"G:4203,?:48,L:1,E:1,V:1",0.0008311415497581564,"G:G:7,G:L:1,E:G:1,G:V:1",1.0,G,0.000,negative,0.6666666666666666,0.6674082313681868,0.575,-
RNA-dependent_RNA_polymerase_NS5,91,3.297190201878575e-05,"C:4230,?:24",6.668474565597117e-05,C:C:16,1.0,C,0.000,negative,0.6666666666666666,0.6674082313681868,0.582,-
RNA-dependent_RNA_polymerase_NS5,92,2.696124562495683e-07,"G:4227,?:25,R:1,A:1",1.0026909529942623e-06,"G:G:23,G:R:1,A:G:1",1.0,G,0.000,negative,0.6666666666666666,0.6674082313681868,1.175,-
RNA-dependent_RNA_polymerase_NS5,93,0.0002015705769201626,"G:4231,?:23",0.00033165177189789096,G:G:11,1.0,G,0.000,negative,0.6666666666666666,0.6674082313681868,0.650,-
RNA-dependent_RNA_polymerase_NS5,94,7.444217370311534e-07,"L:4234,?:20",2.33442356560292e-06,L:L:46,1.0,L,0.000,negative,0.6666666666666666,0.6674082313681868,1.001,-
RNA-dependent_RNA_polymerase_NS5,95,2.830044310009328e-09,"K:4230,?:21,R:2,T:1",1.969297340582881e-08,"K:K:36,K:R:1,K:T:1",1.0,K,0.074,negative,0.6666666666666666,0.6674082313681868,2.174,-
RNA-dependent_RNA_polymerase_NS5,96,0.1779593644948264,"N:4184,?:22,D:31,S:13,K:4",0.19970502250042865,"N:N:16,D:N:7,N:S:5,K:N:3",1.0,N,0.325,neutral,0.5972960612256394,0.6674082313681868,0.626,-
RNA-dependent_RNA_polymerase_NS5,97,1.353128720182895e-11,"V:4217,?:37",2.2977657512539727e-10,V:V:28,1.0,V,0.000,negative,0.6666666666666666,0.6674082313681868,1.832,-
RNA-dependent_RNA_polymerase_NS5,98,0.03673341317051015,"K:1273,R:2962,?:18,T:1",0.043159362732975375,"K:K:6,K:R:10,R:R:4,K:T:1",1.0,R,0.334,negative,0.6666666666666666,0.6674082313681868,0.945,-
RNA-dependent_RNA_polymerase_NS5,99,0.003403739199362099,"E:4232,?:19,Q:3",0.004572186984217745,"E:E:9,E:Q:2",1.0,E,0.073,negative,0.6666666666666666,0.6674082313681868,0.753,-
RNA-dependent_RNA_polymerase_NS5,100,1.463879978347293e-06,"V:4234,?:19,I:1",4.233413598521737e-06,"V:V:20,I:V:1",1.0,V,0.000,negative,0.6666666666666666,0.6674082313681868,0.809,-
