gene,BUSTED_pval,RELAX_overall_pval,RELAX_K,N,T,diff_sites,BUSTED_prop_sites_in_omega3,sites,positive_sites,BUSTED_omega3,negative_sites
capsid_protein_C,0.5,0.07970508362271433,"{'2II': 1, '2III': 0.8599106521278429, '2V': 10.40037101449078}",394,1.552284498830115,0,0.0,100,1,1.017153597555343,60
nonstructural_protein_NS2A,0.2003947209477254,0.4749783325326566,"{'2II': 1, '2III': 0.9187149024228248, '2V': 0.9624326277058313}",630,2.1992904692343536,0,0.01728101861261178,218,8,112.9079351301236,168
nonstructural_protein_NS2B,0.5,0.6278414177286702,"{'2I': 1, '2II': 1.214620421531326, '2III': 1.00424846382732, '2V': 1.323254082171922}",627,2.5578934634132486,0,0.2936899309497192,130,6,1,113
nonstructural_protein_NS4A,0.5,0.001253101679845714,"{'2I': 1, '2II': 0.8579315606678678, '2III': 0.4290857690561942, '2V': 50}",721,2.908940956393805,0,0.0,127,0,3.085564833616673,113
membrane_glycoprotein_precursor_prM,0.5,0.3728778332180733,"{'2I': 1, '2II': 1.078367795713725, '2III': 1.178946274372735, '2V': 1.250136954924553}",780,2.688802340722229,0,6.10289543053108,166,4,1.002804727740728,133
nonstructural_protein_NS4B,0.5,0.6179009205190376,"{'2I': 1, '2II': 0.872210460389884, '2III': 0.9220171329022283, '2V': 0.9034705176822357}",1097,2.8071880969991514,0,0.0,248,4,2.400923878362242,221
nonstructural_protein_NS1,0.5,0.2279444161858244,"{'2I': 1, '2II': 0.6681872743068317, '2III': 0.6930979145920378, '2V': 2.57511456050038}",1403,2.990368985686828,2,1.071635563875673,352,10,1,296
envelope_protein_E,0.01176090888960168,1.093601675461464e-05,"{'2I': 1, '2II': 3.111699733158615, '2III': 0.7738649028654441, '2IV': 0.9379893537817688, '2V': 1.127481891434572}",2864,4.627405152383541,0,0.06033058476939216,495,15,17.98563817530159,456
RNA-dependent_RNA_polymerase_NS5,0.4634140005650715,0.004856411553006867,"{'2I': 1, '2II': 0.9277972078246178, '2III': 0.9506284035967689, '2V': 1.059313257635426}",2261,3.1573057846521895,0,5.586017733089775,900,32,1.074805064267967,770
