gene,site,substitutions,fel_selection,prime_qval,fel_alpha,majority_residue,composition,fel_beta,fel_pval,fel_qval,meme_qval,prime_marker,meme_pval
capsid_protein_C,1,NA,neutral,1.0,0.000,M,"M:526,?:33",0.000,1.0,1.0,1.0,-,1.0
capsid_protein_C,2,"D:N:2,I:N:2,K:N:1",neutral,1.0,0.000,N,"N:522,?:32,D:2,I:2,K:1",0.000,1.0,1.0,0.6802721088435373,-,0.6666666666666666
capsid_protein_C,11,P:T:1,neutral,1.0,0.000,P,"P:539,?:19,T:1",0.000,1.0,1.0,0.6802721088435373,-,0.6666666666666666
capsid_protein_C,12,S:S:1,neutral,1.0,0.110,S,"S:540,?:19",0.000,0.2933251307017974,0.43136048632617263,0.6802721088435373,-,0.6666666666666666
capsid_protein_C,13,"F:I:1,I:V:1",neutral,1.0,0.000,I,"I:537,?:19,F:2,V:1",0.230,0.2428844926885642,0.38553094077549876,0.6802721088435373,-,0.2438671381450129
capsid_protein_C,14,NA,neutral,1.0,0.000,N,"N:540,?:19",0.000,1.0,1.0,0.6802721088435373,-,0.6666666666666666
capsid_protein_C,15,NA,neutral,1.0,0.153,M,"M:547,?:12",0.000,0.9999999286635612,1.0,0.6802721088435373,-,0.6666666666666666
capsid_protein_C,16,NA,neutral,1.0,0.000,L,"L:548,?:11",0.000,1.0,1.0,0.6802721088435373,-,0.6666666666666666
capsid_protein_C,17,"E:K:1,K:K:1",neutral,1.0,0.241,K,"K:548,E:1,?:10",0.000,0.314307064811484,0.4490100925878343,0.6802721088435373,-,0.6666666666666666
capsid_protein_C,18,C:R:1,neutral,1.0,0.000,R,"R:547,?:11,C:1",0.000,1.0,1.0,0.6802721088435373,-,0.6666666666666666
capsid_protein_C,19,"A:V:2,E:V:2",neutral,1.0,0.000,V,"V:543,?:10,A:4,E:2",0.201,0.2657421266626464,0.4138131083699343,0.6802721088435373,-,0.2622564544684581
capsid_protein_C,20,R:R:1,neutral,1.0,0.228,R,"R:551,?:8",0.000,0.3318438410044491,0.4545806041156837,0.6802721088435373,-,0.6666666666666666
capsid_protein_C,3,"N:T:1,N:Y:1",neutral,1.0,0.000,N,"N:524,?:33,T:1,Y:1",0.000,1.0,1.0,0.6802721088435373,-,0.6666666666666666
capsid_protein_C,21,NA,neutral,1.0,0.000,N,"N:551,?:8",0.000,0.9999999286635612,1.0,0.6802721088435373,-,0.6666666666666666
capsid_protein_C,22,R:R:3,neutral,1.0,0.331,R,"R:551,?:8",0.000,0.1234113798000733,0.2328516600001383,0.6802721088435373,-,0.6666666666666666
capsid_protein_C,23,NA,neutral,1.0,0.000,V,"V:551,?:8",0.000,1.0,1.0,0.6802721088435373,-,0.6666666666666666
capsid_protein_C,24,"S:T:2,S:S:1,P:S:1",neutral,1.0,0.203,S,"S:548,T:2,?:8,P:1",0.000,0.1937180717110408,0.31244850275974323,0.6802721088435373,-,0.6666666666666666
capsid_protein_C,25,T:T:1,neutral,1.0,0.109,T,"T:550,?:9",0.000,0.3368902072526674,0.4552570368279289,0.6802721088435373,-,0.6666666666666666
capsid_protein_C,26,G:G:4,neutral,1.0,0.820,G,"G:551,?:8",0.000,0.04170280128928161,0.09929238402209906,0.6802721088435373,-,0.6666666666666666
capsid_protein_C,27,"S:S:4,S:T:1,P:S:3",neutral,1.0,0.819,S,"S:536,?:8,T:12,P:3",0.154,0.09118472365690378,0.1899681742852162,0.6802721088435373,-,0.6666666666666666
capsid_protein_C,28,L:Q:1,neutral,1.0,0.000,Q,"Q:551,?:7,L:1",0.544,0.1288421603198173,0.23859659318484686,0.6802721088435373,-,0.14298801380408
capsid_protein_C,29,L:L:2,neutral,1.0,0.212,L,"L:552,?:7",0.000,0.2689785204404573,0.4138131083699343,0.6802721088435373,-,0.6666666666666666
capsid_protein_C,30,A:T:2,neutral,1.0,0.000,A,"A:549,?:8,T:2",0.000,1.0,1.0,0.6802721088435373,-,0.6666666666666666
capsid_protein_C,4,NA,neutral,1.0,0.000,Q,"Q:528,?:31",0.000,0.9999999524423742,1.0,0.6802721088435373,-,0.6666666666666666
capsid_protein_C,31,K:K:1,neutral,1.0,0.252,K,"K:552,?:7",0.000,0.3188015019829264,0.44901619997595266,0.6802721088435373,-,0.6666666666666666
capsid_protein_C,32,NA,neutral,1.0,0.000,R,"R:552,?:7",0.000,0.9999999663716803,1.0,0.6802721088435373,-,0.6666666666666666
capsid_protein_C,33,NA,neutral,1.0,0.000,F,"F:553,?:6",0.000,0.9999999327433606,1.0,0.6802721088435373,-,0.6666666666666666
capsid_protein_C,34,S:S:3,neutral,1.0,0.613,S,"S:554,?:5",0.000,0.0242218275053554,0.06068331224024642,0.6802721088435373,-,0.6666666666666666
capsid_protein_C,35,"K:R:10,R:R:1,K:K:2,E:K:1",neutral,1.0,0.704,R,"K:261,R:290,?:7,E:1",1.133,0.5630217859568696,0.7126858050086957,0.6802721088435373,-,0.4319258157271953
capsid_protein_C,36,"E:G:1,G:G:1",neutral,1.0,0.204,G,"G:552,?:5,E:2",0.301,0.7818677615482817,0.9773347019353522,0.6802721088435373,-,0.5633537814772311
capsid_protein_C,37,L:L:14,negative,1.0,1.445,L,"L:551,?:8",0.000,0.004213635765958124,0.01653378412179291,0.6802721088435373,-,0.6666666666666666
capsid_protein_C,38,L:L:13,negative,1.0,1.150,L,"L:553,?:6",0.000,0.0106634439800779,0.03136307052964088,0.6802721088435373,-,0.6666666666666666
capsid_protein_C,39,"N:N:9,D:N:2,K:N:2",negative,1.0,2.209,N,"N:546,?:9,D:2,K:2",0.000,0.001518293305989737,0.008931137094057276,0.6802721088435373,-,0.6666666666666666
capsid_protein_C,40,G:G:7,negative,1.0,1.564,G,"G:554,?:5",0.000,0.00490674958293813,0.018173146603474556,0.6802721088435373,-,0.6666666666666666
capsid_protein_C,5,R:R:13,negative,1.0,2.637,R,"R:531,?:28",0.000,0.0001924945030716829,0.0019249450307168288,0.6802721088435373,-,0.6666666666666666
capsid_protein_C,41,"Q:Q:4,Q:R:1",neutral,1.0,0.992,Q,"Q:552,?:5,R:2",0.512,0.531444306202321,0.6921052774132816,0.6802721088435373,-,0.6507624364343911
capsid_protein_C,42,G:G:1,neutral,1.0,0.203,G,"G:555,?:4",0.000,0.309269502161764,0.44821666979965796,0.6802721088435373,-,0.6666666666666666
capsid_protein_C,43,P:P:1,neutral,1.0,0.204,P,"P:555,?:4",0.000,0.1826611057070175,0.30443517617836247,0.6802721088435373,-,0.6666666666666666
capsid_protein_C,44,"M:V:1,M:T:1",neutral,1.0,0.000,M,"M:554,V:1,?:3,T:1",0.000,1.0,1.0,0.6802721088435373,-,0.6666666666666666
capsid_protein_C,45,"K:R:6,K:K:3",neutral,1.0,0.728,K,"K:548,?:3,R:8",0.368,0.5329210636082269,0.6921052774132816,0.6802721088435373,-,0.6551113758822671
capsid_protein_C,46,"L:L:11,L:M:1,F:L:1",negative,1.0,1.186,L,"L:553,?:4,M:1,F:1",0.000,0.009454734680982901,0.02865071115449364,0.6802721088435373,-,0.6666666666666666
capsid_protein_C,47,V:V:25,negative,1.0,3.216,V,"V:553,?:6",0.000,8.848032877484258e-07,4.424016438742129e-05,0.6802721088435373,-,0.6666666666666666
capsid_protein_C,48,NA,neutral,1.0,0.153,M,"M:556,?:3",0.000,0.9999999286635612,1.0,0.6802721088435373,-,0.6666666666666666
capsid_protein_C,49,A:A:14,negative,1.0,3.409,A,"A:556,?:3",0.000,5.750554780137307e-07,4.424016438742129e-05,0.6802721088435373,-,0.6666666666666666
capsid_protein_C,50,"F:F:6,F:L:3",negative,1.0,1.634,F,"F:554,L:3,?:2",0.000,0.0007311649020470545,0.005222606443193246,0.6802721088435373,-,0.6666666666666666
capsid_protein_C,6,"K:K:8,K:R:1",negative,1.0,2.015,K,"K:536,?:22,R:1",0.000,0.004227602801215147,0.01653378412179291,0.6802721088435373,-,0.6666666666666666
capsid_protein_C,51,I:I:2,negative,1.0,2.735,I,"I:558,?:1",0.000,0.003015535321535978,0.014432147413826318,0.6802721088435373,-,0.6666666666666666
capsid_protein_C,52,"A:A:12,A:P:1",negative,1.0,1.523,A,"A:553,?:4,P:2",0.166,0.004298783871666156,0.01653378412179291,0.6802721088435373,-,0.6666666666666666
capsid_protein_C,53,F:F:8,negative,1.0,2.175,F,"F:558,?:1",0.000,9.953767653436696e-05,0.00115524377022089,0.6802721088435373,-,0.6666666666666666
capsid_protein_C,54,L:L:6,negative,1.0,1.146,L,"L:557,?:2",0.000,0.002669682751151981,0.014050961848168321,0.6802721088435373,-,0.6666666666666666
capsid_protein_C,55,R:R:1,neutral,1.0,0.228,R,"R:557,?:2",0.000,0.3313759774060622,0.4545806041156837,0.6802721088435373,-,0.6666666666666666
capsid_protein_C,56,F:F:6,negative,1.0,0.823,F,"F:557,?:2",0.000,0.006433349321884441,0.022015676247418476,0.6802721088435373,-,0.6666666666666666
capsid_protein_C,57,"L:L:5,I:L:1",neutral,1.0,0.416,L,"L:555,?:3,I:1",0.000,0.1217553607369947,0.2328516600001383,0.6802721088435373,-,0.6666666666666666
capsid_protein_C,58,A:A:1,neutral,1.0,0.224,A,"A:557,?:2",0.000,0.1915002129915591,0.31244850275974323,0.6802721088435373,-,0.6666666666666666
capsid_protein_C,59,I:I:8,negative,1.0,0.957,I,"I:551,?:8",0.000,0.009254174525328618,0.02865071115449364,0.6802721088435373,-,0.6666666666666666
capsid_protein_C,60,"P:P:2,P:S:1",neutral,1.0,0.410,P,"P:556,?:2,S:1",0.000,0.05910550787346469,0.13134557305214375,0.6802721088435373,-,0.6666666666666666
capsid_protein_C,7,K:R:1,neutral,1.0,0.000,K,"K:536,?:22,R:1",0.000,1.0,1.0,0.6802721088435373,-,0.6666666666666666
capsid_protein_C,61,P:P:6,negative,1.0,1.289,P,"P:556,?:3",0.000,0.0009253447047843366,0.005783404404902104,0.6802721088435373,-,0.6666666666666666
capsid_protein_C,62,T:T:2,neutral,1.0,0.411,T,"T:557,?:2",0.000,0.084765832561293,0.1803528352367936,0.6802721088435373,-,0.6666666666666666
capsid_protein_C,63,"A:T:2,A:A:2",neutral,1.0,0.419,A,"A:554,?:3,T:2",0.000,0.07079317139533403,0.15389819868550877,0.6802721088435373,-,0.6666666666666666
capsid_protein_C,64,G:G:2,neutral,1.0,0.410,G,"G:557,?:2",0.000,0.1497727995928003,0.26275929753122856,0.6802721088435373,-,0.6666666666666666
capsid_protein_C,65,"V:V:20,I:V:7,I:I:5",negative,1.0,4.643,V,"V:482,I:71,?:6",1.056,0.0006516448769002814,0.005012652899232934,0.6802721088435373,-,0.6564771679742534
capsid_protein_C,66,L:L:4,neutral,1.0,0.428,L,"L:557,?:2",0.000,0.1173563995801145,0.23011058741198923,0.6802721088435373,-,0.6666666666666666
capsid_protein_C,67,A:A:5,neutral,1.0,0.607,A,"A:556,?:3",0.000,0.01910715134538388,0.05028197722469443,0.6802721088435373,-,0.6666666666666666
capsid_protein_C,68,R:R:2,neutral,1.0,0.463,R,"R:558,?:1",0.000,0.1667987569224281,0.28270975749564087,0.6802721088435373,-,0.6666666666666666
capsid_protein_C,69,NA,neutral,1.0,0.153,W,"W:558,?:1",0.000,0.9999999327433606,1.0,0.6802721088435373,-,0.6666666666666666
capsid_protein_C,70,"A:G:1,G:G:7",negative,1.0,1.399,G,"G:556,?:2,A:1",0.000,0.007629086842411592,0.024609957556166427,0.6802721088435373,-,0.6666666666666666
capsid_protein_C,8,A:T:1,neutral,1.0,0.000,T,"T:532,?:24,A:3",0.186,0.2800926007978966,0.42438272848166153,0.6802721088435373,-,0.2734778937363745
capsid_protein_C,71,"A:T:1,T:T:7",negative,1.0,1.586,T,"T:557,A:1,?:1",0.000,0.0008825604075570759,0.005783404404902104,0.6802721088435373,-,0.6666666666666666
capsid_protein_C,72,"F:F:7,F:L:2",negative,1.0,1.871,F,"F:556,?:1,L:2",0.000,0.0002917702343550044,0.0026524566759545854,0.6802721088435373,-,0.6666666666666666
capsid_protein_C,73,"E:K:2,K:K:4,K:R:2",neutral,1.0,1.020,K,"K:553,E:2,?:2,R:2",0.000,0.04539609957006019,0.10317295356831861,0.6802721088435373,-,0.6666666666666666
capsid_protein_C,74,"K:R:3,K:K:2",neutral,1.0,0.507,K,"K:555,R:3,?:1",0.000,0.1576374062302727,0.27178863143150467,0.6802721088435373,-,0.6666666666666666
capsid_protein_C,75,"S:S:12,L:S:1,P:S:2",negative,1.0,2.736,S,"S:551,?:5,L:1,P:2",0.000,3.182905100485023e-06,0.0001060968366828341,0.6802721088435373,-,0.6666666666666666
capsid_protein_C,76,"G:G:11,G:R:6,E:G:1,K:R:1",negative,1.0,2.510,G,"G:545,?:4,R:8,E:1,K:1",0.294,0.006604702874225543,0.022015676247418476,0.6802721088435373,-,0.6666666666666666
capsid_protein_C,77,A:A:15,negative,1.0,2.272,A,"A:553,?:6",0.000,1.123148232784477e-05,0.0002246296465568954,0.6802721088435373,-,0.6666666666666666
capsid_protein_C,78,"I:I:24,I:V:1,I:M:1,I:T:1",negative,1.0,3.126,I,"I:549,?:6,V:1,M:1,T:2",0.227,0.0001039719393198801,0.00115524377022089,0.6802721088435373,-,0.6666666666666666
capsid_protein_C,79,"K:K:2,K:R:3,K:Q:1",neutral,1.0,0.505,K,"K:553,R:4,?:1,Q:1",0.391,0.8350676795838412,1.0,0.6802721088435373,-,0.6633953804076888
capsid_protein_C,80,"V:V:7,I:V:1",negative,1.0,1.476,V,"V:558,I:1",0.000,0.001631657418959875,0.009064763438665972,0.6802721088435373,-,0.6666666666666666
capsid_protein_C,9,G:G:6,negative,1.0,1.228,G,"G:538,?:21",0.000,0.01268969386034591,0.03625626817241689,0.6802721088435373,-,0.6666666666666666
capsid_protein_C,81,L:L:17,negative,1.0,1.478,L,"L:555,?:4",0.000,0.003790232041289476,0.01653378412179291,0.6802721088435373,-,0.6666666666666666
capsid_protein_C,82,"K:K:4,K:R:4,R:R:2",neutral,1.0,1.450,K,"K:478,R:81",0.370,0.1447748443795698,0.2585265078206604,0.6802721088435373,-,0.6666666666666666
capsid_protein_C,83,"G:G:5,G:S:3",negative,1.0,1.127,G,"G:556,S:3",0.000,0.01700828005230781,0.045968324465696785,0.6802721088435373,-,0.6666666666666666
capsid_protein_C,84,F:F:11,negative,1.0,2.984,F,F:559,0.000,5.409882216755868e-06,0.0001352470554188967,0.6802721088435373,-,0.6666666666666666
capsid_protein_C,85,K:K:6,negative,1.0,1.537,K,K:559,0.000,0.01417680977860625,0.039380027162795136,0.6802721088435373,-,0.6666666666666666
capsid_protein_C,86,"K:R:9,R:R:1,K:K:4",neutral,1.0,1.273,K,"K:497,R:61,?:1",1.971,0.4943758940091464,0.6591678586788619,0.6802721088435373,-,0.3769796656210804
capsid_protein_C,87,E:E:7,negative,1.0,1.792,E,E:559,0.000,0.003030750956903527,0.014432147413826318,0.6802721088435373,-,0.6666666666666666
capsid_protein_C,88,I:I:11,negative,1.0,1.876,I,"I:557,?:2",0.000,0.0004876614094083687,0.004063845078403073,0.6802721088435373,-,0.6666666666666666
capsid_protein_C,89,S:S:3,neutral,1.0,0.613,S,S:559,0.000,0.02427332489609857,0.06068331224024642,0.6802721088435373,-,0.6666666666666666
capsid_protein_C,90,"N:T:2,N:N:7,N:S:1",negative,1.0,1.692,N,"N:555,T:2,?:1,S:1",0.000,0.005383922983929423,0.019228296371176512,0.6802721088435373,-,0.6666666666666666
capsid_protein_C,10,"K:K:1,K:R:5",neutral,1.0,0.295,K,"K:531,?:21,R:7",1.033,0.2859551610286736,0.4267987478039904,0.6802721088435373,-,0.01270890076141995
capsid_protein_C,91,NA,neutral,1.0,0.000,M,M:559,0.000,1.0,1.0,1.0,-,1.0
capsid_protein_C,92,L:L:5,neutral,1.0,0.433,L,"L:558,?:1",0.000,0.1155438663291046,0.23011058741198923,0.6802721088435373,-,0.6666666666666666
capsid_protein_C,93,"S:S:12,N:S:4,G:S:1",negative,1.0,3.057,S,"S:550,N:7,?:1,G:1",0.327,0.00403929418336979,0.01653378412179291,0.6802721088435373,-,0.6666666666666666
capsid_protein_C,94,"I:I:11,I:T:3",negative,1.0,2.635,I,"I:549,?:7,T:3",0.000,3.627948564577377e-05,0.0006046580940962295,0.6802721088435373,-,0.6666666666666666
capsid_protein_C,95,"I:I:5,I:V:2",neutral,1.0,1.184,I,"I:552,V:7",0.235,0.09461735421518946,0.1930966412554887,0.6802721088435373,-,0.6666666666666666
capsid_protein_C,96,N:N:4,neutral,1.0,1.078,N,"N:557,?:2",0.000,0.02915907842636933,0.07111970347894958,0.6802721088435373,-,0.6666666666666666
capsid_protein_C,97,"K:R:5,R:R:2,K:K:1,K:Q:2,K:N:1",neutral,1.0,0.727,K,"K:473,R:82,?:1,Q:2,N:1",0.373,0.5437878761673719,0.697163943804323,0.6802721088435373,-,0.6666666666666666
capsid_protein_C,98,"R:R:13,G:R:1",negative,1.0,3.083,R,"R:555,?:3,G:1",0.000,5.235465288566665e-05,0.0007479236126523807,0.6802721088435373,-,0.6666666666666666
capsid_protein_C,99,"K:K:4,K:R:3",neutral,1.0,0.974,K,"K:554,?:2,R:3",0.000,0.04370321149865874,0.10163537557827614,0.6802721088435373,-,0.6666666666666666
capsid_protein_C,100,"K:R:2,K:K:6",neutral,1.0,1.535,K,"K:552,?:4,R:3",0.393,0.1441003606821002,0.2585265078206604,0.6802721088435373,-,0.6666666666666666
nonstructural_protein_NS2B,1,"S:S:13,G:S:1",neutral,1.0,0.000,S,"S:875,G:1,?:4",0.000,1.0,1.0,1.0,-,1.0
nonstructural_protein_NS2B,2,C:W:1,neutral,1.0,0.000,W,"W:875,C:1,?:4",0.000,1.0,1.0,0.6718346253229973,-,0.6666666666666666
nonstructural_protein_NS2B,11,"V:V:4,I:V:1",neutral,1.0,0.356,V,"V:863,?:4,I:13",0.123,0.3005608581930374,0.3397644483921292,0.6718346253229973,-,0.6666666666666666
nonstructural_protein_NS2B,101,T:T:6,negative,1.0,0.806,T,"T:867,?:13",0.000,0.00146410814307707,0.003732040364706257,0.6718346253229973,-,0.6666666666666666
nonstructural_protein_NS2B,102,"A:A:5,A:S:1",negative,1.0,0.672,A,"A:869,?:10,S:1",0.000,0.004412249681669422,0.008312934182855433,0.6718346253229973,-,0.6666666666666666
nonstructural_protein_NS2B,103,L:L:27,negative,1.0,1.954,L,"L:870,?:10",0.000,1.380326613764638e-05,0.00017944245978940293,0.6718346253229973,-,0.6666666666666666
nonstructural_protein_NS2B,104,"L:L:15,L:T:1,L:Q:1",negative,1.0,0.913,L,"L:868,?:10,T:1,Q:1",0.000,0.002569572838194589,0.005860429280092922,0.6718346253229973,-,0.6666666666666666
nonstructural_protein_NS2B,105,I:V:4,neutral,1.0,0.000,I,"I:864,?:8,V:8",0.185,0.4786123610818698,0.5317915123131887,0.6718346253229973,-,0.41793037194779
nonstructural_protein_NS2B,106,"V:V:17,I:V:6,L:V:1",negative,1.0,2.170,V,"V:864,?:8,I:7,L:1",0.124,3.037711095332796e-05,0.00033187999452695866,0.6718346253229973,-,0.6666666666666666
nonstructural_protein_NS2B,107,S:S:3,negative,1.0,0.401,S,"S:872,?:8",0.000,0.02591386427431763,0.03922210187433515,0.6718346253229973,-,0.6666666666666666
nonstructural_protein_NS2B,108,G:G:14,negative,1.0,1.316,G,"G:866,?:14",0.000,0.000446811097691957,0.0015698768297284975,0.6718346253229973,-,0.6666666666666666
nonstructural_protein_NS2B,109,"I:V:5,I:I:14",negative,1.0,1.379,I,"I:823,V:44,?:13",0.225,0.003174399211719914,0.006655998347154658,0.6718346253229973,-,0.6666666666666666
nonstructural_protein_NS2B,110,F:F:2,neutral,1.0,0.223,F,"F:871,?:9",0.000,0.08699971465172263,0.1098054650944072,0.6718346253229973,-,0.6666666666666666
nonstructural_protein_NS2B,12,G:G:11,negative,1.0,1.230,G,"G:873,?:7",0.000,0.0008635466843732731,0.0027471360143712957,0.6718346253229973,-,0.6666666666666666
nonstructural_protein_NS2B,111,P:P:5,negative,1.0,0.677,P,"P:871,?:9",0.000,0.003017230885185684,0.006622710947530801,0.6718346253229973,-,0.6666666666666666
nonstructural_protein_NS2B,112,Y:Y:5,negative,1.0,0.493,Y,"Y:871,?:9",0.000,0.03273097583888895,0.047809290551186094,0.6718346253229973,-,0.6666666666666666
nonstructural_protein_NS2B,113,S:S:9,negative,1.0,0.757,S,"S:867,?:13",0.000,0.0008987618313625045,0.0027471360143712957,0.6718346253229973,-,0.6666666666666666
nonstructural_protein_NS2B,114,I:I:2,negative,1.0,1.375,I,"I:869,?:11",0.000,0.003496707132205956,0.0071026863622933485,0.6718346253229973,-,0.6666666666666666
nonstructural_protein_NS2B,115,P:P:23,negative,1.0,2.068,P,"P:868,?:12",0.000,4.034794309770717e-08,2.461398230050686e-06,0.6718346253229973,-,0.6666666666666666
nonstructural_protein_NS2B,116,A:A:10,negative,1.0,1.120,A,"A:862,?:18",0.000,0.0001630880687016889,0.0009058661693328585,0.6718346253229973,-,0.6666666666666666
nonstructural_protein_NS2B,117,T:T:5,negative,1.0,0.674,T,"T:866,?:14",0.000,0.003630497954957401,0.007260995909914802,0.6718346253229973,-,0.6666666666666666
nonstructural_protein_NS2B,118,L:L:21,negative,1.0,1.254,L,"L:868,?:12",0.000,0.0002644552653731091,0.0011459728166168062,0.6718346253229973,-,0.6666666666666666
nonstructural_protein_NS2B,119,"L:L:17,F:L:1",negative,1.0,1.000,L,"L:869,?:10,F:1",0.000,0.001359090363732718,0.003533634945705067,0.6718346253229973,-,0.6666666666666666
nonstructural_protein_NS2B,120,"V:V:12,L:V:1,I:V:1",negative,1.0,1.001,V,"V:866,?:12,L:1,I:1",0.000,0.0004601822066415684,0.0015743075490369444,0.6718346253229973,-,0.6666666666666666
nonstructural_protein_NS2B,13,"L:L:7,L:V:1",negative,1.0,0.623,L,"L:875,?:4,V:1",0.000,0.00386366061847776,0.007496654931374758,0.6718346253229973,-,0.6666666666666666
nonstructural_protein_NS2B,121,L:W:1,neutral,1.0,0.000,W,"W:868,?:11,L:1",0.000,1.0,1.0,0.6718346253229973,-,0.6666666666666666
nonstructural_protein_NS2B,122,H:H:28,negative,1.0,3.256,H,"H:863,?:17",0.000,9.491127328509208e-09,1.233846552706197e-06,0.6718346253229973,-,0.6666666666666666
nonstructural_protein_NS2B,123,"T:T:22,A:T:5",negative,1.0,2.043,T,"T:862,?:13,A:5",0.000,9.976508696940556e-08,3.2423653265056807e-06,0.6718346253229973,-,0.6666666666666666
nonstructural_protein_NS2B,124,NA,neutral,1.0,0.153,W,"W:870,?:10",0.000,0.9999999417540417,1.0,0.6718346253229973,-,0.6666666666666666
nonstructural_protein_NS2B,125,"Q:Q:2,H:Q:1,H:H:1",neutral,1.0,0.497,Q,"Q:868,?:10,H:2",0.295,0.6377916766190993,0.6967472097519573,0.6718346253229973,-,0.6666666666666666
nonstructural_protein_NS2B,126,"K:K:14,K:R:1",negative,1.0,1.692,K,"K:865,?:14,R:1",0.000,0.0001084394330421734,0.0007831736830823635,0.6718346253229973,-,0.6666666666666666
nonstructural_protein_NS2B,127,"Q:R:2,Q:Q:1",neutral,1.0,0.213,Q,"Q:867,?:10,R:3",0.504,0.5391564066677045,0.5939858717525558,0.6718346253229973,-,0.01072486813427398
nonstructural_protein_NS2B,128,"T:T:12,N:T:1",negative,1.0,0.996,T,"T:860,?:10,N:10",0.101,0.002931900922910957,0.006571502068593525,0.6718346253229973,-,0.6666666666666666
nonstructural_protein_NS2B,129,"Q:Q:2,Q:R:1,K:Q:1",neutral,1.0,0.329,Q,"Q:860,?:10,R:9,K:1",0.295,0.9274381658710447,1.0,0.6718346253229973,-,0.6621609264941624
nonstructural_protein_NS2B,130,R:R:4,negative,1.0,0.606,R,"R:869,?:11",0.000,0.01893405969082795,0.030017411704971138,0.6718346253229973,-,0.6666666666666666
nonstructural_protein_NS2B,14,V:V:8,negative,1.0,0.806,V,"V:876,?:4",0.000,0.002076467338858801,0.004820370608065074,0.6718346253229973,-,0.6666666666666666
nonstructural_protein_NS2B,15,S:S:3,neutral,1.0,0.297,S,"S:876,?:4",0.000,0.07105594577252339,0.09237272950428041,0.6718346253229973,-,0.6666666666666666
nonstructural_protein_NS2B,16,"I:I:16,I:M:1",negative,1.0,1.576,I,"I:873,?:4,M:3",0.111,0.0001811732338665717,0.0009058661693328585,0.6718346253229973,-,0.6666666666666666
nonstructural_protein_NS2B,17,L:L:27,negative,1.0,1.571,L,"L:872,?:8",0.000,7.30110646297577e-05,0.0006327625601245668,0.6718346253229973,-,0.6666666666666666
nonstructural_protein_NS2B,18,A:A:20,negative,1.0,1.830,A,"A:871,?:9",0.000,7.782840942827107e-07,2.023538645135048e-05,0.6718346253229973,-,0.6666666666666666
nonstructural_protein_NS2B,19,S:S:11,negative,1.0,1.262,S,"S:874,?:6",0.000,0.0002467717859938601,0.0011062183510069591,0.6718346253229973,-,0.6666666666666666
nonstructural_protein_NS2B,20,"S:S:10,S:Y:1",negative,1.0,0.891,S,"S:874,?:5,Y:1",0.000,0.0003505915094815792,0.0014242780072689155,0.6718346253229973,-,0.6666666666666666
nonstructural_protein_NS2B,3,"P:Q:1,P:P:5,P:S:1",negative,1.0,0.672,P,"P:874,Q:1,?:4,S:1",0.000,0.00309067118122841,0.006622710947530801,0.6718346253229973,-,0.6666666666666666
nonstructural_protein_NS2B,21,"F:L:3,L:L:10,H:L:1",negative,1.0,0.824,L,"L:857,?:8,F:14,H:1",0.109,0.0125862976539447,0.0209771627565745,0.6718346253229973,-,0.6666666666666666
nonstructural_protein_NS2B,22,L:L:7,negative,1.0,0.624,L,"L:874,?:6",0.000,0.003850374088432251,0.007496654931374758,0.6718346253229973,-,0.6666666666666666
nonstructural_protein_NS2B,23,"R:R:13,K:R:1",negative,1.0,1.620,R,"R:870,?:9,K:1",0.000,7.210705168680942e-05,0.0006327625601245668,0.6718346253229973,-,0.6666666666666666
nonstructural_protein_NS2B,24,N:N:4,neutral,1.0,0.446,N,"N:875,?:5",0.000,0.03651957753999213,0.05275050089109974,0.6718346253229973,-,0.6666666666666666
nonstructural_protein_NS2B,25,"D:D:15,D:G:1,C:D:1",negative,1.0,1.645,D,"D:869,?:9,G:1,C:1",0.000,0.0001187645302306306,0.0008125994173674725,0.6718346253229973,-,0.6666666666666666
nonstructural_protein_NS2B,26,V:V:10,negative,1.0,1.104,V,"V:876,?:4",0.000,0.0003727033375993116,0.0014682252693306215,0.6718346253229973,-,0.6666666666666666
nonstructural_protein_NS2B,27,P:P:14,negative,1.0,1.160,P,"P:876,?:4",0.000,3.063507641787311e-05,0.00033187999452695866,0.6718346253229973,-,0.6666666666666666
nonstructural_protein_NS2B,28,I:M:1,neutral,1.0,0.000,M,"M:876,?:3,I:1",0.000,1.0,1.0,0.6718346253229973,-,0.6666666666666666
nonstructural_protein_NS2B,29,"A:A:7,A:T:1,A:E:1",negative,1.0,0.716,A,"A:875,T:1,?:3,E:1",0.000,0.001968056005150265,0.0046517687394460805,0.6718346253229973,-,0.6666666666666666
nonstructural_protein_NS2B,30,G:G:2,neutral,1.0,0.268,G,"G:877,?:3",0.000,0.1312538765129587,0.15799077728411695,0.6718346253229973,-,0.6666666666666666
nonstructural_protein_NS2B,4,"L:L:22,L:V:1",negative,1.0,1.231,L,"L:872,V:1,?:7",0.000,0.0004136961436900233,0.0014939027411028619,0.6718346253229973,-,0.6666666666666666
nonstructural_protein_NS2B,31,"P:P:2,P:R:1",neutral,1.0,0.268,P,"P:876,?:3,R:1",0.000,0.06122173117604568,0.08121250053965243,0.6718346253229973,-,0.6666666666666666
nonstructural_protein_NS2B,32,"L:L:29,L:V:1",negative,1.0,2.021,L,"L:873,V:1,?:6",0.000,9.418168478436684e-06,0.0001530452377745961,0.6718346253229973,-,0.6666666666666666
nonstructural_protein_NS2B,33,"A:V:4,V:V:3,L:V:1",neutral,1.0,0.298,V,"V:872,A:4,L:1,?:3",0.000,0.06049152692429971,0.08107111855833982,0.6718346253229973,-,0.6666666666666666
nonstructural_protein_NS2B,34,A:A:9,negative,1.0,0.762,A,"A:871,?:9",0.000,0.001234835715844151,0.003344346730411242,0.6718346253229973,-,0.6666666666666666
nonstructural_protein_NS2B,35,G:G:11,negative,1.0,1.114,G,"G:876,?:4",0.000,0.001279909533161816,0.0033956783532864505,0.6718346253229973,-,0.6666666666666666
nonstructural_protein_NS2B,36,G:G:3,neutral,1.0,0.244,G,"G:875,?:5",0.000,0.1231386812919678,0.14960774362575527,0.6718346253229973,-,0.6666666666666666
nonstructural_protein_NS2B,37,"L:L:14,L:M:2",negative,1.0,0.850,L,"L:874,M:2,?:4",0.000,0.003107579752302914,0.006622710947530801,0.6718346253229973,-,0.6666666666666666
nonstructural_protein_NS2B,38,L:L:14,negative,1.0,0.755,L,"L:872,?:8",0.000,0.005489603881752125,0.010194978637539662,0.6718346253229973,-,0.6666666666666666
nonstructural_protein_NS2B,39,I:V:1,neutral,1.0,0.000,I,"I:875,?:4,V:1",0.000,1.0,1.0,0.6718346253229973,-,0.6666666666666666
nonstructural_protein_NS2B,40,"A:T:1,A:A:12,A:V:2,A:G:1",negative,1.0,1.213,A,"A:873,T:1,V:2,?:3,G:1",0.000,6.95044493088659e-05,0.0006327625601245668,0.6718346253229973,-,0.6666666666666666
nonstructural_protein_NS2B,5,"N:N:9,K:N:1",negative,1.0,1.014,N,"N:873,?:6,K:1",0.000,0.001692191767703743,0.004230479419259358,0.6718346253229973,-,0.6666666666666666
nonstructural_protein_NS2B,41,C:C:5,negative,1.0,0.492,C,"C:877,?:3",0.000,0.02177918089640507,0.034111970078706734,0.6718346253229973,-,0.6666666666666666
nonstructural_protein_NS2B,42,Y:Y:11,negative,1.0,1.150,Y,"Y:874,?:6",0.000,0.001202699179880917,0.003326614752862111,0.6718346253229973,-,0.6666666666666666
nonstructural_protein_NS2B,43,V:V:13,negative,1.0,1.075,V,"V:877,?:3",0.000,0.0002802958308346648,0.0011754341293066589,0.6718346253229973,-,0.6666666666666666
nonstructural_protein_NS2B,44,"I:I:1,G:I:1",neutral,1.0,0.714,I,"I:875,?:4,G:1",0.000,0.0375002962939357,0.05298954911099609,0.6718346253229973,-,0.6666666666666666
nonstructural_protein_NS2B,45,T:T:11,negative,1.0,1.029,T,"T:877,?:3",0.000,0.0001470256128920377,0.0009058661693328585,0.6718346253229973,-,0.6666666666666666
nonstructural_protein_NS2B,46,G:G:7,negative,1.0,0.573,G,"G:877,?:3",0.000,0.01829176565381518,0.029357154753036706,0.6718346253229973,-,0.6666666666666666
nonstructural_protein_NS2B,47,"T:T:11,A:T:1",negative,1.0,1.109,T,"T:876,A:1,?:3",0.000,9.818604451383717e-05,0.0007508344580469901,0.6718346253229973,-,0.6666666666666666
nonstructural_protein_NS2B,48,S:S:3,negative,1.0,0.403,S,"S:877,?:3",0.000,0.02594692893225248,0.03922210187433515,0.6718346253229973,-,0.6666666666666666
nonstructural_protein_NS2B,49,"A:V:1,A:S:2,A:A:18",negative,1.0,2.497,A,"A:874,V:1,S:2,?:3",0.000,5.680149761655429e-08,2.461398230050686e-06,0.6718346253229973,-,0.6666666666666666
nonstructural_protein_NS2B,50,D:D:9,negative,1.0,0.891,D,"D:877,?:3",0.000,0.004254553236586411,0.008133704717003434,0.6718346253229973,-,0.6666666666666666
nonstructural_protein_NS2B,6,E:E:13,negative,1.0,1.819,E,"E:872,?:8",0.000,0.0001469259859748773,0.0009058661693328585,0.6718346253229973,-,0.6666666666666666
nonstructural_protein_NS2B,51,L:L:12,negative,1.0,1.012,L,"L:871,?:9",0.000,0.0002135535874535632,0.0009914987988915434,0.6718346253229973,-,0.6666666666666666
nonstructural_protein_NS2B,52,"A:T:3,I:T:4,T:T:9",negative,1.0,0.851,T,"T:867,A:3,I:4,?:6",0.000,0.0005853232233054007,0.0019510774110180022,0.6718346253229973,-,0.6666666666666666
nonstructural_protein_NS2B,53,V:V:14,negative,1.0,1.940,V,"V:877,?:3",0.000,5.196620041059141e-06,9.650865790538405e-05,0.6718346253229973,-,0.6666666666666666
nonstructural_protein_NS2B,54,"E:Q:2,E:E:6",negative,1.0,0.995,E,"E:875,Q:2,?:3",0.000,0.005899937906523323,0.01080270320912721,0.6718346253229973,-,0.6666666666666666
nonstructural_protein_NS2B,55,"K:K:4,K:N:1,K:R:1,K:Q:1",neutral,1.0,0.650,K,"K:872,?:4,N:1,R:2,Q:1",0.168,0.1788766136873522,0.21139963435777986,0.6718346253229973,-,0.6593791485993432
nonstructural_protein_NS2B,56,"A:A:7,A:T:4,A:V:7,A:P:1",neutral,1.0,0.951,A,"A:864,T:4,V:9,?:2,P:1",0.215,0.04069160602617228,0.056880739606477375,0.6718346253229973,-,0.6666666666666666
nonstructural_protein_NS2B,57,"A:P:2,A:A:4",neutral,1.0,0.540,A,"A:875,P:4,?:1",0.107,0.1030216911223264,0.12795638821276556,0.6718346253229973,-,0.6666666666666666
nonstructural_protein_NS2B,58,"D:D:12,D:E:1,D:N:4",negative,1.0,1.363,D,"D:873,E:1,N:6",0.169,0.007884833719508544,0.013851734912650144,0.6718346253229973,-,0.6666666666666666
nonstructural_protein_NS2B,59,"I:V:6,V:V:15,M:V:2,I:M:1,I:T:1",negative,1.0,2.185,V,"V:744,I:116,?:3,M:16,T:1",0.362,0.0009297998817872077,0.0027471360143712957,0.6718346253229973,-,0.6666666666666666
nonstructural_protein_NS2B,60,"I:T:5,T:T:4,P:T:1,A:T:1",neutral,1.0,0.546,T,"T:868,I:10,P:1,A:1",0.101,0.08693512030694761,0.1098054650944072,0.6718346253229973,-,0.6666666666666666
nonstructural_protein_NS2B,7,G:G:14,negative,1.0,1.505,G,"G:868,?:12",0.000,0.0002107286209124259,0.0009914987988915434,0.6718346253229973,-,0.6666666666666666
nonstructural_protein_NS2B,61,C:W:1,neutral,1.0,0.000,W,"W:878,?:1,C:1",0.000,1.0,1.0,0.6718346253229973,-,0.6666666666666666
nonstructural_protein_NS2B,62,"E:E:5,E:V:1,E:G:1",negative,1.0,0.574,E,"E:876,?:2,V:1,G:1",0.000,0.02910418451029351,0.04299481802656996,0.6718346253229973,-,0.6666666666666666
nonstructural_protein_NS2B,63,E:E:2,neutral,1.0,0.330,E,"E:879,?:1",0.000,0.1118574465893508,0.13718366091146797,0.6718346253229973,-,0.6666666666666666
nonstructural_protein_NS2B,64,"D:E:2,E:E:7,E:G:1",neutral,1.0,0.820,E,"E:857,D:21,?:1,G:1",0.188,0.1033493904795414,0.12795638821276556,0.6718346253229973,-,0.6666666666666666
nonstructural_protein_NS2B,65,"A:A:8,A:T:1",negative,1.0,0.714,A,"A:878,?:1,T:1",0.000,0.001888792950377582,0.004547094139797882,0.6718346253229973,-,0.6666666666666666
nonstructural_protein_NS2B,66,"E:E:7,E:G:1",negative,1.0,0.808,E,"E:869,?:10,G:1",0.000,0.009671061207495502,0.016327765674992407,0.6718346253229973,-,0.6666666666666666
nonstructural_protein_NS2B,67,Q:Q:12,negative,1.0,2.014,Q,"Q:866,?:14",0.000,0.001055805303203816,0.003050104209255468,0.6718346253229973,-,0.6666666666666666
nonstructural_protein_NS2B,68,T:T:4,negative,1.0,0.538,T,"T:869,?:11",0.000,0.009271780990345535,0.015859625378222626,0.6718346253229973,-,0.6666666666666666
nonstructural_protein_NS2B,69,G:G:1,neutral,1.0,0.134,G,"G:869,?:11",0.000,0.2861741324952878,0.3276431153981791,0.6718346253229973,-,0.6666666666666666
nonstructural_protein_NS2B,70,"V:V:6,A:V:2",negative,1.0,0.599,V,"V:866,?:12,A:2",0.000,0.007851483583952157,0.013851734912650144,0.6718346253229973,-,0.6666666666666666
nonstructural_protein_NS2B,8,V:V:5,negative,1.0,0.498,V,"V:877,?:3",0.000,0.01527954927371655,0.02514356209598926,0.6718346253229973,-,0.6666666666666666
nonstructural_protein_NS2B,71,"S:S:8,S:T:1",negative,1.0,0.661,S,"S:867,?:12,T:1",0.000,0.001861942461381161,0.004547094139797882,0.6718346253229973,-,0.6666666666666666
nonstructural_protein_NS2B,72,"H:H:12,H:R:1",negative,1.0,1.198,H,"H:868,?:11,R:1",0.000,0.0003845548123392328,0.0014703566354147136,0.6718346253229973,-,0.6666666666666666
nonstructural_protein_NS2B,73,"N:N:12,M:N:1",negative,1.0,1.280,N,"N:863,?:16,M:1",0.000,0.0004006616539737884,0.0014881718576169284,0.6718346253229973,-,0.6666666666666666
nonstructural_protein_NS2B,74,"L:L:21,L:V:1",negative,1.0,1.432,L,"L:864,?:15,V:1",0.000,0.0001691445165550309,0.0009058661693328585,0.6718346253229973,-,0.6666666666666666
nonstructural_protein_NS2B,75,"L:M:2,M:T:1",neutral,1.0,0.000,M,"M:866,?:11,L:2,T:1",0.000,1.0,1.0,0.6718346253229973,-,0.6666666666666666
nonstructural_protein_NS2B,76,"I:I:10,I:V:8,I:T:1",neutral,1.0,0.883,I,"I:854,?:11,V:14,T:1",0.225,0.04458169186427652,0.06037104106620778,0.6718346253229973,-,0.6666666666666666
nonstructural_protein_NS2B,77,"T:T:7,A:T:1",negative,1.0,0.950,T,"T:868,?:10,A:2",0.101,0.00831098561716992,0.014405708403094526,0.6718346253229973,-,0.6666666666666666
nonstructural_protein_NS2B,78,V:V:2,neutral,1.0,0.177,V,"V:871,?:9",0.000,0.1424898620972674,0.16994203736371344,0.6718346253229973,-,0.6666666666666666
nonstructural_protein_NS2B,79,"D:D:4,D:E:1",neutral,1.0,0.446,D,"D:870,?:9,E:1",0.000,0.04397214742342115,0.06017241226362894,0.6718346253229973,-,0.6666666666666666
nonstructural_protein_NS2B,80,D:D:5,negative,1.0,0.562,D,"D:871,?:9",0.000,0.02402527807545063,0.037181977973911685,0.6718346253229973,-,0.6666666666666666
nonstructural_protein_NS2B,9,NA,neutral,1.0,0.153,M,"M:877,?:3",0.000,1.0,1.0,0.6718346253229973,-,0.6666666666666666
nonstructural_protein_NS2B,81,"D:D:7,D:N:1",negative,1.0,0.813,D,"D:870,?:9,N:1",0.000,0.006835138185886103,0.012341221724516575,0.6718346253229973,-,0.6666666666666666
nonstructural_protein_NS2B,82,G:G:1,neutral,1.0,0.133,G,"G:869,?:11",0.000,0.287317808887634,0.3276431153981791,0.6718346253229973,-,0.6666666666666666
nonstructural_protein_NS2B,83,"P:T:1,T:T:1",neutral,1.0,0.134,T,"T:867,?:12,P:1",0.000,0.1943233084045859,0.22758585669005554,0.6718346253229973,-,0.6666666666666666
nonstructural_protein_NS2B,84,I:M:1,neutral,1.0,0.000,M,"M:868,?:11,I:1",0.000,1.0,1.0,0.6718346253229973,-,0.6666666666666666
nonstructural_protein_NS2B,85,"K:R:5,R:R:1",neutral,1.0,0.151,R,"R:863,?:12,K:5",0.000,0.2397830998011924,0.2783196694120983,0.6718346253229973,-,0.6666666666666666
nonstructural_protein_NS2B,86,I:I:1,neutral,1.0,0.717,I,"I:870,?:10",0.000,0.03717996060317419,0.05298954911099609,0.6718346253229973,-,0.6666666666666666
nonstructural_protein_NS2B,87,"K:R:2,K:K:13",negative,1.0,2.019,K,"K:861,?:16,R:3",0.169,0.0008774920050126367,0.0027471360143712957,0.6718346253229973,-,0.6666666666666666
nonstructural_protein_NS2B,88,"D:N:2,D:D:3",neutral,1.0,0.335,D,"D:868,?:10,N:2",0.000,0.08121115835610937,0.10452921372568533,0.6718346253229973,-,0.6666666666666666
nonstructural_protein_NS2B,89,D:D:4,neutral,1.0,0.448,D,"D:870,?:10",0.000,0.04369071036583894,0.06017241226362894,0.6718346253229973,-,0.6666666666666666
nonstructural_protein_NS2B,90,E:E:6,negative,1.0,0.691,E,"E:869,?:11",0.000,0.01665529327035331,0.027064851564324133,0.6718346253229973,-,0.6666666666666666
nonstructural_protein_NS2B,10,A:A:9,negative,1.0,0.816,A,"A:878,?:2",0.000,0.0009209458766309409,0.0027471360143712957,0.6718346253229973,-,0.6666666666666666
nonstructural_protein_NS2B,91,"T:T:3,S:T:2,I:T:2,N:T:1",neutral,1.0,0.266,T,"T:860,?:14,S:3,I:2,N:1",0.101,0.3726333655823102,0.4176063579801752,0.6718346253229973,-,0.6452447072043823
nonstructural_protein_NS2B,92,E:E:5,negative,1.0,0.574,E,"E:871,?:9",0.000,0.02909858890993122,0.04299481802656996,0.6718346253229973,-,0.6666666666666666
nonstructural_protein_NS2B,93,"N:N:18,N:S:5,H:N:2,I:N:2",negative,1.0,2.146,N,"N:857,?:14,S:5,H:2,I:2",0.000,4.963511859079617e-06,9.650865790538405e-05,0.6718346253229973,-,0.6666666666666666
nonstructural_protein_NS2B,94,"I:I:14,I:V:4,V:V:1",negative,1.0,1.373,I,"I:859,?:15,V:6",0.224,0.003238959633198535,0.0066835674970763415,0.6718346253229973,-,0.6666666666666666
nonstructural_protein_NS2B,95,"L:L:21,I:L:1,L:P:1",negative,1.0,1.426,L,"L:868,?:10,I:1,P:1",0.000,0.0001810534400498165,0.0009058661693328585,0.6718346253229973,-,0.6666666666666666
nonstructural_protein_NS2B,96,"A:T:1,T:T:2",neutral,1.0,0.268,T,"T:870,?:9,A:1",0.000,0.06604219747368523,0.08672207749069777,0.6718346253229973,-,0.6666666666666666
nonstructural_protein_NS2B,97,V:V:9,negative,1.0,0.903,V,"V:871,?:9",0.000,0.001118578724051744,0.0031612007418853633,0.6718346253229973,-,0.6666666666666666
nonstructural_protein_NS2B,98,"L:T:1,L:L:13",negative,1.0,1.143,L,"L:868,?:11,T:1",0.000,9.304800925558077e-05,0.0007508344580469901,0.6718346253229973,-,0.6666666666666666
nonstructural_protein_NS2B,99,"L:L:29,F:L:1,I:L:1",negative,1.0,1.931,L,"L:862,?:16,F:1,I:1",0.000,1.186945311981713e-05,0.00017144765617513634,0.6718346253229973,-,0.6666666666666666
nonstructural_protein_NS2B,100,K:K:11,negative,1.0,1.682,K,"K:866,?:14",0.000,0.0001727596771153861,0.0009058661693328585,0.6718346253229973,-,0.6666666666666666
nonstructural_protein_NS4A,1,"S:S:9,S:T:1,P:S:1",neutral,1.0,0.000,S,"S:858,?:6,T:1,P:1",0.000,1.0,1.0,1.0,-,1.0
nonstructural_protein_NS4A,2,I:I:20,negative,1.0,2.056,I,"I:860,?:6",0.000,6.729979370456718e-07,1.7094147600960062e-05,0.6719576719576719,-,0.6666666666666666
nonstructural_protein_NS4A,11,G:G:2,neutral,1.0,0.303,G,"G:861,?:5",0.000,0.1572880384153488,0.20019766977974154,0.6719576719576719,-,0.6666666666666666
nonstructural_protein_NS4A,101,P:P:4,negative,1.0,0.610,P,"P:863,?:3",0.000,0.002567745874975658,0.0061529004928661995,0.6719576719576719,-,0.6666666666666666
nonstructural_protein_NS4A,102,L:L:14,negative,1.0,1.159,L,"L:861,?:5",0.000,3.899768144566274e-05,0.0002358431211237699,0.6719576719576719,-,0.6666666666666666
nonstructural_protein_NS4A,103,"Q:Q:9,P:Q:1",negative,1.0,1.728,Q,"Q:862,?:3,P:1",0.000,0.003687342308358432,0.007553104405830981,0.6719576719576719,-,0.6666666666666666
nonstructural_protein_NS4A,104,NA,neutral,1.0,0.153,W,"W:864,?:2",0.000,1.0,1.0,0.6719576719576719,-,0.6666666666666666
nonstructural_protein_NS4A,105,I:I:18,negative,1.0,1.633,I,"I:864,?:2",0.000,7.9180339359608e-06,9.141730089700196e-05,0.6719576719576719,-,0.6666666666666666
nonstructural_protein_NS4A,106,A:A:11,negative,1.0,1.495,A,"A:863,?:3",0.000,5.579760729346184e-06,7.086296126269653e-05,0.6719576719576719,-,0.6666666666666666
nonstructural_protein_NS4A,107,"S:S:9,A:S:1",negative,1.0,1.222,S,"S:861,?:4,A:1",0.000,9.803780693706798e-06,9.856216783185818e-05,0.6719576719576719,-,0.6666666666666666
nonstructural_protein_NS4A,108,A:A:10,negative,1.0,0.787,A,"A:864,?:2",0.000,0.0003359656775150377,0.0013333637826378059,0.6719576719576719,-,0.6666666666666666
nonstructural_protein_NS4A,109,"I:M:2,I:V:1",neutral,1.0,0.000,I,"I:860,M:2,V:1,?:3",0.000,1.0,1.0,0.6719576719576719,-,0.6666666666666666
nonstructural_protein_NS4A,110,"I:V:6,V:V:11",neutral,1.0,0.940,V,"V:838,I:26,?:2",0.521,0.2965481252933702,0.36564671759473805,0.6719576719576719,-,0.1487677934630659
nonstructural_protein_NS4A,12,"R:R:3,K:R:1",neutral,1.0,0.527,R,"R:860,?:5,K:1",0.000,0.05661676702782026,0.07901460892893597,0.6719576719576719,-,0.6666666666666666
nonstructural_protein_NS4A,111,L:L:20,negative,1.0,1.081,L,"L:861,?:5",0.000,0.000966204797982817,0.0031463592139440453,0.6719576719576719,-,0.6666666666666666
nonstructural_protein_NS4A,112,E:E:3,neutral,1.0,0.480,E,"E:861,?:5",0.000,0.06607808872477305,0.0912164920439802,0.6719576719576719,-,0.6666666666666666
nonstructural_protein_NS4A,113,F:F:13,negative,1.0,1.229,F,"F:864,?:2",0.000,1.008904080168627e-05,9.856216783185818e-05,0.6719576719576719,-,0.6666666666666666
nonstructural_protein_NS4A,114,F:F:21,negative,1.0,2.050,F,"F:859,?:7",0.000,1.796934756548296e-08,1.141053570408168e-06,0.6719576719576719,-,0.6666666666666666
nonstructural_protein_NS4A,115,L:M:1,negative,1.0,10000.000,M,"M:862,?:3,L:1",0.000,3.524389253750648e-05,0.00022379871761316617,0.6719576719576719,-,0.6666666666666666
nonstructural_protein_NS4A,116,I:M:1,neutral,1.0,0.113,M,"M:863,?:2,I:1",0.000,1.0,1.0,0.6719576719576719,-,0.6666666666666666
nonstructural_protein_NS4A,117,V:V:4,negative,1.0,0.538,V,"V:864,?:2",0.000,0.01652092772789071,0.027840837683576453,0.6719576719576719,-,0.6666666666666666
nonstructural_protein_NS4A,118,L:L:19,negative,1.0,1.032,L,"L:862,?:4",0.000,0.001040519422043862,0.003303649164989262,0.6719576719576719,-,0.6666666666666666
nonstructural_protein_NS4A,119,L:L:29,negative,1.0,2.387,L,"L:858,?:8",0.000,4.695809519006389e-09,5.963678089138114e-07,0.6719576719576719,-,0.6666666666666666
nonstructural_protein_NS4A,120,"I:I:3,I:V:1",negative,1.0,2.123,I,"I:860,?:5,V:1",0.000,0.0004052202883739753,0.0015136169595145548,0.6719576719576719,-,0.6666666666666666
nonstructural_protein_NS4A,13,"V:V:6,M:V:1",negative,1.0,0.810,V,"V:861,?:4,M:1",0.000,0.003330175178851258,0.007090792834988092,0.6719576719576719,-,0.6666666666666666
nonstructural_protein_NS4A,121,P:P:1,neutral,1.0,0.152,P,"P:861,?:5",0.000,0.1316243911460894,0.17057446607707502,0.6719576719576719,-,0.6666666666666666
nonstructural_protein_NS4A,122,E:E:3,neutral,1.0,0.572,E,"E:861,?:5",0.000,0.04710721549913333,0.06798427691352196,0.6719576719576719,-,0.6666666666666666
nonstructural_protein_NS4A,123,NA,neutral,1.0,0.000,P,"P:860,?:6",0.000,0.9999999663716803,1.0,0.6719576719576719,-,0.6666666666666666
nonstructural_protein_NS4A,124,E:E:8,negative,1.0,1.542,E,"E:861,?:5",0.000,0.001168426539360223,0.003619272451188983,0.6719576719576719,-,0.6666666666666666
nonstructural_protein_NS4A,125,"?:K:1,K:K:9",negative,1.0,1.447,K,"K:853,?:13",0.000,0.001291629469841293,0.003806737139630682,0.6719576719576719,-,0.6666666666666666
nonstructural_protein_NS4A,126,Q:Q:5,neutral,1.0,0.784,Q,"Q:850,?:16",0.000,0.05116952123108309,0.07301718198143319,0.6719576719576719,-,0.6666666666666666
nonstructural_protein_NS4A,127,R:R:2,neutral,1.0,0.350,R,"R:854,?:12",0.000,0.1195211212772647,0.1573321216688171,0.6719576719576719,-,0.6666666666666666
nonstructural_protein_NS4A,14,"P:P:15,P:S:1",negative,1.0,1.135,P,"P:860,?:5,S:1",0.000,3.723267470667757e-06,5.253944097497835e-05,0.6719576719576719,-,0.6666666666666666
nonstructural_protein_NS4A,15,"P:S:1,S:T:4,S:S:1",neutral,1.0,0.152,S,"S:803,?:5,P:1,T:57",0.140,0.9443693383147843,1.0,0.6719576719576719,-,0.6580187247536075
nonstructural_protein_NS4A,16,H:H:8,negative,1.0,0.771,H,"H:860,?:6",0.000,0.003310252705976624,0.007090792834988092,0.6719576719576719,-,0.6666666666666666
nonstructural_protein_NS4A,17,"L:L:23,L:Q:2",negative,1.0,1.339,L,"L:854,?:10,Q:2",0.000,0.0002236309059818753,0.0009793491399895918,0.6719576719576719,-,0.6666666666666666
nonstructural_protein_NS4A,18,"A:A:14,A:V:1,A:P:1",negative,1.0,1.204,A,"A:856,?:7,V:1,P:2",0.087,0.0002834881945872336,0.0012001000237526224,0.6719576719576719,-,0.6666666666666666
nonstructural_protein_NS4A,19,"H:Y:8,Y:Y:2,H:H:8",neutral,1.0,0.963,H,"H:790,?:5,Y:71",0.538,0.3112192810787883,0.38004662208659723,0.6719576719576719,-,0.5032656875639623
nonstructural_protein_NS4A,20,"K:R:1,R:T:1,R:R:1",neutral,1.0,0.175,R,"R:859,?:5,K:1,T:1",0.000,0.2718076629013821,0.3384271881223091,0.6719576719576719,-,0.6666666666666666
nonstructural_protein_NS4A,3,"A:T:5,A:A:11",negative,1.0,0.944,A,"A:853,?:8,T:5",0.000,0.0001056449301023443,0.000583343744478162,0.6719576719576719,-,0.6666666666666666
nonstructural_protein_NS4A,21,"T:T:9,T:V:1,P:T:1,A:T:1",negative,1.0,1.361,T,"T:857,?:6,V:1,P:1,A:1",0.000,1.255880588790781e-05,0.00011392631055459229,0.6719576719576719,-,0.6666666666666666
nonstructural_protein_NS4A,22,"R:R:2,K:R:2",neutral,1.0,0.350,R,"R:858,?:6,K:2",0.000,0.1201670535580729,0.1573321216688171,0.6719576719576719,-,0.6666666666666666
nonstructural_protein_NS4A,23,"N:N:12,N:S:9,N:T:2",neutral,1.0,1.167,N,"N:831,?:7,S:26,T:2",0.931,0.6724473704318419,0.7625072861146779,0.6719576719576719,-,0.6666666666666666
nonstructural_protein_NS4A,24,A:A:10,negative,1.0,0.792,A,"A:857,?:9",0.000,0.0003243044284514385,0.0013286020133333124,0.6719576719576719,-,0.6666666666666666
nonstructural_protein_NS4A,25,L:L:18,negative,1.0,0.978,L,"L:864,?:2",0.000,0.001677685894334813,0.004548414723074474,0.6719576719576719,-,0.6666666666666666
nonstructural_protein_NS4A,26,D:D:10,negative,1.0,0.968,D,"D:864,?:2",0.000,0.004823899671406839,0.00928235239801013,0.6719576719576719,-,0.6666666666666666
nonstructural_protein_NS4A,27,N:N:10,negative,1.0,0.937,N,"N:863,?:3",0.000,0.003155050327371178,0.007029673536423501,0.6719576719576719,-,0.6666666666666666
nonstructural_protein_NS4A,28,"L:L:24,K:L:1",negative,1.0,1.368,L,"L:861,?:4,K:1",0.000,0.0001923029616650584,0.000872231290409372,0.6719576719576719,-,0.6666666666666666
nonstructural_protein_NS4A,29,"V:V:5,M:V:2,A:V:1",negative,1.0,0.671,V,"V:860,?:3,M:2,A:1",0.000,0.007439179712372734,0.013970628441909123,0.6719576719576719,-,0.6666666666666666
nonstructural_protein_NS4A,30,"M:T:1,M:V:2",neutral,1.0,0.000,M,"M:862,T:1,V:2,?:1",0.000,1.0,1.0,0.6719576719576719,-,0.6666666666666666
nonstructural_protein_NS4A,4,"I:L:2,L:L:12,F:L:3",negative,1.0,0.908,L,"L:854,?:5,I:2,F:5",0.196,0.01937385366035527,0.03195427811513142,0.6719576719576719,-,0.6666666666666666
nonstructural_protein_NS4A,31,L:L:13,negative,1.0,0.696,L,"L:863,?:3",0.000,0.007590674108876927,0.0139712407511213,0.6719576719576719,-,0.6666666666666666
nonstructural_protein_NS4A,32,H:H:16,negative,1.0,1.552,H,"H:865,?:1",0.000,3.106865789570534e-05,0.0002076694501449778,0.6719576719576719,-,0.6666666666666666
nonstructural_protein_NS4A,33,"T:T:15,K:T:1,M:T:1",negative,1.0,2.049,T,"T:863,K:1,M:1,?:1",0.000,8.62359452735717e-08,3.650655016581202e-06,0.6719576719576719,-,0.6666666666666666
nonstructural_protein_NS4A,34,"S:S:4,S:T:1",negative,1.0,0.609,S,"S:864,T:1,?:1",0.000,0.002283984526879612,0.005578192979109822,0.6719576719576719,-,0.6666666666666666
nonstructural_protein_NS4A,35,E:E:3,neutral,1.0,0.576,E,"E:865,?:1",0.000,0.04650396986668026,0.06788510543756773,0.6719576719576719,-,0.6666666666666666
nonstructural_protein_NS4A,36,"H:Q:2,H:H:8,D:H:1,H:Y:2",neutral,1.0,0.751,H,"H:856,Q:5,D:1,Y:2,?:2",0.128,0.04002969690232649,0.059809076548181926,0.6719576719576719,-,0.6666666666666666
nonstructural_protein_NS4A,37,G:G:9,negative,1.0,0.760,G,"G:863,?:3",0.000,0.0166606587712741,0.027840837683576453,0.6719576719576719,-,0.6666666666666666
nonstructural_protein_NS4A,38,G:G:14,negative,1.0,1.185,G,"G:864,?:2",0.000,0.002826537335975488,0.00641018288694441,0.6719576719576719,-,0.6666666666666666
nonstructural_protein_NS4A,39,"R:R:8,K:R:3,K:K:2",neutral,1.0,1.412,R,"R:768,?:9,K:89",0.621,0.1898636863339113,0.2387394867763043,0.6719576719576719,-,0.621080356047349
nonstructural_protein_NS4A,40,A:A:18,negative,1.0,1.577,A,"A:856,?:10",0.000,6.205023287408906e-07,1.7094147600960062e-05,0.6719576719576719,-,0.6666666666666666
nonstructural_protein_NS4A,5,D:D:10,negative,1.0,0.941,D,"D:861,?:5",0.000,0.003866254441371897,0.007793878000860808,0.6719576719576719,-,0.6666666666666666
nonstructural_protein_NS4A,41,Y:Y:9,negative,1.0,0.870,Y,"Y:858,?:8",0.000,0.00154485892558609,0.00435993518998741,0.6719576719576719,-,0.6666666666666666
nonstructural_protein_NS4A,42,"R:R:9,K:R:2",negative,1.0,1.268,R,"R:856,?:8,K:2",0.000,0.002140890130139961,0.005437860930555502,0.6719576719576719,-,0.6666666666666666
nonstructural_protein_NS4A,43,"H:H:9,H:Y:1",negative,1.0,0.838,H,"H:859,?:6,Y:1",0.000,0.001683271590429136,0.004548414723074474,0.6719576719576719,-,0.6666666666666666
nonstructural_protein_NS4A,44,A:A:9,negative,1.0,1.304,A,"A:859,?:7",0.000,2.730792675409432e-05,0.0002040062763394105,0.6719576719576719,-,0.6666666666666666
nonstructural_protein_NS4A,45,"V:V:6,M:V:1",negative,1.0,0.804,V,"V:858,?:7,M:1",0.000,0.003408504291836589,0.007096394181364702,0.6719576719576719,-,0.6666666666666666
nonstructural_protein_NS4A,46,E:E:5,negative,1.0,0.760,E,"E:860,?:6",0.000,0.0205424159055082,0.033447266923071046,0.6719576719576719,-,0.6666666666666666
nonstructural_protein_NS4A,47,E:E:4,negative,1.0,0.772,E,"E:860,?:6",0.000,0.0213617696312387,0.03434107269832044,0.6719576719576719,-,0.6666666666666666
nonstructural_protein_NS4A,48,"L:L:15,F:L:1",negative,1.0,0.850,L,"L:858,?:7,F:1",0.000,0.003349980866923508,0.007090792834988092,0.6719576719576719,-,0.6666666666666666
nonstructural_protein_NS4A,49,P:P:2,neutral,1.0,0.304,P,"P:860,?:6",0.000,0.03292474825377123,0.05099320766132861,0.6719576719576719,-,0.6666666666666666
nonstructural_protein_NS4A,50,"E:E:3,E:K:1",neutral,1.0,0.544,E,"E:858,?:7,K:1",0.000,0.05198682964430523,0.07335919294251961,0.6719576719576719,-,0.6666666666666666
nonstructural_protein_NS4A,6,"F:L:1,L:L:3",neutral,1.0,0.222,L,"L:858,?:6,F:2",0.098,0.4537538701311659,0.519159833393316,0.6719576719576719,-,0.6390762072752082
nonstructural_protein_NS4A,51,T:T:3,negative,1.0,0.458,T,"T:861,?:5",0.000,0.01275944058012146,0.022506235467714242,0.6719576719576719,-,0.6666666666666666
nonstructural_protein_NS4A,52,NA,neutral,1.0,0.153,M,"M:862,?:4",0.000,1.0,1.0,0.6719576719576719,-,0.6666666666666666
nonstructural_protein_NS4A,53,"E:E:2,E:G:1",neutral,1.0,0.382,E,"E:861,?:4,G:1",0.000,0.1044335906495546,0.1396112211841414,0.6719576719576719,-,0.6666666666666666
nonstructural_protein_NS4A,54,"T:T:5,R:T:1",negative,1.0,0.765,T,"T:860,?:5,R:1",0.000,0.001300779562359744,0.003806737139630682,0.6719576719576719,-,0.6666666666666666
nonstructural_protein_NS4A,55,"L:L:14,F:L:1",negative,1.0,1.206,L,"L:861,?:4,F:1",0.000,2.981183546291177e-05,0.0002076694501449778,0.6719576719576719,-,0.6666666666666666
nonstructural_protein_NS4A,56,L:L:11,negative,1.0,0.626,L,"L:862,?:4",0.000,0.01138395273404402,0.020362845031318175,0.6719576719576719,-,0.6666666666666666
nonstructural_protein_NS4A,57,L:L:4,negative,1.0,0.339,L,"L:863,?:3",0.000,0.025730604562057,0.040847334742265484,0.6719576719576719,-,0.6666666666666666
nonstructural_protein_NS4A,58,"L:L:22,L:M:1",negative,1.0,1.210,L,"L:860,?:5,M:1",0.000,0.0003817627867293005,0.0014692083004430655,0.6719576719576719,-,0.6666666666666666
nonstructural_protein_NS4A,59,"G:G:3,G:R:1",neutral,1.0,0.457,G,"G:861,?:4,R:1",0.000,0.08313839134611967,0.11232527341443826,0.6719576719576719,-,0.6666666666666666
nonstructural_protein_NS4A,60,L:L:10,negative,1.0,0.855,L,"L:861,?:5",0.000,0.0004241284355520625,0.0015389803232889125,0.6719576719576719,-,0.6666666666666666
nonstructural_protein_NS4A,7,"V:V:5,G:V:1,M:V:1",negative,1.0,0.669,V,"V:858,?:6,G:1,M:1",0.000,0.007480336488581263,0.013970628441909123,0.6719576719576719,-,0.6666666666666666
nonstructural_protein_NS4A,61,NA,neutral,1.0,0.153,M,"M:863,?:3",0.000,1.0,1.0,0.6719576719576719,-,0.6666666666666666
nonstructural_protein_NS4A,62,"I:I:13,I:V:3",negative,1.0,1.176,I,"I:858,?:3,V:5",0.120,0.002785696804241899,0.00641018288694441,0.6719576719576719,-,0.6666666666666666
nonstructural_protein_NS4A,63,"L:L:19,L:S:8,L:V:1",negative,1.0,1.117,L,"L:853,?:4,S:8,V:1",0.000,0.0006585528088819403,0.0022725929467373234,0.6719576719576719,-,0.6666666666666666
nonstructural_protein_NS4A,64,L:L:19,negative,1.0,1.113,L,"L:863,?:3",0.000,0.0006620940081045745,0.0022725929467373234,0.6719576719576719,-,0.6666666666666666
nonstructural_protein_NS4A,65,T:T:4,negative,1.0,0.604,T,"T:864,?:2",0.000,0.004142963925775511,0.008094714131899845,0.6719576719576719,-,0.6666666666666666
nonstructural_protein_NS4A,66,"G:G:8,G:S:2,D:G:1",neutral,1.0,0.599,G,"G:861,?:2,S:2,D:1",0.000,0.03202126033725383,0.050206173615200446,0.6719576719576719,-,0.6666666666666666
nonstructural_protein_NS4A,67,G:G:9,negative,1.0,1.360,G,"G:863,?:3",0.000,0.002716284458306184,0.006388298633423804,0.6719576719576719,-,0.6666666666666666
nonstructural_protein_NS4A,68,"A:V:14,A:A:11,A:T:1,V:V:1",negative,1.0,1.833,A,"A:833,V:30,?:2,T:1",0.353,0.002029377951112354,0.005259816322270795,0.6719576719576719,-,0.4355058595579786
nonstructural_protein_NS4A,69,"M:T:2,L:M:1",neutral,1.0,0.000,M,"M:854,T:2,?:3,L:7",0.091,0.8741279980690935,0.9738092610067971,0.6719576719576719,-,0.6142446764127039
nonstructural_protein_NS4A,70,"L:L:16,L:V:1,I:L:1",negative,1.0,1.232,L,"L:859,?:5,V:1,I:1",0.000,1.91235455114791e-05,0.00015179314249736536,0.6719576719576719,-,0.6666666666666666
nonstructural_protein_NS4A,8,T:T:4,negative,1.0,0.610,T,"T:860,?:6",0.000,0.004020801412564889,0.007978777803058452,0.6719576719576719,-,0.6666666666666666
nonstructural_protein_NS4A,71,F:F:10,negative,1.0,0.966,F,"F:864,?:2",0.000,0.0001151637795888671,0.000609408333657755,0.6719576719576719,-,0.6666666666666666
nonstructural_protein_NS4A,72,"L:L:17,F:L:1,I:L:1",negative,1.0,0.919,L,"L:862,?:2,F:1,I:1",0.000,0.001870310353367932,0.00494852947661932,0.6719576719576719,-,0.6666666666666666
nonstructural_protein_NS4A,73,"I:V:3,I:M:3,I:L:1",neutral,1.0,0.000,I,"I:849,V:8,?:2,M:5,L:2",0.298,0.3772827535700803,0.44365657132777964,0.6719576719576719,-,0.3377075185330921
nonstructural_protein_NS4A,74,S:S:6,negative,1.0,0.915,S,"S:864,?:2",0.000,0.0001879833005321574,0.000872231290409372,0.6719576719576719,-,0.6666666666666666
nonstructural_protein_NS4A,75,G:G:24,negative,1.0,1.894,G,"G:863,?:3",0.000,0.0001544019717281131,0.0007843620163788146,0.6719576719576719,-,0.6666666666666666
nonstructural_protein_NS4A,76,"K:K:1,K:R:2,E:K:1",neutral,1.0,0.190,K,"K:860,?:2,R:3,E:1",0.198,0.9786192972122431,1.0,0.6719576719576719,-,0.6485774887849921
nonstructural_protein_NS4A,77,"G:G:11,G:V:1",negative,1.0,1.490,G,"G:862,?:3,V:1",0.000,0.001318869560187008,0.003806737139630682,0.6719576719576719,-,0.6666666666666666
nonstructural_protein_NS4A,78,"I:V:2,V:V:2,I:I:2,I:L:1,D:I:1",neutral,1.0,0.314,I,"I:798,?:4,V:62,L:1,D:1",0.240,0.752125739860849,0.8453094598436091,0.6719576719576719,-,0.6666666666666666
nonstructural_protein_NS4A,79,"G:R:2,G:G:1",neutral,1.0,0.152,G,"G:860,?:4,R:2",0.000,0.3174030803477493,0.38028482268079394,0.6719576719576719,-,0.6666666666666666
nonstructural_protein_NS4A,80,"K:K:3,K:S:1",neutral,1.0,0.455,K,"K:861,?:4,S:1",0.000,0.06970869035406957,0.09519358790286919,0.6719576719576719,-,0.6666666666666666
nonstructural_protein_NS4A,9,E:E:7,negative,1.0,1.371,E,"E:861,?:5",0.000,0.002246997944504558,0.005578192979109822,0.6719576719576719,-,0.6666666666666666
nonstructural_protein_NS4A,81,"T:T:8,I:T:4,A:T:1,R:T:1",negative,1.0,0.658,T,"T:854,?:4,I:4,A:3,R:1",0.084,0.01352884679604804,0.02353648689175481,0.6719576719576719,-,0.6666666666666666
nonstructural_protein_NS4A,82,"S:T:1,R:S:1",neutral,1.0,0.000,S,"S:854,T:10,?:1,R:1",0.069,0.3865995468555027,0.4504416738591637,0.6719576719576719,-,0.357834481817458
nonstructural_protein_NS4A,83,"I:M:1,I:I:1",neutral,1.0,0.740,I,"I:863,?:2,M:1",0.000,0.03839410385303044,0.05874760469078151,0.6719576719576719,-,0.6666666666666666
nonstructural_protein_NS4A,84,G:G:1,neutral,1.0,0.152,G,"G:863,?:3",0.000,0.3173298638945639,0.38028482268079394,0.6719576719576719,-,0.6666666666666666
nonstructural_protein_NS4A,85,L:L:19,negative,1.0,1.643,L,"L:862,?:4",0.000,1.202304379388508e-06,2.5448776030390086e-05,0.6719576719576719,-,0.6666666666666666
nonstructural_protein_NS4A,86,"I:I:15,I:V:2,I:L:1",negative,1.0,1.213,I,"I:859,?:4,V:2,L:1",0.000,8.380559376131025e-05,0.00048378683671301825,0.6719576719576719,-,0.6666666666666666
nonstructural_protein_NS4A,87,C:C:10,negative,1.0,0.933,C,"C:863,?:3",0.000,0.0008989003638815163,0.0030042196371829625,0.6719576719576719,-,0.6666666666666666
nonstructural_protein_NS4A,88,"V:V:18,I:V:1",negative,1.0,2.108,V,"V:858,?:7,I:1",0.000,1.652405259511269e-06,2.91612845860073e-05,0.6719576719576719,-,0.6666666666666666
nonstructural_protein_NS4A,89,"I:I:17,I:V:4,A:V:3,V:V:2,I:T:4",negative,1.0,1.520,I,"I:748,?:8,V:100,A:6,T:4",0.367,0.008764422945919281,0.015901167344739266,0.6719576719576719,-,0.6666666666666666
nonstructural_protein_NS4A,90,"A:T:3,A:A:6,A:V:9,V:V:4",neutral,1.0,0.842,A,"A:578,?:6,T:4,V:278",0.382,0.1576359604564894,0.20019766977974154,0.6719576719576719,-,0.6666666666666666
nonstructural_protein_NS4A,10,I:I:1,neutral,1.0,0.730,I,"I:861,?:5",0.000,0.03902270380297346,0.05899861170211464,0.6719576719576719,-,0.6666666666666666
nonstructural_protein_NS4A,91,S:S:14,negative,1.0,1.203,S,"S:861,?:5",0.000,1.836931312504397e-06,2.91612845860073e-05,0.6719576719576719,-,0.6666666666666666
nonstructural_protein_NS4A,92,"S:S:22,R:S:1",negative,1.0,2.157,S,"S:858,?:7,R:1",0.000,1.54196247824645e-05,0.00013055282315819943,0.6719576719576719,-,0.6666666666666666
nonstructural_protein_NS4A,93,"G:G:17,C:G:2,G:S:4",negative,1.0,1.471,G,"G:854,?:5,C:2,S:5",0.226,0.016168956889418,0.027749426012920082,0.6719576719576719,-,0.6666666666666666
nonstructural_protein_NS4A,94,L:M:3,neutral,1.0,0.000,M,"M:860,?:3,L:3",0.000,1.0,1.0,0.6719576719576719,-,0.6666666666666666
nonstructural_protein_NS4A,95,"L:L:15,L:S:1",neutral,1.0,0.832,L,"L:857,?:6,S:3",0.162,0.04611930618968307,0.06788510543756773,0.6719576719576719,-,0.6666666666666666
nonstructural_protein_NS4A,96,R:W:1,neutral,1.0,0.079,W,"W:862,?:3,R:1",0.000,1.0,1.0,0.6719576719576719,-,0.6666666666666666
nonstructural_protein_NS4A,97,"M:T:1,I:M:2,L:M:1",neutral,1.0,0.036,M,"M:859,?:3,T:1,I:2,L:1",0.000,1.0,1.0,0.6719576719576719,-,0.6666666666666666
nonstructural_protein_NS4A,98,A:A:11,negative,1.0,0.869,A,"A:859,?:7",0.000,0.0001834354294570906,0.000872231290409372,0.6719576719576719,-,0.6666666666666666
nonstructural_protein_NS4A,99,"D:E:3,D:D:3,D:N:1,E:E:1,A:E:1",neutral,1.0,0.491,E,"E:451,?:5,D:408,N:1,A:1",0.189,0.3572330282088749,0.4240055568460478,0.6719576719576719,-,0.6521771577706436
nonstructural_protein_NS4A,100,"I:V:13,I:I:8,V:V:5",neutral,1.0,1.115,I,"I:519,V:339,?:8",0.763,0.4408622357114765,0.5089954903214319,0.6719576719576719,-,0.6666666666666666
membrane_glycoprotein_precursor_prM,1,F:F:11,neutral,1.0,0.000,F,"F:972,?:3",0.000,1.0,1.0,1.0,-,1.0
membrane_glycoprotein_precursor_prM,2,H:H:7,negative,1.0,0.779,H,"H:972,?:3",0.000,0.004461274945459448,0.009366238736201307,0.6707070707070707,-,0.6666666666666666
membrane_glycoprotein_precursor_prM,11,"R:R:13,H:R:3,Q:R:2",negative,1.0,1.387,R,"R:963,H:4,?:6,Q:2",0.144,0.002995999416260831,0.0071047986157042565,0.6707070707070707,-,0.6666666666666666
membrane_glycoprotein_precursor_prM,101,NA,neutral,1.0,0.153,M,"M:963,?:12",0.000,1.0,1.0,0.6707070707070707,-,0.6666666666666666
membrane_glycoprotein_precursor_prM,102,G:G:1,neutral,1.0,0.154,G,"G:965,?:10",0.000,0.2943516817723104,0.34024235853810464,0.6707070707070707,-,0.6666666666666666
membrane_glycoprotein_precursor_prM,103,L:L:26,negative,1.0,1.575,L,"L:965,?:10",0.000,9.796871344025515e-05,0.0007855091084945828,0.6707070707070707,-,0.6666666666666666
membrane_glycoprotein_precursor_prM,104,"D:D:10,D:E:1,D:N:1",negative,1.0,1.119,D,"D:963,E:1,?:10,N:1",0.000,0.002645277439231264,0.006861188358006091,0.6707070707070707,-,0.6666666666666666
membrane_glycoprotein_precursor_prM,105,"T:T:5,S:T:1",negative,1.0,0.772,T,"T:962,S:1,?:12",0.000,0.004134073512400915,0.009029686882349367,0.6707070707070707,-,0.6666666666666666
membrane_glycoprotein_precursor_prM,106,R:R:21,negative,1.0,2.061,R,"R:961,?:14",0.000,3.755075404177077e-06,7.238384010261395e-05,0.6707070707070707,-,0.6666666666666666
membrane_glycoprotein_precursor_prM,107,"T:T:5,A:T:4,A:A:4",neutral,1.0,0.831,T,"T:878,?:11,A:86",0.244,0.08707704927724469,0.11034190977116502,0.6707070707070707,-,0.6349659783077268
membrane_glycoprotein_precursor_prM,108,Q:Q:4,neutral,1.0,0.812,Q,"Q:959,?:16",0.000,0.0465053329035503,0.06463910364096827,0.6707070707070707,-,0.6666666666666666
membrane_glycoprotein_precursor_prM,109,T:T:10,negative,1.0,1.009,T,"T:965,?:10",0.000,0.0005176111468683242,0.002527160305298289,0.6707070707070707,-,0.6666666666666666
membrane_glycoprotein_precursor_prM,110,NA,neutral,1.0,0.153,W,"W:965,?:10",0.000,0.9999999417540417,1.0,0.6707070707070707,-,0.6666666666666666
membrane_glycoprotein_precursor_prM,12,M:V:1,neutral,1.0,0.095,M,"M:971,?:3,V:1",0.000,1.0,1.0,0.6707070707070707,-,0.6666666666666666
membrane_glycoprotein_precursor_prM,111,L:M:2,neutral,1.0,0.051,M,"M:961,L:4,?:10",0.095,0.9647688521504552,1.0,0.6707070707070707,-,0.6410056776451121
membrane_glycoprotein_precursor_prM,112,S:S:9,negative,1.0,1.415,S,"S:965,?:10",0.000,4.988483017276391e-05,0.000460048989371045,0.6707070707070707,-,0.6666666666666666
membrane_glycoprotein_precursor_prM,113,"A:T:6,A:A:7,A:G:1",negative,1.0,0.562,A,"A:957,T:6,?:11,G:1",0.000,0.007511396336150833,0.014332089560931474,0.6707070707070707,-,0.6666666666666666
membrane_glycoprotein_precursor_prM,114,E:E:4,negative,1.0,0.807,E,"E:964,?:11",0.000,0.01765757479200192,0.02931157415472319,0.6707070707070707,-,0.6666666666666666
membrane_glycoprotein_precursor_prM,115,G:G:4,neutral,1.0,0.617,G,"G:965,?:10",0.000,0.0356202342051114,0.053754171618622656,0.6707070707070707,-,0.6666666666666666
membrane_glycoprotein_precursor_prM,116,A:A:10,negative,1.0,0.700,A,"A:965,?:10",0.000,0.002827433925140954,0.006902265170197035,0.6707070707070707,-,0.6666666666666666
membrane_glycoprotein_precursor_prM,117,NA,neutral,1.0,0.153,W,"W:965,?:10",0.000,0.9999999417540417,1.0,0.6707070707070707,-,0.6666666666666666
membrane_glycoprotein_precursor_prM,118,R:R:4,negative,1.0,0.735,R,"R:965,?:10",0.000,0.01975768549238321,0.03123595992129155,0.6707070707070707,-,0.6666666666666666
membrane_glycoprotein_precursor_prM,119,"H:Q:1,Q:Q:4,P:Q:1",neutral,1.0,0.808,Q,"Q:963,H:1,P:1,?:10",0.000,0.04672706287298911,0.06463910364096827,0.6707070707070707,-,0.6666666666666666
membrane_glycoprotein_precursor_prM,120,"I:V:3,V:V:19,L:V:1,F:V:1,F:L:1",negative,1.0,1.849,V,"V:911,I:49,?:11,L:2,F:2",0.257,0.0007537878053374136,0.002843835811045697,0.6707070707070707,-,0.6666666666666666
membrane_glycoprotein_precursor_prM,13,I:I:12,negative,1.0,0.905,I,"I:972,?:3",0.000,0.0006236445451421879,0.002843835811045697,0.6707070707070707,-,0.6666666666666666
membrane_glycoprotein_precursor_prM,121,E:E:9,negative,1.0,1.677,E,"E:963,?:12",0.000,0.0006732094316787007,0.002843835811045697,0.6707070707070707,-,0.6666666666666666
membrane_glycoprotein_precursor_prM,122,"K:R:3,K:K:5",neutral,1.0,0.916,K,"K:960,R:5,?:10",0.204,0.1147296361233653,0.1431963879434484,0.6707070707070707,-,0.6666666666666666
membrane_glycoprotein_precursor_prM,123,"V:V:6,I:V:1",negative,1.0,0.929,V,"V:964,I:1,?:10",0.000,0.002028701298095736,0.006122989372434403,0.6707070707070707,-,0.6666666666666666
membrane_glycoprotein_precursor_prM,124,E:E:9,negative,1.0,1.662,E,"E:966,?:9",0.000,0.0007097638373104731,0.002843835811045697,0.6707070707070707,-,0.6666666666666666
membrane_glycoprotein_precursor_prM,125,"T:T:5,I:T:4",neutral,1.0,0.775,T,"T:961,I:5,?:9",0.121,0.04634160410979637,0.06463910364096827,0.6707070707070707,-,0.6666666666666666
membrane_glycoprotein_precursor_prM,126,NA,neutral,1.0,0.153,W,"W:966,?:9",0.000,0.9999999417540417,1.0,0.6707070707070707,-,0.6666666666666666
membrane_glycoprotein_precursor_prM,127,"A:A:14,A:V:1",negative,1.0,1.250,A,"A:959,?:11,V:5",0.124,0.002139426622803087,0.006177017084545227,0.6707070707070707,-,0.6666666666666666
membrane_glycoprotein_precursor_prM,128,"L:L:6,F:L:7,F:F:3,F:I:1",neutral,1.0,0.657,L,"L:860,F:103,I:3,?:9",0.406,0.413445352292547,0.46688386721471287,0.6707070707070707,-,0.6666666666666666
membrane_glycoprotein_precursor_prM,129,R:R:5,negative,1.0,0.855,R,"R:966,?:9",0.000,0.0101868184454188,0.018582547933401326,0.6707070707070707,-,0.6666666666666666
membrane_glycoprotein_precursor_prM,130,H:H:9,negative,1.0,0.972,H,"H:966,?:9",0.000,0.001395021483834413,0.004631471326330252,0.6707070707070707,-,0.6666666666666666
membrane_glycoprotein_precursor_prM,14,V:V:5,negative,1.0,0.776,V,"V:970,?:5",0.000,0.00477834172099556,0.009673228362015403,0.6707070707070707,-,0.6666666666666666
membrane_glycoprotein_precursor_prM,131,P:P:1,neutral,1.0,0.153,P,"P:966,?:9",0.000,0.1723839894623932,0.21041774339988353,0.6707070707070707,-,0.6666666666666666
membrane_glycoprotein_precursor_prM,132,G:G:10,negative,1.0,1.249,G,"G:961,?:14",0.000,0.001818992071380365,0.005697220449983785,0.6707070707070707,-,0.6666666666666666
membrane_glycoprotein_precursor_prM,133,F:F:16,negative,1.0,1.847,F,"F:966,?:9",0.000,8.488121947536342e-07,2.8180564865820657e-05,0.6707070707070707,-,0.6666666666666666
membrane_glycoprotein_precursor_prM,134,T:T:7,negative,1.0,0.764,T,"T:965,?:10",0.000,0.002732666304579134,0.006873069796365701,0.6707070707070707,-,0.6666666666666666
membrane_glycoprotein_precursor_prM,135,"I:M:2,I:I:2,I:V:3,I:L:1",neutral,1.0,1.274,I,"I:951,M:2,V:11,L:2,?:9",0.205,0.0843707604374796,0.10857012583427607,0.6707070707070707,-,0.6666666666666666
membrane_glycoprotein_precursor_prM,136,L:L:13,negative,1.0,0.781,L,"L:966,?:9",0.000,0.005763756685859711,0.011527513371719422,0.6707070707070707,-,0.6666666666666666
membrane_glycoprotein_precursor_prM,137,A:A:9,negative,1.0,0.813,A,"A:964,?:11",0.000,0.00175779540063703,0.0056114237789566725,0.6707070707070707,-,0.6666666666666666
membrane_glycoprotein_precursor_prM,138,L:L:14,negative,1.0,0.829,L,"L:966,?:9",0.000,0.004513849993350028,0.009366238736201307,0.6707070707070707,-,0.6666666666666666
membrane_glycoprotein_precursor_prM,139,F:F:6,negative,1.0,0.503,F,"F:965,?:10",0.000,0.005970305740791049,0.011798461344896597,0.6707070707070707,-,0.6666666666666666
membrane_glycoprotein_precursor_prM,140,"L:L:13,I:L:1",negative,1.0,0.918,L,"L:960,I:1,?:14",0.000,0.0002533747023638622,0.001502150021157183,0.6707070707070707,-,0.6666666666666666
membrane_glycoprotein_precursor_prM,15,"G:R:1,G:G:4,A:G:1,A:T:1",neutral,1.0,0.621,G,"G:914,?:5,R:1,A:52,T:3",0.390,0.5811382685878763,0.6388672356661422,0.6707070707070707,-,0.6666666666666666
membrane_glycoprotein_precursor_prM,141,A:A:6,negative,1.0,0.595,A,"A:961,?:14",0.000,0.008087892370714389,0.015256706062938507,0.6707070707070707,-,0.6666666666666666
membrane_glycoprotein_precursor_prM,142,"H:H:13,H:Q:1",negative,1.0,1.096,H,"H:964,?:10,Q:1",0.000,0.0003500983261499613,0.0018747200690610829,0.6707070707070707,-,0.6666666666666666
membrane_glycoprotein_precursor_prM,143,"Y:Y:12,C:Y:1",negative,1.0,1.368,Y,"Y:963,C:1,?:11",0.000,0.0002769456058921982,0.0015852748475208586,0.6707070707070707,-,0.6666666666666666
membrane_glycoprotein_precursor_prM,144,"I:V:2,I:T:1",neutral,1.0,0.000,I,"I:958,V:6,?:10,T:1",0.200,0.4505086608276745,0.5053002547121214,0.6707070707070707,-,0.3786970298184013
membrane_glycoprotein_precursor_prM,145,"G:G:9,G:S:2",negative,1.0,0.930,G,"G:963,?:10,S:2",0.000,0.00611523194770347,0.01180381980603228,0.6707070707070707,-,0.6666666666666666
membrane_glycoprotein_precursor_prM,146,"T:T:9,S:T:1",negative,1.0,0.729,T,"T:960,S:1,?:14",0.000,0.002420458993137253,0.006413620220674796,0.6707070707070707,-,0.6666666666666666
membrane_glycoprotein_precursor_prM,147,"S:S:11,F:S:1",negative,1.0,1.124,S,"S:962,?:12,F:1",0.000,9.937163420714601e-05,0.0007855091084945828,0.6707070707070707,-,0.6666666666666666
membrane_glycoprotein_precursor_prM,148,"L:L:17,L:M:1,L:P:1",negative,1.0,1.117,L,"L:960,?:12,M:2,P:1",0.165,0.01441657775393268,0.02467166914590541,0.6707070707070707,-,0.6666666666666666
membrane_glycoprotein_precursor_prM,149,"T:T:7,I:T:3,A:T:2",neutral,1.0,0.710,T,"T:944,?:15,I:14,A:2",0.121,0.04483719872141667,0.06361517083551425,0.6707070707070707,-,0.6666666666666666
membrane_glycoprotein_precursor_prM,150,Q:Q:13,negative,1.0,2.431,Q,"Q:961,?:14",0.000,0.0007533209922806483,0.002843835811045697,0.6707070707070707,-,0.6666666666666666
membrane_glycoprotein_precursor_prM,16,"K:K:9,K:R:1,E:K:1",negative,1.0,1.662,K,"K:965,?:8,R:1,E:1",0.000,0.0006853716920385278,0.002843835811045697,0.6707070707070707,-,0.6666666666666666
membrane_glycoprotein_precursor_prM,151,K:K:4,negative,1.0,0.774,K,"K:961,?:14",0.000,0.01966763623896839,0.03123595992129155,0.6707070707070707,-,0.6666666666666666
membrane_glycoprotein_precursor_prM,152,"V:V:7,A:V:1",negative,1.0,1.098,V,"V:960,?:10,A:5",0.128,0.01178599333916763,0.020594472571598174,0.6707070707070707,-,0.6666666666666666
membrane_glycoprotein_precursor_prM,153,"V:V:19,I:V:1",negative,1.0,1.460,V,"V:962,?:12,I:1",0.000,2.548468854357555e-05,0.00028203055321556945,0.6707070707070707,-,0.6666666666666666
membrane_glycoprotein_precursor_prM,154,"I:V:2,I:I:8",neutral,1.0,0.608,I,"I:958,V:6,?:11",0.120,0.06281576988066995,0.0828376874929069,0.6707070707070707,-,0.6666666666666666
membrane_glycoprotein_precursor_prM,155,F:F:20,negative,1.0,1.845,F,"F:962,?:13",0.000,2.669918405251437e-07,1.4773548509057951e-05,0.6707070707070707,-,0.6666666666666666
membrane_glycoprotein_precursor_prM,156,"I:T:16,I:V:6,I:I:3",neutral,1.0,1.501,I,"I:937,T:19,?:10,V:9",0.500,0.1627635516248724,0.2016324594755882,0.6707070707070707,-,0.3674294695010926
membrane_glycoprotein_precursor_prM,157,L:L:16,negative,1.0,0.960,L,"L:964,?:11",0.000,0.002230986903402288,0.006277013999403048,0.6707070707070707,-,0.6666666666666666
membrane_glycoprotein_precursor_prM,158,L:L:15,negative,1.0,0.903,L,"L:964,?:11",0.000,0.003045906761457995,0.007121415808479256,0.6707070707070707,-,0.6666666666666666
membrane_glycoprotein_precursor_prM,159,I:M:2,neutral,1.0,0.052,M,"M:963,I:3,?:9",0.094,0.9827914555231431,1.0,0.6707070707070707,-,0.6578341397769991
membrane_glycoprotein_precursor_prM,160,L:L:22,negative,1.0,1.330,L,"L:964,?:11",0.000,0.0003310907206812708,0.0018320353211030318,0.6707070707070707,-,0.6666666666666666
membrane_glycoprotein_precursor_prM,17,"K:N:1,N:N:1,N:S:2",neutral,1.0,0.082,N,"N:969,?:3,K:1,S:2",0.000,0.3753705892743365,0.42679121794205377,0.6707070707070707,-,0.6666666666666666
membrane_glycoprotein_precursor_prM,161,V:V:7,negative,1.0,0.719,V,"V:965,?:10",0.000,0.004070217525155573,0.00901952820084098,0.6707070707070707,-,0.6666666666666666
membrane_glycoprotein_precursor_prM,162,"T:T:15,A:T:1",negative,1.0,1.286,T,"T:963,A:1,?:11",0.000,7.457148866762964e-05,0.0006515193220435011,0.6707070707070707,-,0.6666666666666666
membrane_glycoprotein_precursor_prM,163,P:P:1,neutral,1.0,0.153,P,"P:966,?:9",0.000,0.1723904403758082,0.21041774339988353,0.6707070707070707,-,0.6666666666666666
membrane_glycoprotein_precursor_prM,164,S:S:7,negative,1.0,0.709,S,"S:965,?:10",0.000,0.001931235385967733,0.005936760630937846,0.6707070707070707,-,0.6666666666666666
membrane_glycoprotein_precursor_prM,165,L:M:1,neutral,1.0,0.000,M,"M:965,?:9,L:1",0.000,1.0,1.0,0.6707070707070707,-,0.6666666666666666
membrane_glycoprotein_precursor_prM,166,"T:T:2,A:T:7,A:A:1",neutral,1.0,0.594,T,"T:916,?:17,A:42",0.367,0.5289560165869913,0.5853779916896037,0.6707070707070707,-,0.6666666666666666
membrane_glycoprotein_precursor_prM,18,E:E:3,neutral,1.0,0.602,E,"E:972,?:3",0.000,0.04016618099519886,0.06006834274957667,0.6707070707070707,-,0.6666666666666666
membrane_glycoprotein_precursor_prM,19,R:R:4,negative,1.0,0.746,R,"R:971,?:4",0.000,0.01947387253293931,0.03123595992129155,0.6707070707070707,-,0.6666666666666666
membrane_glycoprotein_precursor_prM,20,G:G:16,negative,1.0,2.533,G,"G:968,?:7",0.000,2.096073849622293e-05,0.00024853447074092906,0.6707070707070707,-,0.6666666666666666
membrane_glycoprotein_precursor_prM,3,L:L:17,negative,1.0,1.214,L,"L:971,?:4",0.000,0.0005058164271852794,0.002527160305298289,0.6707070707070707,-,0.6666666666666666
membrane_glycoprotein_precursor_prM,21,"K:R:2,K:K:1",neutral,1.0,0.199,K,"K:970,?:3,R:2",0.000,0.235129407186192,0.2787962970921991,0.6707070707070707,-,0.6666666666666666
membrane_glycoprotein_precursor_prM,22,"S:S:3,S:T:2",neutral,1.0,0.299,S,"S:970,?:3,T:2",0.000,0.04310452603786064,0.062060558447425154,0.6707070707070707,-,0.6666666666666666
membrane_glycoprotein_precursor_prM,23,L:L:10,negative,1.0,0.596,L,"L:971,?:4",0.000,0.01540901254717508,0.026100980437051665,0.6707070707070707,-,0.6666666666666666
membrane_glycoprotein_precursor_prM,24,"L:L:10,F:L:1",negative,1.0,0.635,L,"L:971,?:3,F:1",0.000,0.002158234884961585,0.006177017084545227,0.6707070707070707,-,0.6666666666666666
membrane_glycoprotein_precursor_prM,25,F:F:28,negative,1.0,2.457,F,"F:971,?:4",0.000,2.24101726065129e-09,1.8600443263405708e-07,0.6707070707070707,-,0.6666666666666666
membrane_glycoprotein_precursor_prM,26,"K:N:1,K:R:1,K:K:3",neutral,1.0,0.545,K,"K:970,?:3,N:1,R:1",0.000,0.05046720555814055,0.06815182050475309,0.6707070707070707,-,0.6666666666666666
membrane_glycoprotein_precursor_prM,27,T:T:4,negative,1.0,0.615,T,"T:972,?:3",0.000,0.01044890185975123,0.01885345335563809,0.6707070707070707,-,0.6666666666666666
membrane_glycoprotein_precursor_prM,28,"A:T:2,A:A:10,A:P:1,A:V:2",negative,1.0,0.900,A,"A:962,T:2,?:8,P:1,V:2",0.000,0.0009957497565703521,0.0035815046928478317,0.6707070707070707,-,0.6666666666666666
membrane_glycoprotein_precursor_prM,29,"F:S:1,C:S:1,S:S:5,S:T:1",neutral,1.0,0.347,S,"S:961,?:4,F:1,C:1,T:8",0.102,0.2085903208102581,0.2509129945978467,0.6707070707070707,-,0.6528909701849884
membrane_glycoprotein_precursor_prM,30,"G:R:1,G:G:1",neutral,1.0,0.153,G,"G:972,?:2,R:1",0.000,0.2951499977679944,0.34024235853810464,0.6707070707070707,-,0.6666666666666666
membrane_glycoprotein_precursor_prM,4,"I:T:1,T:T:10",negative,1.0,0.709,T,"T:971,?:3,I:1",0.000,0.002434084782545254,0.006413620220674796,0.6707070707070707,-,0.6666666666666666
membrane_glycoprotein_precursor_prM,31,"I:T:11,I:I:25,I:N:1",negative,1.0,2.532,I,"I:955,?:4,T:15,N:1",0.244,1.42795753226288e-05,0.00019753412529636505,0.6707070707070707,-,0.6666666666666666
membrane_glycoprotein_precursor_prM,32,"N:N:11,I:N:1",negative,1.0,1.234,N,"N:970,?:4,I:1",0.000,0.001343710239719687,0.004631471326330252,0.6707070707070707,-,0.6666666666666666
membrane_glycoprotein_precursor_prM,33,"K:M:1,M:R:1",neutral,1.0,0.004,M,"M:971,?:2,K:1,R:1",0.000,1.0,1.0,0.6707070707070707,-,0.6666666666666666
membrane_glycoprotein_precursor_prM,34,"C:C:8,C:R:1",negative,1.0,0.906,C,"C:971,?:3,R:1",0.000,0.002399926961603849,0.006413620220674796,0.6707070707070707,-,0.6666666666666666
membrane_glycoprotein_precursor_prM,35,"T:T:3,I:T:1",negative,1.0,0.446,T,"T:972,?:2,I:1",0.000,0.02823771394628538,0.04380804219704087,0.6707070707070707,-,0.6666666666666666
membrane_glycoprotein_precursor_prM,36,L:L:5,negative,1.0,0.495,L,"L:973,?:2",0.000,0.009252209272153977,0.01706518599086178,0.6707070707070707,-,0.6666666666666666
membrane_glycoprotein_precursor_prM,37,I:I:1,neutral,1.0,0.668,I,"I:973,?:2",0.000,0.04336761915603204,0.062060558447425154,0.6707070707070707,-,0.6666666666666666
membrane_glycoprotein_precursor_prM,38,"A:A:15,A:T:1",negative,1.0,1.418,A,"A:962,?:12,T:1",0.000,4.139390988600056e-05,0.0004041993553574172,0.6707070707070707,-,0.6666666666666666
membrane_glycoprotein_precursor_prM,39,"I:M:1,L:M:1",neutral,1.0,0.000,M,"M:970,?:3,I:1,L:1",0.000,1.0,1.0,0.6707070707070707,-,0.6666666666666666
membrane_glycoprotein_precursor_prM,40,"D:D:16,D:G:1",negative,1.0,1.725,D,"D:968,?:6,G:1",0.000,0.0001793666603335797,0.0011909946246149692,0.6707070707070707,-,0.6666666666666666
membrane_glycoprotein_precursor_prM,5,"S:S:6,L:S:1",negative,1.0,0.926,S,"S:967,?:7,L:1",0.000,0.001014040485324386,0.0035815046928478317,0.6707070707070707,-,0.6666666666666666
membrane_glycoprotein_precursor_prM,41,"L:M:1,L:L:27,L:S:1,L:R:1",negative,1.0,2.196,L,"L:965,?:7,M:1,S:1,R:1",0.000,3.924425065804371e-06,7.238384010261395e-05,0.6707070707070707,-,0.6666666666666666
membrane_glycoprotein_precursor_prM,42,"G:G:1,G:I:1,G:K:1",neutral,1.0,0.262,G,"G:971,?:2,I:1,K:1",0.000,0.1820787170649542,0.22062092724658686,0.6707070707070707,-,0.6666666666666666
membrane_glycoprotein_precursor_prM,43,"E:E:11,A:E:2,D:E:1",negative,1.0,2.076,E,"E:967,?:4,A:2,D:2",0.204,0.002869501180215228,0.006903437621967071,0.6707070707070707,-,0.6666666666666666
membrane_glycoprotein_precursor_prM,44,"K:M:1,M:R:1,G:M:1,I:M:1,M:P:1",negative,1.0,47.254,M,"M:968,?:2,K:1,R:1,G:1,I:1,P:1",0.000,0.0004261974696532222,0.00221089937382609,0.6707070707070707,-,0.6666666666666666
membrane_glycoprotein_precursor_prM,45,"C:W:1,C:R:1,C:S:1,C:C:1",neutral,1.0,0.082,C,"C:970,?:2,W:1,R:1,S:1",0.000,0.3369897174968304,0.3857951248584403,0.6707070707070707,-,0.6666666666666666
membrane_glycoprotein_precursor_prM,46,"D:D:4,D:Y:1,D:H:1,D:E:1",neutral,1.0,0.330,D,"D:970,?:2,Y:1,H:1,E:1",0.000,0.07998512054688722,0.10373070320924437,0.6707070707070707,-,0.6666666666666666
membrane_glycoprotein_precursor_prM,47,"D:D:10,D:N:1,D:H:1,D:E:1",negative,1.0,1.110,D,"D:970,?:2,N:1,H:1,E:1",0.000,0.002701885177648577,0.006873069796365701,0.6707070707070707,-,0.6666666666666666
membrane_glycoprotein_precursor_prM,48,T:T:9,negative,1.0,1.407,T,"T:973,?:2",0.000,0.0001157858110120147,0.0008736565739997474,0.6707070707070707,-,0.6666666666666666
membrane_glycoprotein_precursor_prM,49,"V:V:16,I:V:4,F:V:1,E:V:1",negative,1.0,1.746,V,"V:963,?:5,I:5,F:1,E:1",0.127,0.0002234103228987427,0.0013735597630070847,0.6707070707070707,-,0.6666666666666666
membrane_glycoprotein_precursor_prM,50,"T:T:10,P:T:2",negative,1.0,0.709,T,"T:970,?:3,P:2",0.000,0.002417081196887993,0.006413620220674796,0.6707070707070707,-,0.6666666666666666
membrane_glycoprotein_precursor_prM,6,R:R:6,negative,1.0,0.747,R,"R:968,?:7",0.000,0.03101130951235664,0.04766553128751113,0.6707070707070707,-,0.6666666666666666
membrane_glycoprotein_precursor_prM,51,"Y:Y:11,W:Y:1",negative,1.0,1.186,Y,"Y:961,?:13,W:1",0.000,0.0006499938205337674,0.002843835811045697,0.6707070707070707,-,0.6666666666666666
membrane_glycoprotein_precursor_prM,52,"K:K:4,K:N:2,K:R:1",negative,1.0,0.805,K,"K:969,?:3,N:2,R:1",0.000,0.01726819617781716,0.028954753187046958,0.6707070707070707,-,0.6666666666666666
membrane_glycoprotein_precursor_prM,53,"C:C:13,C:G:1",negative,1.0,1.428,C,"C:971,?:3,G:1",0.000,0.0001326607036568062,0.0009175698669595763,0.6707070707070707,-,0.6666666666666666
membrane_glycoprotein_precursor_prM,54,P:P:10,negative,1.0,1.017,P,"P:973,?:2",0.000,0.0001918084324288305,0.0012246230685840716,0.6707070707070707,-,0.6666666666666666
membrane_glycoprotein_precursor_prM,55,"H:L:4,L:P:3,H:Y:3,H:H:5,L:L:6,F:L:5",neutral,1.0,1.162,H,"H:514,?:4,L:442,P:3,Y:3,F:9",0.605,0.2164663928918433,0.25851382172694953,0.6707070707070707,-,0.6666666666666666
membrane_glycoprotein_precursor_prM,56,"I:I:31,I:V:1",negative,1.0,2.584,I,"I:968,?:4,V:3",0.119,5.493095378561463e-07,2.2796345821030073e-05,0.6707070707070707,-,0.6666666666666666
membrane_glycoprotein_precursor_prM,57,"T:T:7,N:T:1,A:T:5,A:A:4,A:V:1",neutral,1.0,0.986,T,"T:609,?:5,N:1,A:359,V:1",0.367,0.1033019926817079,0.12991008170578416,0.6707070707070707,-,0.6666666666666666
membrane_glycoprotein_precursor_prM,58,"E:E:2,D:E:2",neutral,1.0,0.401,E,"E:965,?:2,D:8",0.395,0.9870740643034904,1.0,0.6707070707070707,-,0.6531171827035804
membrane_glycoprotein_precursor_prM,59,"V:V:3,A:V:5,L:V:1,M:V:1",neutral,1.0,0.465,V,"V:960,?:2,A:11,L:1,M:1",0.256,0.5072955800437942,0.5651749415253009,0.6707070707070707,-,0.3828757267888062
membrane_glycoprotein_precursor_prM,60,E:E:3,neutral,1.0,0.603,E,"E:972,?:3",0.000,0.04108977287451709,0.06036196723159147,0.6707070707070707,-,0.6666666666666666
membrane_glycoprotein_precursor_prM,7,"D:N:2,D:D:5",neutral,1.0,0.411,D,"D:970,?:3,N:2",0.000,0.05049803567520861,0.06815182050475309,0.6707070707070707,-,0.6666666666666666
membrane_glycoprotein_precursor_prM,61,"H:P:1,P:P:7",neutral,1.0,0.487,P,"P:971,H:2,?:2",0.100,0.07722184992328107,0.10093564635641464,0.6707070707070707,-,0.6422821761067581
membrane_glycoprotein_precursor_prM,62,E:E:4,negative,1.0,0.801,E,"E:973,?:2",0.000,0.01793765405726355,0.02947653863431283,0.6707070707070707,-,0.6666666666666666
membrane_glycoprotein_precursor_prM,63,D:D:6,negative,1.0,0.663,D,"D:973,?:2",0.000,0.0203343703690726,0.0318443913326986,0.6707070707070707,-,0.6666666666666666
membrane_glycoprotein_precursor_prM,64,I:I:9,negative,1.0,0.667,I,"I:973,?:2",0.000,0.003227491251405867,0.007441160385185748,0.6707070707070707,-,0.6666666666666666
membrane_glycoprotein_precursor_prM,65,"D:D:7,D:E:1",negative,1.0,0.769,D,"D:972,?:2,E:1",0.000,0.01230503965286101,0.02127746439973883,0.6707070707070707,-,0.6666666666666666
membrane_glycoprotein_precursor_prM,66,C:C:6,negative,1.0,0.669,C,"C:973,?:2",0.000,0.008903424582880293,0.016606387424248636,0.6707070707070707,-,0.6666666666666666
membrane_glycoprotein_precursor_prM,67,NA,neutral,1.0,0.153,W,"W:973,?:2",0.000,0.9999999417540417,1.0,0.6707070707070707,-,0.6666666666666666
membrane_glycoprotein_precursor_prM,68,C:C:18,negative,1.0,2.058,C,"C:968,?:7",0.000,5.356439886305964e-06,8.891690211267899e-05,0.6707070707070707,-,0.6666666666666666
membrane_glycoprotein_precursor_prM,69,N:N:5,negative,1.0,0.548,N,"N:974,?:1",0.000,0.03167989967665741,0.04824645271857918,0.6707070707070707,-,0.6666666666666666
membrane_glycoprotein_precursor_prM,70,"L:L:35,H:L:1",negative,1.0,2.914,L,"L:972,?:2,H:1",0.000,3.547752092103451e-10,5.889268472891729e-08,0.6707070707070707,-,0.6666666666666666
membrane_glycoprotein_precursor_prM,8,NA,neutral,1.0,0.000,G,"G:972,?:3",0.000,0.9999999663716803,1.0,0.6707070707070707,-,0.6666666666666666
membrane_glycoprotein_precursor_prM,71,T:T:5,negative,1.0,0.770,T,"T:974,?:1",0.000,0.004192331065184574,0.00903801242624207,0.6707070707070707,-,0.6666666666666666
membrane_glycoprotein_precursor_prM,72,"S:S:2,S:T:1,A:S:1",neutral,1.0,0.308,S,"S:971,?:2,T:1,A:1",0.000,0.05691333922786901,0.07619043799859883,0.6707070707070707,-,0.6666666666666666
membrane_glycoprotein_precursor_prM,73,"T:T:7,A:T:3,S:T:1",negative,1.0,1.082,T,"T:968,?:3,A:3,S:1",0.000,0.0007031771477677973,0.002843835811045697,0.6707070707070707,-,0.6666666666666666
membrane_glycoprotein_precursor_prM,74,NA,neutral,1.0,0.153,W,"W:973,?:2",0.000,0.9999999417540417,1.0,0.6707070707070707,-,0.6666666666666666
membrane_glycoprotein_precursor_prM,75,V:V:5,negative,1.0,0.777,V,"V:973,?:2",0.000,0.004755124275212519,0.009673228362015403,0.6707070707070707,-,0.6666666666666666
membrane_glycoprotein_precursor_prM,76,T:T:15,negative,1.0,1.152,T,"T:972,?:3",0.000,0.0001302578417754496,0.0009175698669595763,0.6707070707070707,-,0.6666666666666666
membrane_glycoprotein_precursor_prM,77,Y:Y:9,negative,1.0,0.810,Y,"Y:970,?:5",0.000,0.00400153757378463,0.00901952820084098,0.6707070707070707,-,0.6666666666666666
membrane_glycoprotein_precursor_prM,78,G:G:1,neutral,1.0,0.153,G,"G:973,?:2",0.000,0.2951315749407339,0.34024235853810464,0.6707070707070707,-,0.6666666666666666
membrane_glycoprotein_precursor_prM,79,"T:T:13,I:T:1",negative,1.0,2.071,T,"T:971,?:3,I:1",0.000,3.233855455198054e-06,7.238384010261395e-05,0.6707070707070707,-,0.6666666666666666
membrane_glycoprotein_precursor_prM,80,C:C:16,negative,1.0,1.789,C,"C:968,?:7",0.000,2.041025673438224e-05,0.00024853447074092906,0.6707070707070707,-,0.6666666666666666
membrane_glycoprotein_precursor_prM,9,E:E:8,negative,1.0,1.469,E,"E:973,?:2",0.000,0.001438841349902575,0.00468328753105544,0.6707070707070707,-,0.6666666666666666
membrane_glycoprotein_precursor_prM,81,N:N:10,negative,1.0,0.886,N,"N:969,?:6",0.000,0.004075088042548636,0.00901952820084098,0.6707070707070707,-,0.6666666666666666
membrane_glycoprotein_precursor_prM,82,Q:Q:3,neutral,1.0,0.603,Q,"Q:973,?:2",0.000,0.08550134269269183,0.10917863759220649,0.6707070707070707,-,0.6666666666666666
membrane_glycoprotein_precursor_prM,83,"A:A:7,A:V:2",negative,1.0,0.519,A,"A:970,?:3,V:2",0.000,0.01075788683809087,0.019202249624979403,0.6707070707070707,-,0.6666666666666666
membrane_glycoprotein_precursor_prM,84,"G:R:1,G:G:5",negative,1.0,0.774,G,"G:970,R:1,?:4",0.000,0.01811209000421632,0.02947653863431283,0.6707070707070707,-,0.6666666666666666
membrane_glycoprotein_precursor_prM,85,"E:G:1,E:E:5",negative,1.0,0.916,E,"E:962,G:1,?:12",0.000,0.01175356364760261,0.020594472571598174,0.6707070707070707,-,0.6666666666666666
membrane_glycoprotein_precursor_prM,86,"H:R:5,H:H:14,R:R:1",neutral,1.0,1.275,H,"H:917,R:37,?:21",0.398,0.0410100967024476,0.06036196723159147,0.6707070707070707,-,0.5332989561098439
membrane_glycoprotein_precursor_prM,87,R:R:1,neutral,1.0,0.186,R,"R:963,?:12",0.000,0.2424664856788784,0.2854569973240696,0.6707070707070707,-,0.6666666666666666
membrane_glycoprotein_precursor_prM,88,R:R:11,negative,1.0,1.101,R,"R:955,?:20",0.000,0.0006650663519517375,0.002843835811045697,0.6707070707070707,-,0.6666666666666666
membrane_glycoprotein_precursor_prM,89,"D:D:22,D:N:1",negative,1.0,2.357,D,"D:953,?:21,N:1",0.000,1.02787951286043e-05,0.0001551163628498467,0.6707070707070707,-,0.6666666666666666
membrane_glycoprotein_precursor_prM,90,"K:K:6,K:R:2",neutral,1.0,1.103,K,"K:961,R:3,?:11",0.203,0.06287679894039921,0.0828376874929069,0.6707070707070707,-,0.6666666666666666
membrane_glycoprotein_precursor_prM,10,"P:P:9,L:P:1",negative,1.0,1.409,P,"P:971,?:3,L:1",0.000,4.052515571018045e-05,0.0004041993553574172,0.6707070707070707,-,0.6666666666666666
membrane_glycoprotein_precursor_prM,91,R:R:3,neutral,1.0,0.560,R,"R:961,?:14",0.000,0.0428629526898936,0.062060558447425154,0.6707070707070707,-,0.6666666666666666
membrane_glycoprotein_precursor_prM,92,S:S:6,negative,1.0,0.936,S,"S:962,?:13",0.000,0.0009688717625561116,0.003574060279651434,0.6707070707070707,-,0.6666666666666666
membrane_glycoprotein_precursor_prM,93,V:V:6,negative,1.0,0.920,V,"V:956,?:19",0.000,0.00211018507979055,0.006177017084545227,0.6707070707070707,-,0.6666666666666666
membrane_glycoprotein_precursor_prM,94,A:A:7,negative,1.0,1.098,A,"A:962,?:13",0.000,0.0007358226971927451,0.002843835811045697,0.6707070707070707,-,0.6666666666666666
membrane_glycoprotein_precursor_prM,95,"L:L:14,I:L:1,L:V:1",negative,1.0,1.031,L,"L:961,?:12,I:1,V:1",0.000,0.001392136376664133,0.004631471326330252,0.6707070707070707,-,0.6666666666666666
membrane_glycoprotein_precursor_prM,96,A:A:10,negative,1.0,0.702,A,"A:964,?:11",0.000,0.002808792443431463,0.006902265170197035,0.6707070707070707,-,0.6666666666666666
membrane_glycoprotein_precursor_prM,97,P:P:6,negative,1.0,0.579,P,"P:963,?:12",0.000,0.004513262359019055,0.009366238736201307,0.6707070707070707,-,0.6666666666666666
membrane_glycoprotein_precursor_prM,98,H:H:4,neutral,1.0,0.331,H,"H:963,?:12",0.000,0.04832456019507769,0.06629650406928014,0.6707070707070707,-,0.6666666666666666
membrane_glycoprotein_precursor_prM,99,"V:V:19,I:V:1",negative,1.0,1.920,V,"V:960,I:1,?:14",0.000,2.927621066683983e-06,7.238384010261395e-05,0.6707070707070707,-,0.6666666666666666
membrane_glycoprotein_precursor_prM,100,"G:G:9,D:G:1",negative,1.0,0.931,G,"G:963,D:1,?:11",0.000,0.006110084425528295,0.01180381980603228,0.6707070707070707,-,0.6666666666666666
nonstructural_protein_NS2A,1,G:G:13,neutral,1.0,0.000,G,"G:1278,?:21",0.000,1.0,1.0,1.0,-,1.0
nonstructural_protein_NS2A,2,"N:S:1,D:S:1,G:S:1,K:S:1",neutral,1.0,0.000,S,"S:1277,?:18,N:1,D:1,G:1,K:1",0.000,1.0,1.0,0.6697388632872503,-,0.6666666666666666
nonstructural_protein_NS2A,11,G:G:13,negative,1.0,1.109,G,"G:1279,?:20",0.000,0.001338361307541169,0.003996750206081846,0.6697388632872503,-,0.6666666666666666
nonstructural_protein_NS2A,101,N:N:5,negative,1.0,0.490,N,"N:1292,?:7",0.000,0.02705023667775275,0.042424112199641005,0.6697388632872503,-,0.6666666666666666
nonstructural_protein_NS2A,102,"L:L:13,F:L:1",negative,1.0,0.828,L,"L:1290,?:8,F:1",0.000,0.002721628546536681,0.006742216172102233,0.6697388632872503,-,0.6666666666666666
nonstructural_protein_NS2A,103,"L:L:17,L:M:1",negative,1.0,0.859,L,"L:1290,?:8,M:1",0.000,0.002150131220374885,0.005647332602912349,0.6697388632872503,-,0.6666666666666666
nonstructural_protein_NS2A,104,L:L:19,negative,1.0,1.159,L,"L:1288,?:11",0.000,0.0003705506305855533,0.0015839223032872672,0.6697388632872503,-,0.6666666666666666
nonstructural_protein_NS2A,105,G:G:4,neutral,1.0,0.501,G,"G:1292,?:7",0.000,0.04212663481811874,0.06172073804227364,0.6697388632872503,-,0.6666666666666666
nonstructural_protein_NS2A,106,"V:V:6,I:V:1",negative,1.0,0.448,V,"V:1291,?:7,I:1",0.000,0.01359369457527759,0.02511377472381792,0.6697388632872503,-,0.6666666666666666
nonstructural_protein_NS2A,107,G:G:9,negative,1.0,1.011,G,"G:1282,?:17",0.000,0.002813052250306147,0.006890397646817303,0.6697388632872503,-,0.6666666666666666
nonstructural_protein_NS2A,108,L:L:17,negative,1.0,0.855,L,"L:1289,?:10",0.000,0.002123743694085634,0.005646050308666686,0.6697388632872503,-,0.6666666666666666
nonstructural_protein_NS2A,109,A:A:17,negative,1.0,1.392,A,"A:1289,?:10",0.000,2.234671612311168e-06,3.0447400717739666e-05,0.6697388632872503,-,0.6666666666666666
nonstructural_protein_NS2A,110,I:M:2,neutral,1.0,0.000,M,"M:1290,?:7,I:2",0.000,1.0,1.0,0.6697388632872503,-,0.6666666666666666
nonstructural_protein_NS2A,12,"V:V:14,I:V:5,L:V:1,A:V:3,F:V:1",negative,1.0,1.208,V,"V:1236,?:21,I:34,L:4,A:3,F:1",0.343,0.02665452894031628,0.042413775978021526,0.6697388632872503,-,0.6084948835347369
nonstructural_protein_NS2A,111,"A:A:5,A:V:4,A:T:2",negative,1.0,0.630,A,"A:1283,?:7,V:4,T:5",0.087,0.03253671694806259,0.0496014286341094,0.6697388632872503,-,0.6666666666666666
nonstructural_protein_NS2A,112,"T:T:3,A:T:6",neutral,1.0,0.375,T,"T:1268,?:8,A:23",0.182,0.4238716463752781,0.49679580059037964,0.6697388632872503,-,0.6666666666666666
nonstructural_protein_NS2A,113,"T:T:9,M:T:2",negative,1.0,0.959,T,"T:1290,?:7,M:2",0.000,0.0001916428255761549,0.0008888965101191865,0.6697388632872503,-,0.6666666666666666
nonstructural_protein_NS2A,114,"L:L:24,I:L:1,L:V:1",negative,1.0,1.610,L,"L:1257,?:18,I:23,V:1",0.153,0.0007747768564763113,0.0025984823801820903,0.6697388632872503,-,0.6666666666666666
nonstructural_protein_NS2A,115,"Q:Q:1,Q:R:2",neutral,1.0,0.152,Q,"Q:1288,?:7,R:4",0.287,0.6582371195840918,0.7358753439452924,0.6697388632872503,-,0.5116711299301787
nonstructural_protein_NS2A,116,L:L:21,negative,1.0,0.950,L,"L:1290,?:9",0.000,0.001377246577302982,0.00405729397097365,0.6697388632872503,-,0.6666666666666666
nonstructural_protein_NS2A,117,P:P:3,negative,1.0,0.374,P,"P:1291,?:8",0.000,0.01411110131449034,0.02585058896267978,0.6697388632872503,-,0.6666666666666666
nonstructural_protein_NS2A,118,"E:E:8,D:E:1,A:E:1,E:G:1",neutral,1.0,0.977,E,"E:1286,?:9,D:1,A:2,G:1",0.174,0.04583278191711049,0.0661691818405966,0.6697388632872503,-,0.6666666666666666
nonstructural_protein_NS2A,119,"D:D:5,D:N:1",negative,1.0,0.491,D,"D:1288,?:10,N:1",0.000,0.02791510619566961,0.04315952589117713,0.6697388632872503,-,0.6666666666666666
nonstructural_protein_NS2A,120,"I:V:2,F:I:1,I:I:1",neutral,1.0,0.083,I,"I:1287,?:9,V:2,F:1",0.000,0.2942959858437393,0.35642513841075085,0.6697388632872503,-,0.6666666666666666
nonstructural_protein_NS2A,13,L:L:19,negative,1.0,1.026,L,"L:1278,?:21",0.000,0.0007559315801082267,0.002574891944743647,0.6697388632872503,-,0.6666666666666666
nonstructural_protein_NS2A,121,"E:E:3,E:G:1",neutral,1.0,0.460,E,"E:1289,?:9,G:1",0.000,0.05010382384373646,0.07138976207800359,0.6697388632872503,-,0.6666666666666666
nonstructural_protein_NS2A,122,Q:Q:3,neutral,1.0,0.460,Q,"Q:1290,?:9",0.000,0.1083266625064589,0.1389130142729885,0.6697388632872503,-,0.6666666666666666
nonstructural_protein_NS2A,123,"M:T:2,I:M:3",neutral,1.0,0.000,M,"M:1273,?:9,T:14,I:3",0.170,0.7723023197195097,0.8460397271299152,0.6697388632872503,-,0.57972204873324
nonstructural_protein_NS2A,124,"A:A:10,A:G:1",negative,1.0,1.166,A,"A:1287,?:11,G:1",0.000,3.878547145585998e-05,0.0002642260242930461,0.6697388632872503,-,0.6666666666666666
nonstructural_protein_NS2A,125,"N:N:8,D:N:1",negative,1.0,0.792,N,"N:1288,?:10,D:1",0.000,0.005095346494809139,0.010479108828947096,0.6697388632872503,-,0.6666666666666666
nonstructural_protein_NS2A,126,G:G:4,neutral,1.0,0.499,G,"G:1290,?:9",0.000,0.04218527508393932,0.06172073804227364,0.6697388632872503,-,0.6666666666666666
nonstructural_protein_NS2A,127,"I:I:16,I:V:12,I:M:1",negative,1.0,1.680,I,"I:1238,?:10,V:50,M:1",0.448,0.009034200349669841,0.01727592698445636,0.6697388632872503,-,0.6666666666666666
nonstructural_protein_NS2A,128,A:A:19,negative,1.0,1.530,A,"A:1287,?:12",0.000,6.671475559771878e-07,1.280543393359738e-05,0.6697388632872503,-,0.6666666666666666
nonstructural_protein_NS2A,129,"L:L:19,L:S:1",negative,1.0,0.916,L,"L:1289,?:9,S:1",0.000,0.001636351987047036,0.004632788742548751,0.6697388632872503,-,0.6666666666666666
nonstructural_protein_NS2A,130,"G:P:1,G:G:5",negative,1.0,0.546,G,"G:1289,?:9,P:1",0.000,0.02626221289495168,0.04209678243455489,0.6697388632872503,-,0.6666666666666666
nonstructural_protein_NS2A,14,"C:S:1,C:C:11",negative,1.0,1.105,C,"C:1279,?:19,S:1",0.000,0.0005212968266340434,0.0020293340751110977,0.6697388632872503,-,0.6666666666666666
nonstructural_protein_NS2A,131,"L:L:10,L:T:1,I:L:1",negative,1.0,0.938,L,"L:1288,?:9,T:1,I:1",0.000,0.0001243317285596346,0.0006498292235571953,0.6697388632872503,-,0.6666666666666666
nonstructural_protein_NS2A,132,"M:V:1,D:M:2,I:M:1,I:N:1",negative,1.0,9996.205,M,"M:1285,?:9,V:1,D:2,N:1,I:1",0.017,0.000196217442038682,0.0008911542159256808,0.6697388632872503,-,0.6666666666666666
nonstructural_protein_NS2A,133,"A:A:4,A:V:2,A:T:4",neutral,1.0,0.298,A,"A:908,?:18,V:2,T:371",0.176,0.534588812603424,0.6101589588876776,0.6697388632872503,-,0.6666666666666666
nonstructural_protein_NS2A,134,"L:L:21,F:L:1",negative,1.0,1.379,L,"L:1288,?:10,F:1",0.000,4.870044033711274e-06,5.587734733416093e-05,0.6697388632872503,-,0.6666666666666666
nonstructural_protein_NS2A,135,"K:K:1,K:R:1",neutral,1.0,0.153,K,"K:1290,?:8,R:1",0.000,0.2747757956793526,0.3346431478106082,0.6697388632872503,-,0.6666666666666666
nonstructural_protein_NS2A,136,L:L:34,negative,1.0,1.719,L,"L:1288,?:11",0.000,1.64439231599145e-05,0.00014277627480252522,0.6697388632872503,-,0.6666666666666666
nonstructural_protein_NS2A,137,"I:T:4,I:M:1,I:V:3",neutral,1.0,0.000,I,"I:1274,?:8,T:11,M:1,V:5",0.188,0.4598573326422412,0.5360903663957678,0.6697388632872503,-,0.3950224279621816
nonstructural_protein_NS2A,138,"T:T:4,I:T:1,S:T:2,A:T:1",neutral,1.0,0.501,T,"T:1286,?:8,I:1,S:3,A:1",0.091,0.08364711156717308,0.10984982121472128,0.6697388632872503,-,0.6666666666666666
nonstructural_protein_NS2A,139,NA,neutral,1.0,0.000,Q,"Q:1290,?:9",0.000,0.9999999417540417,1.0,0.6697388632872503,-,0.6666666666666666
nonstructural_protein_NS2A,140,F:F:3,neutral,1.0,0.294,F,"F:1288,?:11",0.000,0.0361069842954117,0.054284983285515516,0.6697388632872503,-,0.6666666666666666
nonstructural_protein_NS2A,15,"L:L:15,L:V:1,L:M:2",negative,1.0,1.015,L,"L:1261,?:29,V:1,M:8",0.150,0.02319147349672201,0.038301069865798475,0.6697388632872503,-,0.1456191122498653
nonstructural_protein_NS2A,141,E:E:5,negative,1.0,0.720,E,"E:1288,?:11",0.000,0.01358821654468012,0.02511377472381792,0.6697388632872503,-,0.6666666666666666
nonstructural_protein_NS2A,142,"S:T:1,I:T:15,T:T:4",neutral,1.0,0.528,T,"T:1202,?:10,S:1,I:86",0.460,0.8382002787505606,0.9045923800377337,0.6697388632872503,-,0.634198828780973
nonstructural_protein_NS2A,143,Y:Y:12,negative,1.0,1.195,Y,"Y:1279,?:20",0.000,0.0004454497185447659,0.0017982970119029438,0.6697388632872503,-,0.6666666666666666
nonstructural_protein_NS2A,144,Q:Q:6,negative,1.0,0.872,Q,"Q:1285,?:14",0.000,0.02697089619641668,0.042424112199641005,0.6697388632872503,-,0.6666666666666666
nonstructural_protein_NS2A,145,L:L:37,negative,1.0,2.204,L,"L:1277,?:22",0.000,1.183851460972996e-06,1.9852278345547165e-05,0.6697388632872503,-,0.6666666666666666
nonstructural_protein_NS2A,146,NA,neutral,1.0,0.153,W,"W:1288,?:11",0.000,0.9999999663716803,1.0,0.6697388632872503,-,0.6666666666666666
nonstructural_protein_NS2A,147,"T:T:18,A:T:4,I:T:1",negative,1.0,2.057,T,"T:1278,?:14,A:5,I:2",0.182,1.80622239343009e-05,0.00014277627480252522,0.6697388632872503,-,0.6666666666666666
nonstructural_protein_NS2A,148,A:A:2,neutral,1.0,0.243,A,"A:1285,?:14",0.000,0.06136244755666698,0.08488655058149192,0.6697388632872503,-,0.6666666666666666
nonstructural_protein_NS2A,149,L:L:26,negative,1.0,1.711,L,"L:1283,?:16",0.000,2.009039385608702e-05,0.00014599019535423233,0.6697388632872503,-,0.6666666666666666
nonstructural_protein_NS2A,150,"I:V:16,I:I:5,V:V:4,A:V:2,A:T:1,L:V:4,I:S:1",neutral,1.0,0.791,I,"I:692,V:574,?:17,T:1,A:4,L:10,S:1",0.936,0.731055040533246,0.8089847656662316,0.6697388632872503,-,0.5124707289214795
nonstructural_protein_NS2A,16,"A:T:2,A:A:2,A:V:1",neutral,1.0,0.251,A,"A:1277,?:19,T:2,V:1",0.000,0.05922966605818525,0.08295756838488523,0.6697388632872503,-,0.6666666666666666
nonstructural_protein_NS2A,151,S:S:6,negative,1.0,0.513,S,"S:1279,?:20",0.000,0.003182791746453084,0.007541832616595351,0.6697388632872503,-,0.6666666666666666
nonstructural_protein_NS2A,152,L:L:13,negative,1.0,0.752,L,"L:1274,?:25",0.000,0.004493968426477424,0.009809567782997547,0.6697388632872503,-,0.6666666666666666
nonstructural_protein_NS2A,153,"T:T:8,M:T:4",neutral,1.0,1.042,T,"T:1163,?:23,M:113",0.362,0.07337517366181812,0.09935271961662329,0.6697388632872503,-,0.6666666666666666
nonstructural_protein_NS2A,154,"C:C:15,C:S:1",negative,1.0,1.513,C,"C:1283,?:15,S:1",0.000,4.819322115767743e-05,0.0002994509333203628,0.6697388632872503,-,0.6666666666666666
nonstructural_protein_NS2A,155,"A:S:1,S:S:3,L:S:1",negative,1.0,0.373,S,"S:1281,?:16,A:1,L:1",0.000,0.01875996781253386,0.0335219096978064,0.6697388632872503,-,0.6666666666666666
nonstructural_protein_NS2A,156,"N:N:29,K:N:2",negative,1.0,3.080,N,"N:1281,?:16,K:2",0.000,7.594784667830368e-08,2.3652329394100287e-06,0.6697388632872503,-,0.6666666666666666
nonstructural_protein_NS2A,157,T:T:5,negative,1.0,0.615,T,"T:1284,?:15",0.000,0.00346128698383541,0.008113554435227089,0.6697388632872503,-,0.6666666666666666
nonstructural_protein_NS2A,158,"I:I:13,I:M:4,I:L:2,I:V:2,I:Y:1",neutral,1.0,1.157,I,"I:1204,?:16,M:74,L:2,V:2,Y:1",0.449,0.07711254748333951,0.10313211872004917,0.6697388632872503,-,0.6666666666666666
nonstructural_protein_NS2A,159,"F:F:21,F:L:8,F:S:3,F:I:1",negative,1.0,2.158,F,"F:1263,?:21,L:11,S:3,I:1",0.190,1.037452061158906e-05,9.833241275332241e-05,0.6697388632872503,-,0.6666666666666666
nonstructural_protein_NS2A,160,T:T:13,negative,1.0,1.391,T,"T:1283,?:16",0.000,7.242146164987417e-06,7.612487712866616e-05,0.6697388632872503,-,0.6666666666666666
nonstructural_protein_NS2A,17,I:I:22,negative,1.0,2.016,I,"I:1279,?:20",0.000,5.148715304104101e-07,1.122419936294694e-05,0.6697388632872503,-,0.6666666666666666
nonstructural_protein_NS2A,161,L:L:15,negative,1.0,0.868,L,"L:1282,?:17",0.000,0.001817569402585595,0.005015571262831136,0.6697388632872503,-,0.6666666666666666
nonstructural_protein_NS2A,162,"T:T:15,S:T:1",negative,1.0,1.146,T,"T:1281,?:17,S:1",0.000,2.006932229758895e-05,0.00014599019535423233,0.6697388632872503,-,0.6666666666666666
nonstructural_protein_NS2A,163,"V:V:7,G:V:1",negative,1.0,0.528,V,"V:1281,?:17,G:1",0.000,0.007453412058527897,0.014638232691523258,0.6697388632872503,-,0.6666666666666666
nonstructural_protein_NS2A,164,"A:A:14,A:T:1",negative,1.0,1.200,A,"A:1255,?:43,T:1",0.000,1.252285928510233e-05,0.00011374930517301283,0.6697388632872503,-,0.6666666666666666
nonstructural_protein_NS2A,165,NA,neutral,1.0,0.153,W,"W:1282,?:17",0.000,0.9999999663716803,1.0,0.6697388632872503,-,0.6666666666666666
nonstructural_protein_NS2A,166,"K:R:1,R:R:3",neutral,1.0,0.432,R,"R:1281,?:17,K:1",0.000,0.06624409471250814,0.09082523677564008,0.6697388632872503,-,0.6666666666666666
nonstructural_protein_NS2A,167,T:T:5,negative,1.0,0.644,T,"T:1282,?:17",0.000,0.002995568731552822,0.0071761976206430236,0.6697388632872503,-,0.6666666666666666
nonstructural_protein_NS2A,168,A:A:12,negative,1.0,1.038,A,"A:1294,?:5",0.000,4.945061284189478e-05,0.0002994509333203628,0.6697388632872503,-,0.6666666666666666
nonstructural_protein_NS2A,169,"T:T:14,I:T:2",negative,1.0,1.196,T,"T:1292,I:4,?:3",0.091,0.0004019605057050679,0.0016533469857302793,0.6697388632872503,-,0.6666666666666666
nonstructural_protein_NS2A,170,"L:L:18,L:S:1",negative,1.0,0.828,L,"L:1292,?:6,S:1",0.000,0.002673116082682059,0.006698152942812515,0.6697388632872503,-,0.6666666666666666
nonstructural_protein_NS2A,18,"L:L:16,F:L:1",negative,1.0,1.396,L,"L:1279,?:19,F:1",0.000,3.254211686565256e-06,4.147949220216033e-05,0.6697388632872503,-,0.6666666666666666
nonstructural_protein_NS2A,171,"I:I:10,I:V:2",negative,1.0,0.856,I,"I:1293,V:3,?:3",0.113,0.01266594155485279,0.02380323499101645,0.6697388632872503,-,0.6666666666666666
nonstructural_protein_NS2A,172,L:L:20,negative,1.0,1.072,L,"L:1295,?:4",0.000,0.0005726795126864692,0.0020864373183647534,0.6697388632872503,-,0.6666666666666666
nonstructural_protein_NS2A,173,A:A:16,negative,1.0,1.351,A,"A:1296,?:3",0.000,3.424912200178376e-06,4.147949220216033e-05,0.6697388632872503,-,0.6666666666666666
nonstructural_protein_NS2A,174,"G:G:3,G:V:1",neutral,1.0,0.376,G,"G:1280,V:16,?:3",0.184,0.5142719051789719,0.5911762366830874,0.6697388632872503,-,0.6666666666666666
nonstructural_protein_NS2A,175,"V:V:7,I:V:2,I:I:2,I:T:1",neutral,1.0,0.693,V,"V:1170,?:5,I:123,T:1",0.229,0.1178277885136771,0.15021320407006788,0.6697388632872503,-,0.6666666666666666
nonstructural_protein_NS2A,176,S:S:13,negative,1.0,1.462,S,"S:1293,?:6",0.000,2.207098421802556e-06,3.0447400717739666e-05,0.6697388632872503,-,0.6666666666666666
nonstructural_protein_NS2A,177,"L:L:19,F:L:1,I:L:1",negative,1.0,1.533,L,"L:1291,?:6,F:1,I:1",0.000,7.048862715741677e-07,1.280543393359738e-05,0.6697388632872503,-,0.6666666666666666
nonstructural_protein_NS2A,178,"F:L:5,L:L:18,L:V:1",negative,1.0,1.223,L,"L:1222,?:7,F:69,V:1",0.150,0.004869958389172035,0.010208182008072149,0.6697388632872503,-,0.6666666666666666
nonstructural_protein_NS2A,179,"P:S:2,P:P:1",neutral,1.0,0.125,P,"P:1292,S:2,?:5",0.000,0.1559200949807854,0.19312829946483648,0.6697388632872503,-,0.6666666666666666
nonstructural_protein_NS2A,180,"L:V:5,M:V:4,V:V:6,L:L:3,A:V:1",neutral,1.0,0.711,V,"V:888,L:378,?:15,M:17,A:1",0.984,0.5121351389264581,0.5911762366830874,0.6697388632872503,-,0.391889323928327
nonstructural_protein_NS2A,19,"F:L:6,F:F:10,F:S:1,F:Y:1",negative,1.0,1.007,F,"F:1262,?:21,L:6,S:1,Y:9",0.092,0.002374352807202218,0.006072875771894518,0.6697388632872503,-,0.6666666666666666
nonstructural_protein_NS2A,181,C:C:10,negative,1.0,0.997,C,"C:1294,?:5",0.000,0.00112200507274407,0.003494244369402961,0.6697388632872503,-,0.6666666666666666
nonstructural_protein_NS2A,182,"H:Q:1,Q:Q:6,Q:R:1",neutral,1.0,0.737,Q,"Q:1289,?:8,H:1,R:1",0.000,0.04062692964257608,0.06066212782247661,0.6697388632872503,-,0.6666666666666666
nonstructural_protein_NS2A,183,S:S:10,negative,1.0,0.758,S,"S:1292,?:7",0.000,0.0002683060656136771,0.001169814446075632,0.6697388632872503,-,0.6666666666666666
nonstructural_protein_NS2A,184,"S:S:12,S:T:2",negative,1.0,1.291,S,"S:1281,?:5,T:13",0.081,0.0001667821776524248,0.0008079669939606358,0.6697388632872503,-,0.6666666666666666
nonstructural_protein_NS2A,185,"G:S:1,G:G:1,S:S:12",negative,1.0,1.342,S,"S:1289,?:5,G:5",0.168,0.007576871800334062,0.014747839754221656,0.6697388632872503,-,0.6666666666666666
nonstructural_protein_NS2A,186,"L:L:1,L:M:8,I:M:1,L:S:1",neutral,0.4380180089220946,0.772,M,"L:166,?:10,M:1121,I:1,S:1",0.350,0.5152453438981037,0.5911762366830874,0.6697388632872503,-,0.6139202144902391
nonstructural_protein_NS2A,187,R:R:18,negative,1.0,2.176,R,"R:1293,?:6",0.000,1.715534682922293e-05,0.00014277627480252522,0.6697388632872503,-,0.6666666666666666
nonstructural_protein_NS2A,188,K:K:2,neutral,1.0,0.308,K,"K:1294,?:5",0.000,0.121526158334312,0.1540273402144187,0.6697388632872503,-,0.6666666666666666
nonstructural_protein_NS2A,189,"T:T:1,S:T:1",neutral,1.0,0.126,T,"T:1278,?:5,S:16",0.091,0.8214185471945572,0.8908917576537984,0.6697388632872503,-,0.6626768117015865
nonstructural_protein_NS2A,190,D:D:16,negative,1.0,1.633,D,"D:1290,?:9",0.000,4.893460800681204e-05,0.0002994509333203628,0.6697388632872503,-,0.6666666666666666
nonstructural_protein_NS2A,20,"E:E:2,E:K:1",neutral,1.0,0.459,E,"E:1279,?:19,K:1",0.000,0.05058299895635776,0.07160450501614281,0.6697388632872503,-,0.6666666666666666
nonstructural_protein_NS2A,191,NA,neutral,1.0,0.153,W,"W:1294,?:5",0.000,0.9999999663716803,1.0,0.6697388632872503,-,0.6666666666666666
nonstructural_protein_NS2A,192,"L:L:19,I:L:1",negative,1.0,1.579,L,"L:1288,?:9,I:2",0.089,1.833823713059957e-05,0.00014277627480252522,0.6697388632872503,-,0.6666666666666666
nonstructural_protein_NS2A,193,P:P:4,negative,1.0,0.498,P,"P:1293,?:6",0.000,0.004634795787379575,0.009809567782997547,0.6697388632872503,-,0.6666666666666666
nonstructural_protein_NS2A,194,"I:M:4,M:V:3,V:V:1",neutral,1.0,2.285,M,"M:1229,I:5,?:13,V:52",0.258,0.1262410125469747,0.15907827014589876,0.6697388632872503,-,0.6666666666666666
nonstructural_protein_NS2A,195,"T:T:8,I:T:1,A:T:11,A:A:2,S:T:1",neutral,1.0,0.956,T,"T:1026,?:16,I:1,A:255,S:1",0.364,0.08729456634851684,0.11395338601183636,0.6697388632872503,-,0.6666666666666666
nonstructural_protein_NS2A,196,"V:V:15,I:V:1",negative,1.0,1.631,V,"V:1293,?:5,I:1",0.000,7.333130365605456e-06,7.612487712866616e-05,0.6697388632872503,-,0.6666666666666666
nonstructural_protein_NS2A,197,"A:T:1,A:V:2,A:A:3",negative,1.0,0.377,A,"A:1291,?:5,T:1,V:2",0.000,0.02072507139903235,0.03595173722066512,0.6697388632872503,-,0.6666666666666666
nonstructural_protein_NS2A,198,"A:S:2,A:A:27,A:D:1",negative,1.0,2.113,A,"A:1286,S:2,?:10,D:1",0.000,4.844947554261125e-09,3.520661889429751e-07,0.6697388632872503,-,0.6666666666666666
nonstructural_protein_NS2A,199,M:V:1,neutral,1.0,0.132,M,"M:1293,?:5,V:1",0.000,1.0,1.0,0.6697388632872503,-,0.6666666666666666
nonstructural_protein_NS2A,200,G:G:2,neutral,1.0,0.251,G,"G:1293,?:6",0.000,0.1503374873435813,0.18727755566228982,0.6697388632872503,-,0.6666666666666666
nonstructural_protein_NS2A,3,"G:G:2,G:S:1",neutral,1.0,0.342,G,"G:1280,?:18,S:1",0.000,0.09844061172363983,0.1269825642352277,0.6697388632872503,-,0.6666666666666666
nonstructural_protein_NS2A,21,"E:E:11,E:R:2,D:E:1",negative,1.0,1.363,E,"E:1277,?:19,R:2,D:1",0.000,0.0005934441131513202,0.002120833060114554,0.6697388632872503,-,0.6666666666666666
nonstructural_protein_NS2A,201,"V:V:13,L:V:4,I:V:4,A:V:1",neutral,1.0,1.019,V,"V:1263,L:18,I:7,?:10,A:1",0.341,0.05936413150478026,0.08295756838488523,0.6697388632872503,-,0.02591666885853183
nonstructural_protein_NS2A,202,"P:Q:3,P:P:2,P:S:8",neutral,1.0,0.251,P,"P:1273,Q:5,?:5,S:16",0.146,0.5887868381126868,0.6685183891071133,0.6697388632872503,-,0.6362247718055797
nonstructural_protein_NS2A,203,"P:S:4,P:P:13,A:S:1",negative,1.0,1.075,P,"P:1282,S:11,?:5,A:1",0.145,0.001227943394132902,0.00371793972112462,0.6697388632872503,-,0.6666666666666666
nonstructural_protein_NS2A,204,L:L:17,negative,1.0,0.885,L,"L:1288,?:11",0.000,0.001662590013940868,0.004646725936398836,0.6697388632872503,-,0.6666666666666666
nonstructural_protein_NS2A,205,P:P:4,negative,1.0,0.504,P,"P:1294,?:5",0.000,0.004500623835903883,0.009809567782997547,0.6697388632872503,-,0.6666666666666666
nonstructural_protein_NS2A,206,L:L:21,negative,1.0,1.637,L,"L:1291,?:8",0.000,3.272024310385646e-07,7.925569996267453e-06,0.6697388632872503,-,0.6666666666666666
nonstructural_protein_NS2A,207,"F:F:31,F:L:1",negative,1.0,3.284,F,"F:1292,?:6,L:1",0.000,7.362999099314038e-12,1.6051338036504603e-09,0.6697388632872503,-,0.6666666666666666
nonstructural_protein_NS2A,208,"I:I:13,I:V:1,F:I:1",negative,1.0,1.150,I,"I:1288,?:9,V:1,F:1",0.000,0.0001176176423692832,0.0006480341486134856,0.6697388632872503,-,0.6666666666666666
nonstructural_protein_NS2A,209,F:F:21,negative,1.0,2.151,F,"F:1290,?:9",0.000,2.927705600175301e-08,1.595599552095539e-06,0.6697388632872503,-,0.6666666666666666
nonstructural_protein_NS2A,210,"C:S:5,G:S:3,S:S:12,N:S:7,S:T:1,G:G:1",neutral,1.0,1.314,S,"S:1226,C:6,G:45,?:7,N:14,T:1",0.828,0.3696285581899847,0.4403225447290528,0.6697388632872503,-,0.649399322585855
nonstructural_protein_NS2A,22,"M:V:2,V:V:6,I:V:2,L:V:1",negative,1.0,0.652,V,"V:1274,?:20,M:2,I:2,L:1",0.000,0.004526312989730941,0.009809567782997547,0.6697388632872503,-,0.6666666666666666
nonstructural_protein_NS2A,211,L:L:21,negative,1.0,1.254,L,"L:1291,?:8",0.000,0.0001887878263135967,0.0008888965101191865,0.6697388632872503,-,0.6666666666666666
nonstructural_protein_NS2A,212,K:K:7,negative,1.0,1.031,K,"K:1284,?:15",0.000,0.004505457618061648,0.009809567782997547,0.6697388632872503,-,0.6666666666666666
nonstructural_protein_NS2A,213,D:D:12,negative,1.0,1.211,D,"D:1288,?:11",0.000,0.000537610511680775,0.0020561244130948937,0.6697388632872503,-,0.6666666666666666
nonstructural_protein_NS2A,214,"I:T:2,S:T:1,T:T:2,A:T:3",neutral,1.0,0.253,T,"T:1263,I:3,?:6,S:1,A:26",0.365,0.6639678342224637,0.7384948360229444,0.6697388632872503,-,0.5011302708964718
nonstructural_protein_NS2A,215,"L:L:11,I:L:1,F:L:2,L:P:2,P:P:5,P:Q:1,P:S:2",negative,1.0,1.568,L,"L:919,?:14,I:1,F:2,P:358,Q:1,S:4",0.170,0.0001189053483694469,0.0006480341486134856,0.6697388632872503,-,0.6666666666666666
nonstructural_protein_NS2A,216,"K:R:4,K:K:4",negative,1.0,0.618,K,"K:1291,R:4,?:4",0.000,0.02840420242746211,0.043606451613991126,0.6697388632872503,-,0.6666666666666666
nonstructural_protein_NS2A,217,"R:R:7,K:R:4",neutral,1.0,0.818,R,"R:1255,K:39,?:5",0.355,0.268171847996317,0.32843518462470284,0.6697388632872503,-,0.6666666666666666
nonstructural_protein_NS2A,218,"R:R:7,K:R:2",neutral,1.0,0.955,R,"R:1285,?:7,K:7",0.374,0.2092774601281805,0.25775415993188333,0.6697388632872503,-,0.6666666666666666
nonstructural_protein_NS2A,23,"L:M:4,M:V:2,I:M:1",negative,1.0,12.530,M,"M:1270,?:19,L:7,V:2,I:1",0.171,0.02408992251544784,0.039191067972892756,0.6697388632872503,-,0.6666666666666666
nonstructural_protein_NS2A,24,"P:R:1,R:R:4,K:R:1",negative,1.0,0.681,R,"R:1278,?:19,P:1,K:1",0.000,0.02236643603032706,0.0379150608703019,0.6697388632872503,-,0.6666666666666666
nonstructural_protein_NS2A,25,G:G:8,negative,1.0,1.015,G,"G:1280,?:19",0.000,0.003913972718266767,0.008981537395601634,0.6697388632872503,-,0.6666666666666666
nonstructural_protein_NS2A,26,"K:Q:1,K:K:6,K:R:1",negative,1.0,0.932,K,"K:1278,?:19,Q:1,R:1",0.000,0.00724521421406088,0.01435869726059338,0.6697388632872503,-,0.6666666666666666
nonstructural_protein_NS2A,27,"F:L:7,F:F:7",negative,1.0,0.694,F,"F:1271,?:20,L:8",0.092,0.01874194177519417,0.0335219096978064,0.6697388632872503,-,0.6666666666666666
nonstructural_protein_NS2A,28,"G:W:5,G:G:12,G:R:1,G:L:1",neutral,1.0,1.299,G,"G:1271,?:20,W:5,R:1,L:2",0.344,0.0453590928488552,0.0659218816070029,0.2743043714772485,-,0.001258276933381874
nonstructural_protein_NS2A,29,"K:K:6,K:M:1,K:R:1",negative,1.0,0.934,K,"K:1277,?:20,M:1,R:1",0.000,0.006725732573320431,0.013451465146640862,0.6697388632872503,-,0.6666666666666666
nonstructural_protein_NS2A,30,"E:K:1,K:K:14,K:L:1,I:K:1",negative,1.0,2.166,K,"K:1275,?:21,E:1,L:1,I:1",0.000,4.388431514035229e-05,0.0002899024454726303,0.6697388632872503,-,0.6666666666666666
nonstructural_protein_NS2A,4,"K:R:3,K:K:4,E:K:2",neutral,1.0,0.491,K,"K:1193,?:20,R:3,E:83",0.191,0.3586600192548463,0.43197726075998066,0.6697388632872503,-,0.6518624442280477
nonstructural_protein_NS2A,31,"H:H:12,F:H:1,H:Y:1",negative,1.0,1.303,H,"H:1278,?:19,F:1,Y:1",0.000,5.656323527170048e-05,0.0003332644672765055,0.6697388632872503,-,0.6666666666666666
nonstructural_protein_NS2A,32,"L:M:2,M:R:1",negative,1.0,48.798,M,"M:1276,?:20,L:2,R:1",0.000,0.004618776915319311,0.009809567782997547,0.6697388632872503,-,0.6666666666666666
nonstructural_protein_NS2A,33,"I:I:8,F:I:2,I:V:4",negative,1.0,0.672,I,"I:1271,?:22,F:2,V:4",0.000,0.00293046963060839,0.007098248660806989,0.6697388632872503,-,0.6666666666666666
nonstructural_protein_NS2A,34,"A:A:3,A:V:6,A:S:1,A:T:1",neutral,1.0,0.363,A,"A:1215,?:21,V:61,S:1,T:1",0.177,0.4233492028904772,0.49679580059037964,0.6697388632872503,-,0.6322208399027596
nonstructural_protein_NS2A,35,G:G:10,negative,1.0,1.071,G,"G:1279,?:20",0.000,0.00185883077880189,0.0050653138722351505,0.6697388632872503,-,0.6666666666666666
nonstructural_protein_NS2A,36,"V:V:6,A:V:7,I:V:4,F:V:2",neutral,1.0,0.455,V,"V:1250,?:20,A:23,I:4,F:2",0.226,0.3692766930043008,0.4403225447290528,0.6697388632872503,-,0.6666666666666666
nonstructural_protein_NS2A,37,"F:F:4,F:L:17,F:I:2,L:L:2,F:V:1",neutral,1.0,0.554,F,"F:709,?:22,L:564,I:3,V:1",0.469,0.7828510511033038,0.8533076457026012,0.6697388632872503,-,0.6666666666666666
nonstructural_protein_NS2A,38,"F:L:15,L:L:1,F:I:2,F:F:10,F:S:4",neutral,1.0,1.277,F,"L:223,?:22,F:1040,I:2,S:12",0.875,0.3844650098168779,0.4555074572830401,0.6697388632872503,-,0.6666666666666666
nonstructural_protein_NS2A,39,"T:T:16,I:T:1,I:M:2,M:T:5",negative,1.0,1.815,T,"T:1266,?:21,M:9,I:3",0.275,0.0003822628228019598,0.0016025633725159083,0.6697388632872503,-,0.6666666666666666
nonstructural_protein_NS2A,40,"F:F:10,C:F:1,F:L:1,A:F:1",negative,1.0,0.995,F,"F:1274,?:21,C:1,L:2,A:1",0.091,0.002291410458042487,0.005946755712538836,0.6697388632872503,-,0.6666666666666666
nonstructural_protein_NS2A,5,"V:V:10,M:V:5,A:V:4,A:T:1,R:V:1,I:V:1",neutral,1.0,1.228,V,"V:1247,?:20,M:10,A:13,T:7,R:1,I:1",0.453,0.07221143452440448,0.0983880795395011,0.6697388632872503,-,0.6666666666666666
nonstructural_protein_NS2A,41,"M:V:9,M:T:2,A:V:4,I:M:1,V:V:6,L:V:1",neutral,1.0,0.706,V,"M:152,V:1112,?:23,T:6,A:4,I:1,L:1",0.669,0.9249509103829989,0.9932970367659791,0.6697388632872503,-,0.6562636943967919
nonstructural_protein_NS2A,42,"L:L:4,H:L:2,L:S:1",negative,1.0,0.516,L,"L:1274,?:22,H:2,S:1",0.000,0.005049184730635981,0.010479108828947096,0.6697388632872503,-,0.6666666666666666
nonstructural_protein_NS2A,43,"L:L:8,L:W:1,D:L:1,L:R:1",negative,1.0,0.870,L,"L:1275,?:21,W:1,D:1,R:1",0.000,0.001168773986804816,0.0035886299876542235,0.6697388632872503,-,0.6666666666666666
nonstructural_protein_NS2A,44,"L:L:8,L:R:2,L:M:1,L:S:1",negative,1.0,0.902,L,"L:1274,?:21,R:2,M:1,S:1",0.000,0.0002363267323124418,0.0010514128090635165,0.6697388632872503,-,0.6666666666666666
nonstructural_protein_NS2A,45,"L:S:8,S:Y:2,Q:S:2,S:S:5",negative,1.0,0.887,S,"S:1249,?:22,L:24,Y:2,Q:2",0.167,0.02034949954487464,0.03577573307082799,0.6697388632872503,-,0.6666666666666666
nonstructural_protein_NS2A,46,"G:R:2,G:G:4",neutral,1.0,0.424,G,"G:1276,?:21,R:2",0.000,0.05000203295532524,0.07138976207800359,0.6697388632872503,-,0.6666666666666666
nonstructural_protein_NS2A,47,Q:Q:6,negative,1.0,0.923,Q,"Q:1267,?:32",0.000,0.02337692058627994,0.03831705780307539,0.6697388632872503,-,0.6666666666666666
nonstructural_protein_NS2A,48,NA,neutral,1.0,0.000,I,"I:1279,?:20",0.000,0.9999999663716803,1.0,0.6697388632872503,-,0.6666666666666666
nonstructural_protein_NS2A,49,"T:T:7,I:T:1",negative,1.0,0.883,T,"T:1278,?:20,I:1",0.000,0.0005000816227545002,0.001982141704736019,0.6697388632872503,-,0.6666666666666666
nonstructural_protein_NS2A,50,NA,neutral,1.0,0.153,W,"W:1279,?:20",0.000,0.9999999663716803,1.0,0.6697388632872503,-,0.6666666666666666
nonstructural_protein_NS2A,6,D:D:14,negative,1.0,1.463,D,"D:1280,?:19",0.000,0.0001546709057717033,0.0007750988073181613,0.6697388632872503,-,0.6666666666666666
nonstructural_protein_NS2A,51,"K:R:5,R:R:6",neutral,1.0,0.885,R,"R:1271,?:21,K:7",0.191,0.09619557834633297,0.12482521475893206,0.6697388632872503,-,0.6666666666666666
nonstructural_protein_NS2A,52,"D:D:16,D:N:4",negative,1.0,1.663,D,"D:1271,?:23,N:5",0.153,0.001088702182617696,0.0034902511148626135,0.6697388632872503,-,0.6666666666666666
nonstructural_protein_NS2A,53,"M:V:2,L:M:1,M:T:1",neutral,1.0,0.000,M,"M:1274,V:2,?:21,L:1,T:1",0.000,1.0,1.0,0.6697388632872503,-,0.6666666666666666
nonstructural_protein_NS2A,54,"A:A:8,A:V:1,A:T:4",negative,1.0,0.882,A,"A:1202,?:34,V:1,T:62",0.175,0.02094436067442418,0.03595173722066512,0.6697388632872503,-,0.6666666666666666
nonstructural_protein_NS2A,55,"H:R:7,R:R:2,C:R:1,Q:R:1,H:N:2,H:Q:1,H:H:7",neutral,1.0,1.063,H,"H:1168,?:24,R:100,C:1,Q:4,N:2",0.256,0.03535328677242544,0.053520948030477404,0.6697388632872503,-,0.129860217326813
nonstructural_protein_NS2A,56,"T:T:3,I:T:1",negative,1.0,0.378,T,"T:1277,?:21,I:1",0.000,0.02258740194632836,0.0379150608703019,0.6697388632872503,-,0.6666666666666666
nonstructural_protein_NS2A,57,"L:L:8,F:L:3",neutral,1.0,0.478,L,"L:1267,?:23,F:9",0.343,0.6153097027078709,0.6914304906717312,0.6697388632872503,-,0.6666666666666666
nonstructural_protein_NS2A,58,"I:M:8,I:I:1,I:T:4,I:V:1",neutral,1.0,0.688,I,"I:1233,?:21,M:39,T:4,V:2",0.471,0.7401550745813378,0.8149182134279375,0.6697388632872503,-,0.6666666666666666
nonstructural_protein_NS2A,59,I:M:3,neutral,1.0,0.114,M,"M:1276,?:20,I:3",0.000,1.0,1.0,0.6697388632872503,-,0.6666666666666666
nonstructural_protein_NS2A,60,"I:V:6,I:I:10,I:T:1,I:L:1",negative,1.0,0.846,I,"I:1266,?:21,V:6,T:1,L:5",0.141,0.02583149258601358,0.04171307691667377,0.6697388632872503,-,0.6666666666666666
nonstructural_protein_NS2A,7,N:N:6,negative,1.0,0.594,N,"N:1282,?:17",0.000,0.019304999232995,0.034215364494251305,0.6697388632872503,-,0.6666666666666666
nonstructural_protein_NS2A,61,G:G:5,negative,1.0,0.540,G,"G:1280,?:19",0.000,0.0275412545522129,0.042885667802731516,0.6697388632872503,-,0.6666666666666666
nonstructural_protein_NS2A,62,S:S:8,negative,1.0,0.687,S,"S:1278,?:21",0.000,0.0006545913849441698,0.00230162777286821,0.6697388632872503,-,0.6666666666666666
nonstructural_protein_NS2A,63,"N:N:13,I:N:1,N:S:3,N:T:1",neutral,1.0,1.304,N,"N:1272,?:20,I:1,S:5,T:1",0.344,0.04149580939521824,0.061538003048691,0.6697388632872503,-,0.6429233687649971
nonstructural_protein_NS2A,64,"A:A:9,A:T:3",negative,1.0,0.803,A,"A:1269,?:26,T:4",0.087,0.006191988977291008,0.012498644417124442,0.6697388632872503,-,0.6666666666666666
nonstructural_protein_NS2A,65,"S:T:3,S:S:6,F:S:1",neutral,1.0,0.453,S,"S:1240,T:33,?:23,F:3",0.324,0.5994675544721997,0.6771187920981323,0.6697388632872503,-,0.6625676853762571
nonstructural_protein_NS2A,66,"D:D:8,D:N:1",negative,1.0,0.795,D,"D:1289,?:9,N:1",0.000,0.005251134924692979,0.010698573958720274,0.6697388632872503,-,0.6666666666666666
nonstructural_protein_NS2A,67,"R:R:10,K:R:5",neutral,1.0,1.226,R,"R:1284,?:5,K:10",0.360,0.07523547957501486,0.10124280584785951,0.6697388632872503,-,0.636162835210385
nonstructural_protein_NS2A,68,"I:M:1,M:T:1",neutral,1.0,0.065,M,"M:1293,I:1,?:4,T:1",0.000,1.0,1.0,0.6697388632872503,-,0.6666666666666666
nonstructural_protein_NS2A,69,G:G:8,negative,1.0,1.008,G,"G:1283,?:16",0.000,0.003977309956438302,0.009031808026078643,0.6697388632872503,-,0.6666666666666666
nonstructural_protein_NS2A,70,NA,neutral,1.0,0.153,M,"M:1297,?:2",0.000,0.9999999370871746,1.0,0.6697388632872503,-,0.6666666666666666
nonstructural_protein_NS2A,8,"F:F:14,C:F:1,F:S:2",negative,1.0,1.412,F,"F:1278,?:18,C:1,S:2",0.000,7.992129658851432e-06,7.919473934680055e-05,0.6697388632872503,-,0.6666666666666666
nonstructural_protein_NS2A,71,G:G:18,negative,1.0,1.563,G,"G:1291,?:8",0.000,0.000125196455914689,0.0006498292235571953,0.6697388632872503,-,0.6666666666666666
nonstructural_protein_NS2A,72,"V:V:27,I:V:6",negative,1.0,2.254,V,"V:1279,?:14,I:6",0.000,5.527172985964057e-08,2.008206184900274e-06,0.6697388632872503,-,0.6666666666666666
nonstructural_protein_NS2A,73,T:T:11,negative,1.0,0.920,T,"T:1297,?:2",0.000,0.0001564419611100876,0.0007750988073181613,0.6697388632872503,-,0.6666666666666666
nonstructural_protein_NS2A,74,"Y:Y:9,H:Y:4",negative,1.0,0.892,Y,"Y:1293,?:2,H:4",0.000,0.002395721634784076,0.006072875771894518,0.6697388632872503,-,0.6666666666666666
nonstructural_protein_NS2A,75,L:L:13,negative,1.0,0.598,L,"L:1296,?:3",0.000,0.01148136503033514,0.021764674579244,0.6697388632872503,-,0.6666666666666666
nonstructural_protein_NS2A,76,A:A:9,negative,1.0,0.734,A,"A:1298,?:1",0.000,0.000569180019284854,0.0020864373183647534,0.6697388632872503,-,0.6666666666666666
nonstructural_protein_NS2A,77,"L:L:16,I:L:1",negative,1.0,1.023,L,"L:1296,?:2,I:1",0.000,0.0008985727707915281,0.00296801309140232,0.6697388632872503,-,0.6666666666666666
nonstructural_protein_NS2A,78,"I:I:9,I:T:1",negative,1.0,0.771,I,"I:1290,?:8,T:1",0.000,0.001431993873273973,0.004107561373338502,0.6697388632872503,-,0.6666666666666666
nonstructural_protein_NS2A,79,"A:A:3,A:E:1",negative,1.0,0.375,A,"A:1297,?:1,E:1",0.000,0.02090162389262129,0.03595173722066512,0.6697388632872503,-,0.6666666666666666
nonstructural_protein_NS2A,80,"T:T:3,A:T:2",negative,1.0,0.374,T,"T:1296,?:1,A:2",0.000,0.02278382098169518,0.0379150608703019,0.6697388632872503,-,0.6666666666666666
nonstructural_protein_NS2A,9,T:T:3,negative,1.0,0.377,T,"T:1281,?:18",0.000,0.0226996703373723,0.0379150608703019,0.6697388632872503,-,0.6666666666666666
nonstructural_protein_NS2A,81,F:F:26,negative,1.0,2.660,F,"F:1296,?:3",0.000,5.999747365592611e-10,6.539724628495946e-08,0.6697388632872503,-,0.6666666666666666
nonstructural_protein_NS2A,82,"E:K:4,K:K:6,K:R:2",neutral,1.0,0.924,K,"K:1284,E:5,?:8,R:2",0.188,0.08202882513353005,0.10837747805520939,0.6697388632872503,-,0.6666666666666666
nonstructural_protein_NS2A,83,"I:I:13,I:V:2",negative,1.0,1.170,I,"I:1286,?:11,V:2",0.000,0.0001128186710598333,0.0006472229023958857,0.6697388632872503,-,0.6666666666666666
nonstructural_protein_NS2A,84,Q:Q:12,negative,1.0,1.472,Q,"Q:1297,?:2",0.000,0.003798535705707207,0.008809370040895438,0.6697388632872503,-,0.6666666666666666
nonstructural_protein_NS2A,85,P:P:4,negative,1.0,0.500,P,"P:1298,?:1",0.000,0.004575151035965508,0.009809567782997547,0.6697388632872503,-,0.6666666666666666
nonstructural_protein_NS2A,86,"F:F:12,F:V:2",negative,1.0,1.213,F,"F:1287,?:10,V:2",0.000,3.093146441257577e-05,0.0002175180400626296,0.6697388632872503,-,0.6666666666666666
nonstructural_protein_NS2A,87,L:L:17,negative,1.0,0.916,L,"L:1287,?:12",0.000,0.001397784998104168,0.004062895061156114,0.6697388632872503,-,0.6666666666666666
nonstructural_protein_NS2A,88,"A:A:12,A:V:5,A:T:4",negative,1.0,0.911,A,"A:1282,?:7,V:6,T:4",0.087,0.002097315130664801,0.005644625907221316,0.6697388632872503,-,0.6666666666666666
nonstructural_protein_NS2A,89,"L:L:18,L:M:1",negative,1.0,1.061,L,"L:1291,?:7,M:1",0.000,0.0005742488032196569,0.0020864373183647534,0.6697388632872503,-,0.6666666666666666
nonstructural_protein_NS2A,90,G:G:3,neutral,1.0,0.375,G,"G:1293,?:6",0.000,0.07857201501039823,0.10444328824552936,0.6697388632872503,-,0.6666666666666666
nonstructural_protein_NS2A,10,"M:V:2,M:T:2,I:M:3",neutral,1.0,0.000,M,"M:1267,?:19,V:2,T:2,I:9",0.085,0.9530422968705125,1.0,0.6697388632872503,-,0.6540686609475337
nonstructural_protein_NS2A,91,F:F:19,negative,1.0,1.937,F,"F:1288,?:11",0.000,1.357413839109256e-07,3.6989527115727228e-06,0.6697388632872503,-,0.6666666666666666
nonstructural_protein_NS2A,92,"F:F:21,F:L:1",negative,1.0,2.139,F,"F:1291,?:7,L:1",0.000,4.110942819490759e-08,1.7923710692979707e-06,0.6697388632872503,-,0.6666666666666666
nonstructural_protein_NS2A,93,L:L:12,negative,1.0,0.525,L,"L:1292,?:7",0.000,0.01766897407282897,0.03209863623230596,0.6697388632872503,-,0.6666666666666666
nonstructural_protein_NS2A,94,R:R:10,negative,1.0,1.290,R,"R:1290,?:9",0.000,0.001116666976342495,0.003494244369402961,0.6697388632872503,-,0.6666666666666666
nonstructural_protein_NS2A,95,"K:K:9,K:R:2",neutral,1.0,1.383,K,"K:1284,?:7,R:8",0.376,0.06152327977924643,0.08488655058149192,0.6697388632872503,-,0.6579551247988287
nonstructural_protein_NS2A,96,L:L:22,negative,1.0,1.008,L,"L:1292,?:7",0.000,0.0009305556333937259,0.0030277780310422726,0.6697388632872503,-,0.6666666666666666
nonstructural_protein_NS2A,97,T:T:4,negative,1.0,0.501,T,"T:1293,?:6",0.000,0.008544850652677516,0.01648475612640441,0.6697388632872503,-,0.6666666666666666
nonstructural_protein_NS2A,98,S:S:17,negative,1.0,1.340,S,"S:1283,?:16",0.000,1.502413116583057e-06,2.3394718529650458e-05,0.6697388632872503,-,0.6666666666666666
nonstructural_protein_NS2A,99,R:R:2,neutral,1.0,0.285,R,"R:1291,?:8",0.000,0.1350015689728622,0.1691398967591032,0.6697388632872503,-,0.6666666666666666
nonstructural_protein_NS2A,100,"E:E:9,E:K:1",negative,1.0,1.391,E,"E:1291,?:7,K:1",0.000,0.0006771668230366457,0.0023432121813014087,0.6697388632872503,-,0.6666666666666666
nonstructural_protein_NS4B,1,N:N:3,neutral,1.0,0.000,N,"N:1218,?:1",0.000,1.0,1.0,1.0,-,1.0
nonstructural_protein_NS4B,2,E:E:1,neutral,1.0,0.208,E,"E:1218,?:1",0.000,0.2115909506909243,0.23531190928856155,0.6720867208672086,-,0.6666666666666666
nonstructural_protein_NS4B,11,"R:R:2,K:R:3",neutral,1.0,0.376,R,"R:1213,?:2,K:4",0.163,0.4821035093169748,0.5243932908360077,0.6720867208672086,-,0.6422991861458565
nonstructural_protein_NS4B,101,"Q:Q:2,Q:Y:1",neutral,1.0,0.425,Q,"Q:1211,?:7,Y:1",0.000,0.1233839953171615,0.1443359945219625,0.6720867208672086,-,0.6666666666666666
nonstructural_protein_NS4B,102,V:V:7,negative,1.0,0.708,V,"V:1211,?:8",0.000,0.00100878611613997,0.0020848246400226047,0.6720867208672086,-,0.6666666666666666
nonstructural_protein_NS4B,103,N:N:10,negative,1.0,0.722,N,"N:1208,?:11",0.000,0.005271616017531788,0.008544841649332571,0.6720867208672086,-,0.6666666666666666
nonstructural_protein_NS4B,104,P:P:6,negative,1.0,0.988,P,"P:1212,?:7",0.000,8.114146924487198e-05,0.00029630980666723087,0.6720867208672086,-,0.6666666666666666
nonstructural_protein_NS4B,105,"L:L:25,K:L:1",negative,1.0,1.115,L,"L:1209,?:9,K:1",0.000,3.121920393012179e-05,0.00015181103087588636,0.6720867208672086,-,0.6666666666666666
nonstructural_protein_NS4B,106,"T:T:12,P:T:1",negative,1.0,1.062,T,"T:1210,?:8,P:1",0.000,2.682538750953256e-05,0.00014154672558221436,0.6720867208672086,-,0.6666666666666666
nonstructural_protein_NS4B,107,L:L:9,negative,1.0,0.482,L,"L:1210,?:9",0.000,0.002180127024459022,0.004036437177348316,0.6720867208672086,-,0.6666666666666666
nonstructural_protein_NS4B,108,"T:T:10,I:T:2,A:T:2",negative,1.0,1.550,T,"T:1205,?:8,I:2,A:4",0.081,8.899999117284452e-05,0.00031531425444093487,0.6720867208672086,-,0.6666666666666666
nonstructural_protein_NS4B,109,A:A:11,negative,1.0,1.120,A,"A:1211,?:8",0.000,2.751962519420559e-05,0.00014218473017006222,0.6720867208672086,-,0.6666666666666666
nonstructural_protein_NS4B,110,"A:A:5,A:V:1",negative,1.0,0.809,A,"A:1210,?:7,V:2",0.083,0.01252630818456235,0.018827420786493715,0.6720867208672086,-,0.6666666666666666
nonstructural_protein_NS4B,12,D:D:24,negative,1.0,2.695,D,"D:1217,?:2",0.000,3.98670238266341e-07,5.8158952405913274e-06,0.6720867208672086,-,0.6666666666666666
nonstructural_protein_NS4B,111,"V:V:8,S:V:1,G:V:1,L:V:1,I:V:1,A:V:1",negative,1.0,1.627,V,"V:1206,?:8,S:1,G:1,L:1,I:1,A:1",0.000,5.296324268044827e-06,3.863201230809168e-05,0.6720867208672086,-,0.6666666666666666
nonstructural_protein_NS4B,112,"L:L:10,L:T:1,L:P:1,F:L:4,I:L:1",negative,1.0,0.779,L,"L:1202,?:10,T:1,P:1,F:4,I:1",0.000,6.846494850787366e-05,0.00025726223075685857,0.6720867208672086,-,0.6666666666666666
nonstructural_protein_NS4B,113,L:L:11,negative,1.0,0.509,L,"L:1208,?:11",0.000,0.004762080343134856,0.007926147148304995,0.6720867208672086,-,0.6666666666666666
nonstructural_protein_NS4B,114,"L:L:11,L:V:1",negative,1.0,0.504,L,"L:1209,?:9,V:1",0.000,0.005004262654646596,0.008273714255682373,0.6720867208672086,-,0.6666666666666666
nonstructural_protein_NS4B,115,"V:V:13,A:V:6,I:V:4,I:I:7",negative,1.0,1.563,V,"V:714,?:18,A:7,I:480",0.346,0.001607191627933213,0.003240516453068592,0.6720867208672086,-,0.6666666666666666
nonstructural_protein_NS4B,116,T:T:8,negative,1.0,1.212,T,"T:1210,?:9",0.000,4.121977901605511e-05,0.00018930565177743827,0.6720867208672086,-,0.6666666666666666
nonstructural_protein_NS4B,117,H:H:12,negative,1.0,1.382,H,"H:1210,?:9",0.000,1.416640739415609e-05,8.807829984283088e-05,0.6720867208672086,-,0.6666666666666666
nonstructural_protein_NS4B,118,Y:Y:13,negative,1.0,1.530,Y,"Y:1210,?:9",0.000,5.092421376506895e-05,0.00022156500024100173,0.6720867208672086,-,0.6666666666666666
nonstructural_protein_NS4B,119,A:A:18,negative,1.0,1.411,A,"A:1208,?:11",0.000,1.087022206802679e-06,1.0368519511040938e-05,0.6720867208672086,-,0.6666666666666666
nonstructural_protein_NS4B,120,"I:I:23,I:Y:1",negative,1.0,2.099,I,"I:1208,?:10,Y:1",0.000,6.795365159462108e-09,2.808750932577671e-07,0.6720867208672086,-,0.6666666666666666
nonstructural_protein_NS4B,13,L:L:27,negative,1.0,1.704,L,"L:1217,?:2",0.000,7.156775233552182e-07,8.067637536004277e-06,0.6720867208672086,-,0.6666666666666666
nonstructural_protein_NS4B,121,"I:I:3,I:V:1",negative,1.0,2.130,I,"I:1208,?:10,V:1",0.000,0.0001588968554355752,0.0004849269347137975,0.6720867208672086,-,0.6666666666666666
nonstructural_protein_NS4B,122,G:G:14,negative,1.0,1.244,G,"G:1214,?:5",0.000,0.0005913311051216619,0.0014004169840126969,0.6720867208672086,-,0.6666666666666666
nonstructural_protein_NS4B,123,P:P:5,negative,1.0,0.813,P,"P:1214,?:5",0.000,0.0003341299683560228,0.0009105959577175128,0.6720867208672086,-,0.6666666666666666
nonstructural_protein_NS4B,124,G:G:2,neutral,1.0,0.323,G,"G:1215,?:4",0.000,0.107542289866745,0.12773512196676565,0.6720867208672086,-,0.6666666666666666
nonstructural_protein_NS4B,125,"L:L:22,F:L:1,L:M:1",negative,1.0,1.090,L,"L:1211,?:6,F:1,M:1",0.000,4.30886656513918e-05,0.00019429071057354847,0.6720867208672086,-,0.6666666666666666
nonstructural_protein_NS4B,126,Q:Q:16,negative,1.0,1.931,Q,"Q:1215,?:4",0.000,0.000575693917636011,0.001386136811395444,0.6720867208672086,-,0.6666666666666666
nonstructural_protein_NS4B,127,"A:A:13,A:P:1",negative,1.0,1.722,A,"A:1211,?:7,P:1",0.000,6.907090072116873e-07,8.067637536004277e-06,0.6720867208672086,-,0.6666666666666666
nonstructural_protein_NS4B,128,K:K:4,negative,1.0,0.843,K,"K:1216,?:3",0.000,0.01164305296996149,0.017606567905795425,0.6720867208672086,-,0.6666666666666666
nonstructural_protein_NS4B,129,"A:A:10,A:G:1",negative,1.0,0.678,A,"A:1215,?:3,G:1",0.000,0.0004703855312527816,0.0012165460994969569,0.6720867208672086,-,0.6666666666666666
nonstructural_protein_NS4B,130,"T:T:22,Q:T:1,P:T:1",negative,1.0,1.988,T,"T:1214,?:3,Q:1,P:1",0.000,1.027328955238715e-08,3.639679727131447e-07,0.6720867208672086,-,0.6666666666666666
nonstructural_protein_NS4B,14,G:G:3,neutral,1.0,0.463,G,"G:1216,?:3",0.000,0.05237362561139969,0.06729875208096954,0.6720867208672086,-,0.6666666666666666
nonstructural_protein_NS4B,131,"R:R:8,N:R:1",negative,1.0,0.709,R,"R:1214,?:4,N:1",0.000,0.00149395257404783,0.0030619854410236518,0.6720867208672086,-,0.6666666666666666
nonstructural_protein_NS4B,132,E:E:5,negative,1.0,1.052,E,"E:1216,?:3",0.000,0.005217983888422872,0.008513552660058371,0.6720867208672086,-,0.6666666666666666
nonstructural_protein_NS4B,133,A:A:10,negative,1.0,0.875,A,"A:1216,?:3",0.000,0.0001488669212676985,0.0004656771744313003,0.6720867208672086,-,0.6666666666666666
nonstructural_protein_NS4B,134,"Q:Q:21,H:Q:1",negative,1.0,3.891,Q,"Q:1207,?:11,H:1",0.000,2.544047640551383e-06,2.0352381124411064e-05,0.6720867208672086,-,0.6666666666666666
nonstructural_protein_NS4B,135,K:K:3,negative,1.0,0.630,K,"K:1216,?:3",0.000,0.02895265925247414,0.04018662981065958,0.6720867208672086,-,0.6666666666666666
nonstructural_protein_NS4B,136,"R:R:9,K:R:1",negative,1.0,1.053,R,"R:1197,?:21,K:1",0.000,0.001532221188636163,0.0031146791375554787,0.6720867208672086,-,0.6666666666666666
nonstructural_protein_NS4B,137,T:T:4,negative,1.0,0.617,T,"T:1216,?:3",0.000,0.003482213208718443,0.005914992299740917,0.6720867208672086,-,0.6666666666666666
nonstructural_protein_NS4B,138,A:A:11,negative,1.0,0.985,A,"A:1216,?:3",0.000,6.073369407877394e-05,0.0002390786687545387,0.6720867208672086,-,0.6666666666666666
nonstructural_protein_NS4B,139,"A:G:1,A:A:4",negative,1.0,0.360,A,"A:1209,?:9,G:1",0.000,0.01513084485481664,0.022336009071395994,0.6720867208672086,-,0.6666666666666666
nonstructural_protein_NS4B,140,G:G:3,neutral,1.0,0.485,G,"G:1216,?:3",0.000,0.04864006211310457,0.06321559240775589,0.6720867208672086,-,0.6666666666666666
nonstructural_protein_NS4B,15,"M:V:3,L:M:1",neutral,1.0,0.000,M,"M:1212,?:3,V:3,L:1",0.000,1.0,1.0,0.6720867208672086,-,0.6666666666666666
nonstructural_protein_NS4B,141,I:I:2,negative,1.0,1.414,I,"I:1216,?:3",0.000,0.002052527627329437,0.003885701157081682,0.6720867208672086,-,0.6666666666666666
nonstructural_protein_NS4B,142,"I:M:1,M:T:1",neutral,1.0,0.075,M,"M:1214,?:3,I:1,T:1",0.000,1.0,1.0,0.6720867208672086,-,0.6666666666666666
nonstructural_protein_NS4B,143,"K:K:14,K:N:1",negative,1.0,1.708,K,"K:1214,?:4,N:1",0.000,0.0001262008132563164,0.0004118131800995588,0.6720867208672086,-,0.6666666666666666
nonstructural_protein_NS4B,144,"N:N:11,N:P:1",negative,1.0,1.293,N,"N:1215,?:3,P:1",0.000,0.0003663998710855543,0.0009770663228948113,0.6720867208672086,-,0.6666666666666666
nonstructural_protein_NS4B,145,P:P:1,neutral,1.0,0.161,P,"P:1216,?:3",0.000,0.1089182889569699,0.1280177045560594,0.6720867208672086,-,0.6666666666666666
nonstructural_protein_NS4B,146,"A:T:2,T:T:18,P:T:2",negative,1.0,1.892,T,"T:1209,?:5,A:3,P:2",0.080,1.701630994999093e-06,1.4551878853785348e-05,0.6720867208672086,-,0.6666666666666666
nonstructural_protein_NS4B,147,"V:V:7,G:V:1",negative,1.0,0.708,V,"V:1215,?:3,G:1",0.000,0.001002658562811676,0.0020848246400226047,0.6720867208672086,-,0.6666666666666666
nonstructural_protein_NS4B,148,D:D:8,negative,1.0,0.916,D,"D:1215,?:4",0.000,0.003019282097241893,0.005273112395183024,0.6720867208672086,-,0.6666666666666666
nonstructural_protein_NS4B,149,G:G:14,negative,1.0,1.444,G,"G:1215,?:4",0.000,0.0002657561695197375,0.0007405340454033135,0.6720867208672086,-,0.6666666666666666
nonstructural_protein_NS4B,150,I:I:2,negative,1.0,1.422,I,"I:1216,?:3",0.000,0.002028103063122066,0.0038689966127251722,0.6720867208672086,-,0.6666666666666666
nonstructural_protein_NS4B,16,"S:S:22,S:T:2,I:S:1",negative,1.0,1.921,S,"S:1208,?:7,T:2,I:2",0.143,1.153581071000609e-06,1.0595855763264853e-05,0.6720867208672086,-,0.439457923189163
nonstructural_protein_NS4B,151,"I:M:7,I:V:1,I:T:2",neutral,1.0,0.000,M,"I:312,?:4,M:900,V:1,T:2",0.325,0.6562909970063575,0.7076529011198985,0.6720867208672086,-,0.5243858998740902
nonstructural_protein_NS4B,152,"T:T:4,A:T:1,P:T:1",negative,1.0,0.650,T,"T:1214,?:3,A:1,P:1",0.000,0.002991492458112366,0.005273112395183024,0.6720867208672086,-,0.6666666666666666
nonstructural_protein_NS4B,153,NA,neutral,1.0,0.000,I,"I:1216,?:3",0.000,0.9999999468289579,1.0,0.6720867208672086,-,0.6666666666666666
nonstructural_protein_NS4B,154,"D:D:6,A:D:2",negative,1.0,0.431,D,"D:1214,?:3,A:2",0.000,0.03394950679840181,0.04454750098414629,0.6720867208672086,-,0.6666666666666666
nonstructural_protein_NS4B,155,L:L:7,negative,1.0,0.329,L,"L:1216,?:3",0.000,0.02333233507543364,0.03269163332603132,0.6720867208672086,-,0.6666666666666666
nonstructural_protein_NS4B,156,"D:D:11,D:E:1",negative,1.0,1.218,D,"D:1215,?:3,E:1",0.000,0.0006048415106101324,0.0014151008927482341,0.6720867208672086,-,0.6666666666666666
nonstructural_protein_NS4B,157,"P:P:15,P:S:2",negative,1.0,1.378,P,"P:1178,?:3,S:38",0.062,5.862943133538856e-06,4.154313991764675e-05,0.6720867208672086,-,0.6666666666666666
nonstructural_protein_NS4B,158,V:V:17,negative,1.0,2.764,V,"V:1215,?:4",0.000,2.811165189520182e-09,1.742922417502513e-07,0.6720867208672086,-,0.6666666666666666
nonstructural_protein_NS4B,159,"I:T:6,I:V:5,I:M:3,I:L:1,I:I:2",neutral,1.0,1.369,I,"I:1197,T:8,V:6,?:3,M:4,L:1",0.218,0.07243633374839109,0.09072833722020701,0.6720867208672086,-,0.6666666666666666
nonstructural_protein_NS4B,160,"Y:Y:10,F:Y:2",negative,1.0,0.868,Y,"Y:1179,?:5,F:35",0.126,0.01999262055934858,0.028659941611089295,0.6720867208672086,-,0.6666666666666666
nonstructural_protein_NS4B,17,"K:K:7,K:R:8",neutral,1.0,1.054,K,"K:1201,?:6,R:12",0.701,0.5119200094360696,0.554393722009368,0.6720867208672086,-,0.6666666666666666
nonstructural_protein_NS4B,161,D:D:9,negative,1.0,1.004,D,"D:1215,?:4",0.000,0.001836182008675413,0.0035576026418086128,0.6720867208672086,-,0.6666666666666666
nonstructural_protein_NS4B,162,"P:S:2,S:S:1",neutral,1.0,0.161,S,"S:1214,?:3,P:2",0.000,0.1256963756190131,0.1449893076907686,0.6720867208672086,-,0.6666666666666666
nonstructural_protein_NS4B,163,K:K:1,neutral,1.0,0.209,K,"K:1216,?:3",0.000,0.207966856327889,0.2327182432798992,0.6720867208672086,-,0.6666666666666666
nonstructural_protein_NS4B,164,F:F:5,negative,1.0,0.509,F,"F:1212,?:7",0.000,0.002426782330815169,0.0044580890225345325,0.6720867208672086,-,0.6666666666666666
nonstructural_protein_NS4B,165,E:E:3,negative,1.0,0.635,E,"E:1216,?:3",0.000,0.02988776982611907,0.04045171327565036,0.6720867208672086,-,0.6666666666666666
nonstructural_protein_NS4B,166,K:K:10,negative,1.0,1.266,K,"K:1214,?:5",0.000,0.0009927880939660794,0.0020848246400226047,0.6720867208672086,-,0.6666666666666666
nonstructural_protein_NS4B,167,Q:Q:5,negative,1.0,1.059,Q,"Q:1216,?:3",0.000,0.01508798926139565,0.022336009071395994,0.6720867208672086,-,0.6666666666666666
nonstructural_protein_NS4B,168,L:L:20,negative,1.0,0.924,L,"L:1214,?:5",0.000,0.0001462301508002861,0.00046493688972398654,0.6720867208672086,-,0.6666666666666666
nonstructural_protein_NS4B,169,G:G:2,neutral,1.0,0.323,G,"G:1216,?:3",0.000,0.1074898664323205,0.12773512196676565,0.6720867208672086,-,0.6666666666666666
nonstructural_protein_NS4B,170,Q:Q:13,negative,1.0,1.581,Q,"Q:1214,?:5",0.000,0.001830693535737948,0.0035576026418086128,0.6720867208672086,-,0.6666666666666666
nonstructural_protein_NS4B,18,"E:E:14,D:E:1",negative,1.0,2.227,E,"E:1213,?:5,D:1",0.000,2.53346405051369e-05,0.00013962201878386558,0.6720867208672086,-,0.6666666666666666
nonstructural_protein_NS4B,171,V:V:24,negative,1.0,1.843,V,"V:1214,?:5",0.000,4.424853605744516e-08,1.0426963237073687e-06,0.6720867208672086,-,0.6666666666666666
nonstructural_protein_NS4B,172,NA,neutral,1.0,0.153,M,"M:1216,?:3",0.000,0.9999999286635612,1.0,0.6720867208672086,-,0.6666666666666666
nonstructural_protein_NS4B,173,L:L:9,negative,1.0,0.552,L,"L:1216,?:3",0.000,0.0005118533605029674,0.0012727414493194189,0.6720867208672086,-,0.6666666666666666
nonstructural_protein_NS4B,174,L:L:17,negative,1.0,0.694,L,"L:1214,?:5",0.000,0.0009146742179090284,0.0020074266021366284,0.6720867208672086,-,0.6666666666666666
nonstructural_protein_NS4B,175,"G:V:1,I:V:4,V:V:12",negative,1.0,1.039,V,"V:1206,?:5,G:1,I:7",0.086,0.0009922839850510234,0.0020848246400226047,0.6720867208672086,-,0.6666666666666666
nonstructural_protein_NS4B,176,L:L:18,negative,1.0,0.823,L,"L:1216,?:3",0.000,0.000341145799094722,0.0009196104149509897,0.6720867208672086,-,0.6666666666666666
nonstructural_protein_NS4B,177,C:C:17,negative,1.0,1.887,C,"C:1216,?:3",0.000,2.443763629011997e-06,2.020177933316584e-05,0.6720867208672086,-,0.6666666666666666
nonstructural_protein_NS4B,178,"A:A:8,A:V:5,A:S:1,A:T:2",negative,1.0,1.315,A,"A:1202,?:3,V:11,S:1,T:2",0.082,0.0005458288465463035,0.0013271132739557183,0.6720867208672086,-,0.6666666666666666
nonstructural_protein_NS4B,179,"I:V:3,V:V:14,F:V:1,A:V:1",negative,1.0,1.277,V,"V:1210,?:3,I:3,F:1,A:2",0.086,0.0001603387445424653,0.0004849269347137975,0.6720867208672086,-,0.6666666666666666
nonstructural_protein_NS4B,180,Q:Q:3,neutral,1.0,0.620,Q,"Q:1216,?:3",0.000,0.06184186121848778,0.0782488856233927,0.6720867208672086,-,0.6666666666666666
nonstructural_protein_NS4B,19,"P:P:2,P:S:3",neutral,1.0,0.324,P,"P:1209,?:2,S:8",0.062,0.1608092660096302,0.18127589986540132,0.6720867208672086,-,0.6666666666666666
nonstructural_protein_NS4B,181,"L:L:22,I:L:1",negative,1.0,1.513,L,"L:1214,?:4,I:1",0.000,4.259497932146417e-08,1.0426963237073687e-06,0.6720867208672086,-,0.6666666666666666
nonstructural_protein_NS4B,182,L:L:21,negative,1.0,1.096,L,"L:1216,?:3",0.000,4.422440394469263e-05,0.00019585093175506738,0.6720867208672086,-,0.6666666666666666
nonstructural_protein_NS4B,183,"L:L:25,L:V:1",negative,1.0,1.614,L,"L:1212,?:6,V:1",0.000,1.469617044391747e-06,1.301660810746976e-05,0.6720867208672086,-,0.6666666666666666
nonstructural_protein_NS4B,184,K:M:1,neutral,1.0,0.045,M,"M:1215,?:3,K:1",0.000,1.0,1.0,0.6720867208672086,-,0.6666666666666666
nonstructural_protein_NS4B,185,R:R:3,negative,1.0,0.565,R,"R:1216,?:3",0.000,0.03190605667833757,0.042509846088276286,0.6720867208672086,-,0.6666666666666666
nonstructural_protein_NS4B,186,T:T:5,negative,1.0,0.814,T,"T:1215,?:4",0.000,0.0008995531647972843,0.0019918677220511294,0.6720867208672086,-,0.6666666666666666
nonstructural_protein_NS4B,187,S:S:2,negative,1.0,0.324,S,"S:1216,?:3",0.000,0.03017567320965853,0.04045171327565036,0.6720867208672086,-,0.6666666666666666
nonstructural_protein_NS4B,188,NA,neutral,1.0,0.153,W,"W:1216,?:3",0.000,0.9999999327433606,1.0,0.6720867208672086,-,0.6666666666666666
nonstructural_protein_NS4B,189,"A:A:10,A:P:1",negative,1.0,0.690,A,"A:1213,?:5,P:1",0.000,0.0004988290399644546,0.0012623428766447423,0.6720867208672086,-,0.6666666666666666
nonstructural_protein_NS4B,190,"L:L:8,F:L:4",neutral,1.0,0.456,L,"L:1091,?:4,F:124",0.096,0.07638100939480175,0.09518839361764238,0.6720867208672086,-,0.6666666666666666
nonstructural_protein_NS4B,20,"G:G:16,G:S:2",negative,1.0,1.465,G,"G:1213,?:4,S:2",0.000,0.000206646185272108,0.0006029206346762681,0.6720867208672086,-,0.6666666666666666
nonstructural_protein_NS4B,191,"C:G:1,C:C:5",negative,1.0,0.568,C,"C:1217,?:1,G:1",0.000,0.009511098957540987,0.014834921644466445,0.6720867208672086,-,0.6666666666666666
nonstructural_protein_NS4B,192,E:E:5,negative,1.0,1.058,E,"E:1218,?:1",0.000,0.005108900112706816,0.00839077634404828,0.6720867208672086,-,0.6666666666666666
nonstructural_protein_NS4B,193,"A:A:13,A:V:3,V:V:1",negative,1.0,1.228,A,"A:1213,?:1,V:5",0.082,0.0001865411805197503,0.0005508832736321479,0.6720867208672086,-,0.6666666666666666
nonstructural_protein_NS4B,194,L:L:23,negative,1.0,1.263,L,"L:1217,?:2",0.000,1.420617739400498e-05,8.807829984283088e-05,0.6720867208672086,-,0.6666666666666666
nonstructural_protein_NS4B,195,"T:T:14,A:T:2",negative,1.0,1.041,T,"T:1214,?:3,A:2",0.000,2.059196231174454e-05,0.0001187629454258755,0.6720867208672086,-,0.6666666666666666
nonstructural_protein_NS4B,196,L:L:21,negative,1.0,1.135,L,"L:1217,?:2",0.000,3.408522707259998e-05,0.00016256031373086143,0.6720867208672086,-,0.6666666666666666
nonstructural_protein_NS4B,197,"A:A:21,A:D:1",negative,1.0,1.597,A,"A:1216,?:2,D:1",0.000,1.662786547340644e-07,2.7491404249365315e-06,0.6720867208672086,-,0.6666666666666666
nonstructural_protein_NS4B,198,"T:T:3,S:T:1",negative,1.0,0.478,T,"T:1217,?:1,S:1",0.000,0.01053782930297964,0.016232184267943792,0.6720867208672086,-,0.6666666666666666
nonstructural_protein_NS4B,199,G:G:2,neutral,1.0,0.323,G,G:1219,0.000,0.1075920426837242,0.12773512196676565,0.6720867208672086,-,0.6666666666666666
nonstructural_protein_NS4B,200,P:P:6,negative,1.0,0.953,P,P:1219,0.000,9.511910860815487e-05,0.00032763248520586676,0.6720867208672086,-,0.6666666666666666
nonstructural_protein_NS4B,3,NA,neutral,1.0,0.153,M,"M:1218,?:1",0.000,0.9999999286635612,1.0,0.6720867208672086,-,0.6666666666666666
nonstructural_protein_NS4B,21,"I:V:3,D:V:1,V:V:11,A:V:5",negative,1.0,0.976,V,"V:1206,I:3,?:3,D:1,A:6",0.086,0.001703800901607933,0.003407601803215866,0.6720867208672086,-,0.6666666666666666
nonstructural_protein_NS4B,201,"I:M:3,I:V:2,I:T:1",neutral,1.0,0.000,I,"I:1203,M:11,V:4,T:1",0.217,0.4455701454991947,0.4889442304592933,0.6720867208672086,-,0.4002463846897195
nonstructural_protein_NS4B,202,T:T:1,neutral,1.0,0.161,T,T:1219,0.000,0.1380934005134755,0.15782102915825771,0.6720867208672086,-,0.6666666666666666
nonstructural_protein_NS4B,203,T:T:4,negative,1.0,0.648,T,T:1219,0.000,0.003014454893790264,0.005273112395183024,0.6720867208672086,-,0.6666666666666666
nonstructural_protein_NS4B,204,L:L:12,negative,1.0,0.746,L,"L:1217,?:2",0.000,5.617212000819105e-05,0.00023611331800053187,0.6720867208672086,-,0.6666666666666666
nonstructural_protein_NS4B,205,NA,neutral,1.0,0.000,W,W:1219,0.000,1.0,1.0,1.0,-,1.0
nonstructural_protein_NS4B,206,E:E:3,negative,1.0,0.632,E,E:1219,0.000,0.03009370359057806,0.04045171327565036,0.6720867208672086,-,0.6666666666666666
nonstructural_protein_NS4B,207,G:G:3,neutral,1.0,0.482,G,"G:1218,?:1",0.000,0.04909243902204397,0.06341106707014013,0.6720867208672086,-,0.6666666666666666
nonstructural_protein_NS4B,208,"S:T:3,S:S:6",negative,1.0,0.964,S,"S:1211,?:4,T:4",0.071,0.002702142103490179,0.004856023490330177,0.6720867208672086,-,0.6666666666666666
nonstructural_protein_NS4B,209,P:P:12,negative,1.0,1.079,P,"P:1218,?:1",0.000,3.769002560161105e-06,2.832462530060467e-05,0.6720867208672086,-,0.6666666666666666
nonstructural_protein_NS4B,210,"G:G:11,A:G:1",negative,1.0,1.369,G,"G:1214,?:4,A:1",0.000,0.0004725869594816023,0.0012165460994969569,0.6720867208672086,-,0.6666666666666666
nonstructural_protein_NS4B,22,"I:V:4,V:V:13,A:V:6",neutral,1.0,1.117,V,"V:1165,I:23,?:6,A:25",0.533,0.1247087800320467,0.1449893076907686,0.6720867208672086,-,0.5477259194313808
nonstructural_protein_NS4B,211,"K:K:8,K:R:2",neutral,1.0,0.928,K,"K:1211,?:4,R:4",0.177,0.0550630642881863,0.07038989661582579,0.6720867208672086,-,0.6666666666666666
nonstructural_protein_NS4B,212,"F:F:14,F:I:1,F:V:1",negative,1.0,1.540,F,"F:1214,I:1,?:3,V:1",0.000,2.22085826173668e-07,3.442330305691854e-06,0.6720867208672086,-,0.6666666666666666
nonstructural_protein_NS4B,213,NA,neutral,1.0,0.153,W,"W:1218,?:1",0.000,0.9999999327433606,1.0,0.6720867208672086,-,0.6666666666666666
nonstructural_protein_NS4B,214,N:N:20,negative,1.0,1.657,N,"N:1212,?:7",0.000,3.087438099469431e-05,0.00015181103087588636,0.6720867208672086,-,0.6666666666666666
nonstructural_protein_NS4B,215,"T:T:10,A:T:1",negative,1.0,0.619,T,"T:1216,?:2,A:1",0.000,0.0007489988264500758,0.0017199232311075814,0.6720867208672086,-,0.6666666666666666
nonstructural_protein_NS4B,216,T:T:12,negative,1.0,1.244,T,"T:1215,?:4",0.000,9.050680939814981e-06,6.234913536316987e-05,0.6720867208672086,-,0.6666666666666666
nonstructural_protein_NS4B,217,I:I:1,negative,1.0,0.709,I,"I:1218,?:1",0.000,0.02916771518515615,0.04018662981065958,0.6720867208672086,-,0.6666666666666666
nonstructural_protein_NS4B,218,A:A:11,negative,1.0,0.971,A,"A:1218,?:1",0.000,6.658375825374652e-05,0.00025404264687583285,0.6720867208672086,-,0.6666666666666666
nonstructural_protein_NS4B,219,V:V:7,negative,1.0,0.608,V,"V:1215,?:4",0.000,0.001823390108880996,0.0035576026418086128,0.6720867208672086,-,0.6666666666666666
nonstructural_protein_NS4B,220,S:S:19,negative,1.0,1.265,S,"S:1217,?:2",0.000,5.27415175866075e-07,6.8841559797256105e-06,0.6720867208672086,-,0.6666666666666666
nonstructural_protein_NS4B,23,"A:S:1,S:S:10,P:S:2",negative,1.0,0.903,S,"S:1211,?:4,A:1,P:3",0.070,0.0009377752059445132,0.0020400723778442043,0.6720867208672086,-,0.4181194456677469
nonstructural_protein_NS4B,221,NA,neutral,1.0,0.153,M,"M:1218,?:1",0.000,0.9999999286635612,1.0,0.6720867208672086,-,0.6666666666666666
nonstructural_protein_NS4B,222,A:A:19,negative,1.0,1.909,A,"A:1216,?:3",0.000,4.624862726121393e-08,1.0426963237073687e-06,0.6720867208672086,-,0.6666666666666666
nonstructural_protein_NS4B,223,N:N:11,negative,1.0,0.785,N,"N:1218,?:1",0.000,0.003613025793250402,0.006054259437338512,0.6720867208672086,-,0.6666666666666666
nonstructural_protein_NS4B,224,"I:I:12,I:V:1",negative,1.0,0.950,I,"I:1216,?:2,V:1",0.000,6.058241845463552e-05,0.0002390786687545387,0.6720867208672086,-,0.6666666666666666
nonstructural_protein_NS4B,225,F:F:12,negative,1.0,1.426,F,"F:1218,?:1",0.000,8.882691084899363e-07,9.538563419860443e-06,0.6720867208672086,-,0.6666666666666666
nonstructural_protein_NS4B,226,R:R:2,neutral,1.0,0.373,R,"R:1218,?:1",0.000,0.080750530906058,0.09963249584429046,0.6720867208672086,-,0.6666666666666666
nonstructural_protein_NS4B,227,G:G:3,neutral,1.0,0.302,G,"G:1218,?:1",0.000,0.09364587958675807,0.11440481841140888,0.6720867208672086,-,0.6666666666666666
nonstructural_protein_NS4B,228,"S:S:7,N:S:1",negative,1.0,0.499,S,"S:1217,?:1,N:1",0.000,0.01624026745590412,0.02369168428861307,0.6720867208672086,-,0.6666666666666666
nonstructural_protein_NS4B,229,Y:Y:11,negative,1.0,1.081,Y,"Y:1216,?:3",0.000,0.0004758264985935678,0.0012165460994969569,0.6720867208672086,-,0.6666666666666666
nonstructural_protein_NS4B,230,"L:L:34,I:L:1",negative,1.0,2.259,L,"L:1212,I:2,?:5",0.106,6.569117144694658e-07,8.067637536004277e-06,0.6720867208672086,-,0.6666666666666666
nonstructural_protein_NS4B,24,"P:S:13,P:P:4,P:Q:1",neutral,1.0,0.621,P,"P:1159,?:3,S:53,Q:4",0.378,0.4520683917179225,0.4938896966786114,0.6720867208672086,-,0.6666666666666666
nonstructural_protein_NS4B,231,A:A:5,negative,1.0,0.815,A,A:1219,0.000,0.0009687702545212451,0.0020848246400226047,0.6720867208672086,-,0.6666666666666666
nonstructural_protein_NS4B,232,"G:R:1,G:G:2",neutral,1.0,0.323,G,"G:1218,R:1",0.000,0.1074787226127413,0.12773512196676565,0.6720867208672086,-,0.6666666666666666
nonstructural_protein_NS4B,233,"A:A:10,A:T:1",negative,1.0,0.895,A,"A:1218,T:1",0.000,0.0001326332477988856,0.0004271824084951121,0.6720867208672086,-,0.6666666666666666
nonstructural_protein_NS4B,234,G:G:6,negative,1.0,0.616,G,"G:1214,?:5",0.000,0.01706073097613414,0.02474304843322378,0.6720867208672086,-,0.6666666666666666
nonstructural_protein_NS4B,235,L:L:15,negative,1.0,1.306,L,L:1219,0.000,5.048760440828914e-07,6.8841559797256105e-06,0.6720867208672086,-,0.6666666666666666
nonstructural_protein_NS4B,236,"A:A:11,A:D:1",negative,1.0,0.879,A,"A:1215,?:3,D:1",0.000,0.000118852213691012,0.000393004653271613,0.6720867208672086,-,0.6666666666666666
nonstructural_protein_NS4B,237,F:F:6,negative,1.0,0.679,F,"F:1218,?:1",0.000,0.0005929184811344079,0.0014004169840126969,0.6720867208672086,-,0.6666666666666666
nonstructural_protein_NS4B,238,"S:S:15,S:T:1",negative,1.0,1.283,S,"S:1216,T:1,?:2",0.000,1.054363333863328e-06,1.0368519511040938e-05,0.6720867208672086,-,0.6666666666666666
nonstructural_protein_NS4B,239,"I:I:22,I:V:8",negative,1.0,1.792,I,"I:1203,?:6,V:10",0.165,1.319315914993791e-05,8.807829984283088e-05,0.6720867208672086,-,0.6666666666666666
nonstructural_protein_NS4B,240,I:M:1,neutral,1.0,10000.000,M,"M:1218,I:1",0.000,0.09456773769467597,0.11496470072686098,0.6720867208672086,-,0.6666666666666666
nonstructural_protein_NS4B,25,"T:T:20,N:T:1,I:T:1",negative,1.0,1.355,T,"T:1213,?:4,N:1,I:1",0.000,9.230867825671396e-07,9.538563419860443e-06,0.6720867208672086,-,0.6666666666666666
nonstructural_protein_NS4B,241,"K:K:1,K:R:1",neutral,1.0,0.208,K,"K:1218,R:1",0.000,0.2083203629360388,0.2327182432798992,0.6720867208672086,-,0.6666666666666666
nonstructural_protein_NS4B,242,"S:T:1,S:S:4",negative,1.0,0.648,S,"S:1218,T:1",0.000,0.002180978152276913,0.004036437177348316,0.6720867208672086,-,0.6666666666666666
nonstructural_protein_NS4B,243,V:V:8,negative,1.0,0.734,V,V:1219,0.000,0.000692534792679611,0.001605127369949005,0.6720867208672086,-,0.6666666666666666
nonstructural_protein_NS4B,244,G:G:2,neutral,1.0,0.323,G,G:1219,0.000,0.1076477439155404,0.12773512196676565,0.6720867208672086,-,0.6666666666666666
nonstructural_protein_NS4B,245,"T:T:3,N:T:1,I:T:1,A:T:2",neutral,1.0,0.613,T,"T:1206,N:10,I:1,A:2",0.092,0.06924264654936618,0.08716840783879601,0.4576252375194008,-,0.001845263054513713
nonstructural_protein_NS4B,246,G:G:14,negative,1.0,2.214,G,"G:1218,?:1",0.000,2.518290435971071e-05,0.00013962201878386558,0.6720867208672086,-,0.6666666666666666
nonstructural_protein_NS4B,247,"K:K:3,K:R:2",neutral,1.0,0.443,K,"K:929,?:13,R:277",0.342,0.7731933107452904,0.8300949829646408,0.6720867208672086,-,0.6589181847792992
nonstructural_protein_NS4B,248,"R:R:1,K:R:2",neutral,1.0,0.187,R,"R:1216,?:1,K:2",0.000,0.2164211189217939,0.23960909594912896,0.6720867208672086,-,0.6666666666666666
nonstructural_protein_NS4B,26,S:S:7,negative,1.0,0.524,S,"S:1215,?:4",0.000,0.01424866425922156,0.02128716106196956,0.6720867208672086,-,0.6666666666666666
nonstructural_protein_NS4B,27,Y:Y:9,negative,1.0,1.009,Y,"Y:1217,?:2",0.000,0.0008915741763307894,0.0019918677220511294,0.6720867208672086,-,0.6666666666666666
nonstructural_protein_NS4B,28,L:L:21,negative,1.0,1.230,L,"L:1213,?:6",0.000,1.986278152121823e-05,0.00011728499564909813,0.6720867208672086,-,0.6666666666666666
nonstructural_protein_NS4B,29,"D:D:4,D:N:1",negative,1.0,0.481,D,"D:1216,?:2,N:1",0.000,0.032053795235918,0.042509846088276286,0.6720867208672086,-,0.6666666666666666
nonstructural_protein_NS4B,30,V:V:8,negative,1.0,0.912,V,"V:1214,?:5",0.000,0.0002517108778239407,0.0007093670193220147,0.6720867208672086,-,0.6666666666666666
nonstructural_protein_NS4B,4,G:G:4,negative,1.0,0.647,G,"G:1214,?:5",0.000,0.02286851811604496,0.03240795710159514,0.6720867208672086,-,0.6666666666666666
nonstructural_protein_NS4B,31,D:D:22,negative,1.0,1.815,D,"D:1216,?:3",0.000,1.800256735251526e-05,0.00010889357813228743,0.6720867208672086,-,0.6666666666666666
nonstructural_protein_NS4B,32,"L:L:16,L:S:1",negative,1.0,0.898,L,"L:1216,?:2,S:1",0.000,0.0002147012804610826,0.0006191385762133545,0.6720867208672086,-,0.6666666666666666
nonstructural_protein_NS4B,33,H:H:5,negative,1.0,0.360,H,"H:1217,?:2",0.000,0.01803961823279743,0.02601061233566141,0.6720867208672086,-,0.6666666666666666
nonstructural_protein_NS4B,34,P:P:2,negative,1.0,0.323,P,"P:1217,?:2",0.000,0.02332027635072942,0.03269163332603132,0.6720867208672086,-,0.6666666666666666
nonstructural_protein_NS4B,35,A:A:4,negative,1.0,0.648,A,"A:1214,?:5",0.000,0.003187767141801023,0.00549004341087954,0.6720867208672086,-,0.6666666666666666
nonstructural_protein_NS4B,36,S:S:1,neutral,1.0,0.162,S,"S:1214,?:5",0.000,0.1254181184889075,0.1449893076907686,0.6720867208672086,-,0.6666666666666666
nonstructural_protein_NS4B,37,A:A:10,negative,1.0,0.620,A,"A:1214,?:5",0.000,0.0008234392892800813,0.001856481306740547,0.6720867208672086,-,0.6666666666666666
nonstructural_protein_NS4B,38,L:W:1,neutral,1.0,0.000,W,"W:1213,?:5,L:1",0.000,1.0,1.0,0.6720867208672086,-,0.6666666666666666
nonstructural_protein_NS4B,39,T:T:4,negative,1.0,0.643,T,"T:1213,?:6",0.000,0.003068502790952166,0.005321599245847113,0.6720867208672086,-,0.6666666666666666
nonstructural_protein_NS4B,40,"L:L:17,L:M:1",negative,1.0,0.890,L,"L:1213,?:5,M:1",0.000,0.0002284263988804325,0.0006511465163488191,0.6720867208672086,-,0.6666666666666666
nonstructural_protein_NS4B,5,"L:L:24,L:M:2",negative,1.0,1.189,L,"L:1209,M:4,?:6",0.106,0.000525256780520178,0.0012897394214752885,0.6720867208672086,-,0.6666666666666666
nonstructural_protein_NS4B,41,Y:Y:14,negative,1.0,1.019,Y,"Y:1216,?:3",0.000,0.0004591897219627938,0.0012114792664550305,0.6720867208672086,-,0.6666666666666666
nonstructural_protein_NS4B,42,A:A:23,negative,1.0,1.641,A,"A:1207,?:12",0.000,1.093678452246394e-07,1.937373258265041e-06,0.6720867208672086,-,0.6666666666666666
nonstructural_protein_NS4B,43,V:V:7,negative,1.0,0.710,V,"V:1217,?:2",0.000,0.0009866330161721892,0.0020848246400226047,0.6720867208672086,-,0.6666666666666666
nonstructural_protein_NS4B,44,A:A:8,negative,1.0,0.486,A,"A:1217,?:2",0.000,0.002968673006960687,0.005273112395183024,0.6720867208672086,-,0.6666666666666666
nonstructural_protein_NS4B,45,T:T:9,negative,1.0,1.045,T,"T:1215,?:4",0.000,6.498110445074534e-05,0.0002518017797466382,0.6720867208672086,-,0.6666666666666666
nonstructural_protein_NS4B,46,"T:T:6,P:T:1",negative,1.0,0.979,T,"T:1216,?:2,P:1",0.000,0.0002769622017892992,0.0007631847338194022,0.6720867208672086,-,0.6666666666666666
nonstructural_protein_NS4B,47,"I:V:2,V:V:8",negative,1.0,1.292,V,"V:1212,I:4,?:3",0.086,0.0007676622730069527,0.0017466077404194886,0.6720867208672086,-,0.6666666666666666
nonstructural_protein_NS4B,48,"I:I:2,I:M:2",negative,1.0,1.396,I,"I:1213,M:4,?:2",0.072,0.01585056534006812,0.023260001209094047,0.6720867208672086,-,0.6666666666666666
nonstructural_protein_NS4B,49,"T:T:3,A:T:1",negative,1.0,0.487,T,"T:1216,?:2,A:1",0.000,0.01010144037493133,0.015657232581143564,0.6720867208672086,-,0.6666666666666666
nonstructural_protein_NS4B,50,P:P:1,neutral,1.0,0.161,P,"P:1217,?:2",0.000,0.1088963563366582,0.1280177045560594,0.6720867208672086,-,0.6666666666666666
nonstructural_protein_NS4B,6,L:L:22,negative,1.0,1.114,L,"L:1216,?:3",0.000,3.671652188286245e-05,0.00017180561182924317,0.6720867208672086,-,0.6666666666666666
nonstructural_protein_NS4B,51,NA,neutral,1.0,0.153,M,"M:1217,?:2",0.000,0.9999999286635612,1.0,0.6720867208672086,-,0.6666666666666666
nonstructural_protein_NS4B,52,L:L:18,negative,1.0,1.039,L,"L:1214,?:5",0.000,8.308085463892834e-05,0.00029860944855730764,0.6720867208672086,-,0.6666666666666666
nonstructural_protein_NS4B,53,R:R:2,neutral,1.0,0.376,R,"R:1217,?:2",0.000,0.08004949914610371,0.0992613789411686,0.6720867208672086,-,0.6666666666666666
nonstructural_protein_NS4B,54,H:H:28,negative,1.0,3.375,H,"H:1217,?:2",0.000,2.424993539307252e-11,3.0069919887409924e-09,0.6720867208672086,-,0.6666666666666666
nonstructural_protein_NS4B,55,"A:T:1,T:T:6",negative,1.0,0.365,T,"T:1216,A:1,?:2",0.000,0.009380965727055823,0.014724553799429394,0.6720867208672086,-,0.6666666666666666
nonstructural_protein_NS4B,56,I:I:1,negative,1.0,0.699,I,"I:1217,?:2",0.000,0.02950319073819752,0.040202150016884534,0.6720867208672086,-,0.6666666666666666
nonstructural_protein_NS4B,57,E:E:3,neutral,1.0,0.343,E,"E:1217,?:2",0.000,0.08535727482290179,0.10479507007960219,0.6720867208672086,-,0.6666666666666666
nonstructural_protein_NS4B,58,N:N:14,negative,1.0,1.639,N,"N:1216,?:3",0.000,6.059948068104504e-05,0.0002390786687545387,0.6720867208672086,-,0.6666666666666666
nonstructural_protein_NS4B,59,S:S:29,negative,1.0,2.267,S,"S:1206,?:13",0.000,6.71838140675618e-11,5.553861962918442e-09,0.6720867208672086,-,0.6666666666666666
nonstructural_protein_NS4B,60,"T:T:8,I:T:1",negative,1.0,1.314,T,"T:1216,I:1,?:2",0.000,2.643159494863934e-05,0.00014154672558221436,0.6720867208672086,-,0.6666666666666666
nonstructural_protein_NS4B,7,E:E:5,negative,1.0,1.033,E,"E:1218,?:1",0.000,0.005477632099103125,0.008764211358565,0.6720867208672086,-,0.6666666666666666
nonstructural_protein_NS4B,61,A:A:3,negative,1.0,0.485,A,"A:1217,?:2",0.000,0.01067390236000765,0.016240047762465626,0.6720867208672086,-,0.6666666666666666
nonstructural_protein_NS4B,62,N:N:1,neutral,1.0,0.114,N,"N:1217,?:2",0.000,0.2862096384133503,0.31546662367338163,0.6720867208672086,-,0.6666666666666666
nonstructural_protein_NS4B,63,V:V:11,negative,1.0,1.152,V,"V:1217,?:2",0.000,3.110398172878615e-05,0.00015181103087588636,0.6720867208672086,-,0.6666666666666666
nonstructural_protein_NS4B,64,"S:S:11,P:S:1",negative,1.0,0.710,S,"S:1215,P:1,?:3",0.000,0.0001502184433649356,0.0004656771744313003,0.6720867208672086,-,0.6666666666666666
nonstructural_protein_NS4B,65,"L:L:14,L:M:1",negative,1.0,0.572,L,"L:1215,?:3,M:1",0.000,0.002579537386313224,0.004669527531428318,0.6720867208672086,-,0.6666666666666666
nonstructural_protein_NS4B,66,A:A:3,negative,1.0,0.485,A,"A:1217,?:2",0.000,0.01067296520289907,0.016240047762465626,0.6720867208672086,-,0.6666666666666666
nonstructural_protein_NS4B,67,A:A:22,negative,1.0,1.784,A,"A:1214,?:5",0.000,5.258556090570465e-08,1.086768258717896e-06,0.6720867208672086,-,0.6666666666666666
nonstructural_protein_NS4B,68,NA,neutral,1.0,0.000,I,"I:1217,?:2",0.000,0.9999999468289579,1.0,0.6720867208672086,-,0.6666666666666666
nonstructural_protein_NS4B,69,A:A:13,negative,1.0,0.882,A,"A:1214,?:5",0.000,8.124623731198266e-05,0.00029630980666723087,0.6720867208672086,-,0.6666666666666666
nonstructural_protein_NS4B,70,N:N:3,neutral,1.0,0.213,N,"N:1217,?:2",0.000,0.1288039024693874,0.14788596209448182,0.6720867208672086,-,0.6666666666666666
nonstructural_protein_NS4B,8,T:T:34,negative,1.0,2.827,T,"T:1216,?:3",0.000,7.842948512859493e-12,1.9450512311891544e-09,0.6720867208672086,-,0.6666666666666666
nonstructural_protein_NS4B,71,Q:Q:5,neutral,1.0,0.574,Q,"Q:1217,?:2",0.000,0.05907570897867642,0.07513218372672693,0.6720867208672086,-,0.6666666666666666
nonstructural_protein_NS4B,72,A:A:7,negative,1.0,1.094,A,"A:1208,?:11",0.000,0.0001184067396310384,0.000393004653271613,0.6720867208672086,-,0.6666666666666666
nonstructural_protein_NS4B,73,V:V:5,negative,1.0,0.506,V,"V:1217,?:2",0.000,0.005398249152832713,0.008693284350016317,0.6720867208672086,-,0.6666666666666666
nonstructural_protein_NS4B,74,V:V:11,negative,1.0,0.700,V,"V:1206,?:13",0.000,0.0005132021973062173,0.0012727414493194189,0.6720867208672086,-,0.6666666666666666
nonstructural_protein_NS4B,75,L:L:15,negative,1.0,0.605,L,"L:1214,?:5",0.000,0.001930502271498158,0.0037113532041204897,0.6720867208672086,-,0.6666666666666666
nonstructural_protein_NS4B,76,L:M:1,neutral,1.0,0.108,M,"M:1214,?:4,L:1",0.000,1.0,1.0,0.6720867208672086,-,0.6666666666666666
nonstructural_protein_NS4B,77,G:G:10,negative,1.0,0.894,G,"G:1215,?:4",0.000,0.003592736124733986,0.006054259437338512,0.6720867208672086,-,0.6666666666666666
nonstructural_protein_NS4B,78,L:L:19,negative,1.0,1.096,L,"L:1210,?:9",0.000,5.386549131736196e-05,0.0002303214111500994,0.6720867208672086,-,0.6666666666666666
nonstructural_protein_NS4B,79,"D:N:3,D:D:8",neutral,1.0,0.568,D,"D:1211,?:4,N:4",0.157,0.1572324781933535,0.1780532173148478,0.6720867208672086,-,0.6429745237904498
nonstructural_protein_NS4B,80,K:K:3,negative,1.0,0.628,K,"K:1215,?:4",0.000,0.02911966694301138,0.04018662981065958,0.6720867208672086,-,0.6666666666666666
nonstructural_protein_NS4B,9,T:T:4,negative,1.0,0.619,T,"T:1218,?:1",0.000,0.0034389231518831,0.005881744425289715,0.6720867208672086,-,0.6666666666666666
nonstructural_protein_NS4B,81,G:G:3,neutral,1.0,0.484,G,"G:1215,?:4",0.000,0.04868620221726361,0.06321559240775589,0.6720867208672086,-,0.6666666666666666
nonstructural_protein_NS4B,82,NA,neutral,1.0,0.153,W,"W:1215,?:4",0.000,0.9999999327433606,1.0,0.6720867208672086,-,0.6666666666666666
nonstructural_protein_NS4B,83,P:P:12,negative,1.0,1.863,P,"P:1214,?:5",0.000,4.363092698245197e-08,1.0426963237073687e-06,0.6720867208672086,-,0.6666666666666666
nonstructural_protein_NS4B,84,"I:V:2,I:I:1",negative,1.0,0.704,I,"I:1214,?:3,V:2",0.000,0.02940959851611891,0.040202150016884534,0.6720867208672086,-,0.6666666666666666
nonstructural_protein_NS4B,85,S:S:8,negative,1.0,1.009,S,"S:1213,?:6",0.000,5.852238366677032e-05,0.0002390786687545387,0.6720867208672086,-,0.6666666666666666
nonstructural_protein_NS4B,86,"K:K:6,K:R:1",negative,1.0,1.251,K,"K:1214,?:4,R:1",0.000,0.00210893011255664,0.003962232332682172,0.6720867208672086,-,0.6666666666666666
nonstructural_protein_NS4B,87,M:V:2,neutral,1.0,0.000,M,"M:1213,?:3,V:3",0.063,0.8903005266369697,0.9517005629567606,0.6720867208672086,-,0.6303119051520232
nonstructural_protein_NS4B,88,D:D:6,negative,1.0,0.433,D,"D:1216,?:3",0.000,0.03350141721800159,0.044193358883321245,0.6720867208672086,-,0.6666666666666666
nonstructural_protein_NS4B,89,L:L:25,negative,1.0,1.508,L,"L:1213,?:6",0.000,2.70497106180656e-06,2.096352572900084e-05,0.6720867208672086,-,0.6666666666666666
nonstructural_protein_NS4B,90,G:G:13,negative,1.0,0.931,G,"G:1212,?:7",0.000,0.002557515369371766,0.004663704497089691,0.6720867208672086,-,0.6666666666666666
nonstructural_protein_NS4B,10,K:K:2,neutral,1.0,0.229,K,"K:1218,?:1",0.000,0.1562273786758785,0.17772655922760489,0.6720867208672086,-,0.6666666666666666
nonstructural_protein_NS4B,91,"V:V:21,A:V:8,L:V:1",negative,1.0,3.216,V,"V:1202,?:6,A:10,L:1",0.087,4.539059461627915e-09,2.251373492967446e-07,0.6720867208672086,-,0.6666666666666666
nonstructural_protein_NS4B,92,"P:P:13,P:S:1",negative,1.0,1.583,P,"P:1210,?:8,S:1",0.000,7.658615486239029e-08,1.4610281850671379e-06,0.6720867208672086,-,0.6666666666666666
nonstructural_protein_NS4B,93,"L:L:9,L:P:1",negative,1.0,0.467,L,"L:1215,?:3,P:1",0.000,0.006998636988616802,0.011055171803674949,0.6720867208672086,-,0.6666666666666666
nonstructural_protein_NS4B,94,"L:L:28,L:V:1",negative,1.0,1.213,L,"L:1215,?:3,V:1",0.000,1.382737546218316e-05,8.807829984283088e-05,0.6720867208672086,-,0.6666666666666666
nonstructural_protein_NS4B,95,"A:A:6,A:C:1",negative,1.0,1.144,A,"A:1215,?:3,C:1",0.000,9.474755949201441e-05,0.00032763248520586676,0.6720867208672086,-,0.6666666666666666
nonstructural_protein_NS4B,96,"L:M:1,L:L:30",negative,1.0,1.383,L,"L:1205,M:6,?:8",0.106,0.0001185922607105372,0.000393004653271613,0.6720867208672086,-,0.6666666666666666
nonstructural_protein_NS4B,97,"G:G:18,A:G:1",negative,1.0,1.451,G,"G:1195,?:23,A:1",0.000,0.000186589495907663,0.0005508832736321479,0.6720867208672086,-,0.6666666666666666
nonstructural_protein_NS4B,98,"C:C:10,C:W:1,C:S:1",negative,1.0,0.737,C,"C:1212,?:5,W:1,S:1",0.000,0.001816332327573944,0.0035576026418086128,0.6720867208672086,-,0.6666666666666666
nonstructural_protein_NS4B,99,"Y:Y:5,H:Y:1",negative,1.0,0.693,Y,"Y:1211,?:7,H:1",0.000,0.006045575213684651,0.009610914442267906,0.6720867208672086,-,0.6666666666666666
nonstructural_protein_NS4B,100,"S:S:1,D:S:1,F:S:1",negative,1.0,0.420,S,"S:1194,?:23,D:1,F:1",0.000,0.02096889252955536,0.02988669739844672,0.6720867208672086,-,0.6666666666666666
nonstructural_protein_NS3,1,S:S:10,neutral,1.0,0.000,S,"S:830,?:24",0.000,1.0,1.0,1.0,-,1.0
nonstructural_protein_NS3,2,G:G:11,negative,1.0,1.579,G,"G:826,?:28",0.000,0.001793982344516776,0.009656304967442473,0.6776135741652982,-,0.6666666666666666
nonstructural_protein_NS3,11,P:P:2,neutral,1.0,0.584,P,"P:828,?:26",0.000,0.03290733090740194,0.06055868963309985,0.6776135741652982,-,0.6666666666666666
nonstructural_protein_NS3,101,E:E:4,neutral,1.0,0.943,E,"E:835,?:19",0.000,0.02975441199172979,0.057694746971436506,0.6776135741652982,-,0.6666666666666666
nonstructural_protein_NS3,102,"P:S:1,P:P:8",negative,1.0,1.083,P,"P:832,S:1,?:21",0.000,0.0009812895832627122,0.006900637673804815,0.6776135741652982,-,0.6666666666666666
nonstructural_protein_NS3,103,G:G:8,negative,1.0,1.769,G,"G:835,?:19",0.000,0.001635986209324813,0.009123202374523055,0.6776135741652982,-,0.6666666666666666
nonstructural_protein_NS3,104,K:K:3,neutral,1.0,0.708,K,"K:835,?:19",0.000,0.05565670246735277,0.0910635089250834,0.6776135741652982,-,0.6666666666666666
nonstructural_protein_NS3,105,"N:N:8,N:T:1",negative,1.0,1.295,N,"N:834,?:19,T:1",0.000,0.005227773076778242,0.019147878902519126,0.6776135741652982,-,0.6666666666666666
nonstructural_protein_NS3,106,P:P:1,neutral,1.0,0.293,P,"P:835,?:19",0.000,0.1309011524450876,0.17808310629342686,0.6776135741652982,-,0.6666666666666666
nonstructural_protein_NS3,107,"K:R:1,K:K:4",neutral,1.0,1.080,K,"K:834,R:2,?:18",0.276,0.1749383862367968,0.22749340563146475,0.6776135741652982,-,0.239397924035232
nonstructural_protein_NS3,108,N:N:1,neutral,1.0,0.160,N,"N:836,?:18",0.000,0.3248287130671323,0.3808124495995358,0.6776135741652982,-,0.6666666666666666
nonstructural_protein_NS3,109,F:F:6,negative,1.0,0.937,F,"F:836,?:18",0.000,0.002021200283829239,0.010441259139724107,0.6776135741652982,-,0.6666666666666666
nonstructural_protein_NS3,110,NA,neutral,1.0,0.000,Q,"Q:836,?:18",0.000,1.0,1.0,0.6776135741652982,-,0.6666666666666666
nonstructural_protein_NS3,12,E:E:3,neutral,1.0,0.813,E,"E:826,?:28",0.000,0.04628695430369267,0.07849760195612539,0.6776135741652982,-,0.6666666666666666
nonstructural_protein_NS3,111,T:T:4,negative,1.0,0.578,T,"T:836,?:18",0.000,0.02342459379755057,0.04931912775742791,0.6776135741652982,-,0.6666666666666666
nonstructural_protein_NS3,112,"I:M:3,M:T:2",neutral,1.0,0.000,M,"M:831,I:3,?:18,T:2",0.000,1.0,1.0,0.6776135741652982,-,0.6666666666666666
nonstructural_protein_NS3,113,P:P:8,negative,1.0,2.266,P,"P:836,?:18",0.000,2.355797435305007e-05,0.0010322414263662255,0.6776135741652982,-,0.6666666666666666
nonstructural_protein_NS3,114,G:G:5,neutral,1.0,0.753,G,"G:836,?:18",0.000,0.03133786890449097,0.059587147703742,0.6776135741652982,-,0.6666666666666666
nonstructural_protein_NS3,115,"T:T:3,I:T:6,I:I:1,I:V:1",neutral,1.0,0.814,T,"T:452,I:376,V:8,?:18",0.323,0.2486786618791758,0.3012369700649899,0.6776135741652982,-,0.6666666666666666
nonstructural_protein_NS3,116,F:F:10,negative,1.0,1.627,F,"F:836,?:18",0.000,5.809706495152334e-05,0.0013570299824465855,0.6776135741652982,-,0.6666666666666666
nonstructural_protein_NS3,117,"Q:Q:1,H:Q:1",neutral,1.0,0.232,Q,"Q:835,?:18,H:1",0.000,0.3883297700076769,0.45098710625657035,0.6776135741652982,-,0.6666666666666666
nonstructural_protein_NS3,118,"T:T:11,I:T:1",negative,1.0,2.196,T,"T:835,?:18,I:1",0.000,2.834911833315967e-05,0.0010322414263662255,0.6776135741652982,-,0.6666666666666666
nonstructural_protein_NS3,119,"A:T:2,T:T:4,I:T:8",negative,1.0,1.168,T,"T:826,A:2,I:8,?:18",0.000,0.004066721285756247,0.01613654151207126,0.6776135741652982,-,0.6666666666666666
nonstructural_protein_NS3,120,"T:T:9,M:T:1,S:T:1,I:T:1",negative,1.0,2.452,T,"T:834,?:17,M:1,S:1,I:1",0.000,2.741328427535716e-05,0.0010322414263662255,0.6776135741652982,-,0.6666666666666666
nonstructural_protein_NS3,13,"A:T:5,T:T:2,I:T:1",neutral,1.0,0.611,T,"T:822,A:7,?:24,I:1",0.160,0.256625150281854,0.308448481600908,0.6776135741652982,-,0.6377054352574588
nonstructural_protein_NS3,121,G:G:2,neutral,1.0,0.432,G,"G:837,?:17",0.000,0.1167541587934288,0.16277212678633432,0.6776135741652982,-,0.6666666666666666
nonstructural_protein_NS3,122,E:E:2,neutral,1.0,0.729,E,"E:831,?:23",0.000,0.06841327083818227,0.105562230412736,0.6776135741652982,-,0.6666666666666666
nonstructural_protein_NS3,123,I:I:1,neutral,1.0,1.524,I,"I:837,?:17",0.000,0.02454285340015461,0.05093341907778016,0.6776135741652982,-,0.6666666666666666
nonstructural_protein_NS3,124,G:G:1,neutral,1.0,0.292,G,"G:832,?:22",0.000,0.2202030430039887,0.27193881538132114,0.6776135741652982,-,0.6666666666666666
nonstructural_protein_NS3,125,A:A:3,negative,1.0,0.858,A,"A:828,?:26",0.000,0.01430601186677083,0.03459148963098103,0.6776135741652982,-,0.6666666666666666
nonstructural_protein_NS3,126,"I:V:1,I:I:5",neutral,1.0,0.686,I,"I:823,V:13,?:18",0.157,0.1253545497036718,0.17166917315613459,0.6776135741652982,-,0.6666666666666666
nonstructural_protein_NS3,127,A:A:2,neutral,1.0,0.557,A,"A:837,?:17",0.000,0.04719739173544646,0.0796054100388048,0.6776135741652982,-,0.6666666666666666
nonstructural_protein_NS3,128,L:L:11,negative,1.0,1.110,L,"L:837,?:17",0.000,0.004711584212340636,0.01795141070855719,0.6776135741652982,-,0.6666666666666666
nonstructural_protein_NS3,129,D:D:9,negative,1.0,1.425,D,D:854,0.000,0.003905602996975843,0.015698495163169134,0.6776135741652982,-,0.6666666666666666
nonstructural_protein_NS3,130,F:F:8,negative,1.0,1.326,F,F:854,0.000,0.0003176358860061956,0.0037559036336078915,0.6776135741652982,-,0.6666666666666666
nonstructural_protein_NS3,14,Q:Q:6,neutral,1.0,1.419,Q,"Q:829,?:25",0.000,0.0338476616782224,0.06126228824216277,0.6776135741652982,-,0.6666666666666666
nonstructural_protein_NS3,131,K:K:6,negative,1.0,1.420,K,"K:853,?:1",0.000,0.00686241457200365,0.021244486888923334,0.6776135741652982,-,0.6666666666666666
nonstructural_protein_NS3,132,P:P:4,negative,1.0,0.522,P,P:854,0.000,0.02106090755022105,0.04510969471829353,0.6776135741652982,-,0.6666666666666666
nonstructural_protein_NS3,133,G:G:1,neutral,1.0,0.288,G,G:854,0.000,0.2218563841156174,0.27193881538132114,0.6776135741652982,-,0.6666666666666666
nonstructural_protein_NS3,134,T:T:8,negative,1.0,1.050,T,T:854,0.000,0.002040949510556556,0.010441259139724107,0.6776135741652982,-,0.6666666666666666
nonstructural_protein_NS3,135,S:S:4,negative,1.0,1.178,S,S:854,0.000,0.00271285938248822,0.012531790729553793,0.6776135741652982,-,0.6666666666666666
nonstructural_protein_NS3,136,G:G:3,neutral,1.0,0.798,G,"G:853,?:1",0.000,0.03971094536909192,0.06963477389084391,0.6776135741652982,-,0.6666666666666666
nonstructural_protein_NS3,137,S:S:5,negative,1.0,0.656,S,S:854,0.000,0.009322904255773645,0.026351039882757474,0.6776135741652982,-,0.6666666666666666
nonstructural_protein_NS3,138,P:P:14,negative,1.0,1.917,P,P:854,0.000,1.312393661290212e-05,0.0010322414263662255,0.6776135741652982,-,0.6666666666666666
nonstructural_protein_NS3,139,I:I:5,negative,1.0,0.737,I,I:854,0.000,0.01060943812293569,0.02818558883303516,0.6776135741652982,-,0.6666666666666666
nonstructural_protein_NS3,140,I:V:1,neutral,1.0,0.000,I,"I:853,V:1",0.000,1.0,1.0,0.6776135741652982,-,0.6666666666666666
nonstructural_protein_NS3,15,"K:K:2,K:R:2",neutral,1.0,0.706,K,"K:829,?:23,R:2",0.000,0.06757427022899587,0.10517700086059588,0.6776135741652982,-,0.6666666666666666
nonstructural_protein_NS3,141,N:N:6,negative,1.0,0.969,N,N:854,0.000,0.01562495277858944,0.03636032244340926,0.6776135741652982,-,0.6666666666666666
nonstructural_protein_NS3,142,NA,neutral,1.0,0.000,R,R:854,0.000,1.0,1.0,1.0,-,1.0
nonstructural_protein_NS3,143,E:E:5,negative,1.0,1.170,E,E:854,0.000,0.01541755898099706,0.036149503822868106,0.6776135741652982,-,0.6666666666666666
nonstructural_protein_NS3,144,G:G:1,neutral,1.0,0.288,G,G:854,0.000,0.2218463193721342,0.27193881538132114,0.6776135741652982,-,0.6666666666666666
nonstructural_protein_NS3,145,"K:K:7,K:R:2",neutral,1.0,1.656,K,"K:847,R:6,?:1",0.564,0.1481747115228431,0.19767272938068936,0.6776135741652982,-,0.5563029556858079
nonstructural_protein_NS3,146,"V:V:1,I:V:3",neutral,1.0,0.287,V,"V:851,I:3",0.000,0.1564432100264069,0.20560158600073433,0.6776135741652982,-,0.6666666666666666
nonstructural_protein_NS3,147,V:V:6,negative,1.0,1.303,V,V:854,0.000,0.001618855696716603,0.009109742511523428,0.6776135741652982,-,0.6666666666666666
nonstructural_protein_NS3,148,G:G:3,neutral,1.0,0.877,G,G:854,0.000,0.03405737492019822,0.06146012017604941,0.6776135741652982,-,0.6666666666666666
nonstructural_protein_NS3,149,L:L:11,negative,1.0,1.096,L,L:854,0.000,0.00489023166891156,0.018457642701562534,0.6776135741652982,-,0.6666666666666666
nonstructural_protein_NS3,150,Y:Y:1,neutral,1.0,0.149,Y,Y:854,0.000,0.3012087412503436,0.35446427915202033,0.6776135741652982,-,0.6666666666666666
nonstructural_protein_NS3,16,A:A:1,neutral,1.0,0.291,A,"A:832,?:22",0.000,0.1545473050205294,0.20417216884109468,0.6776135741652982,-,0.6666666666666666
nonstructural_protein_NS3,151,G:G:6,negative,1.0,0.873,G,"G:853,?:1",0.000,0.02018193858810036,0.04398809854237367,0.6776135741652982,-,0.6666666666666666
nonstructural_protein_NS3,152,N:N:1,neutral,1.0,0.149,N,N:854,0.000,0.3277613159636937,0.38280048034250264,0.6776135741652982,-,0.6666666666666666
nonstructural_protein_NS3,153,G:G:2,neutral,1.0,0.582,G,G:854,0.000,0.08380195902261589,0.12422559075271743,0.6776135741652982,-,0.6666666666666666
nonstructural_protein_NS3,154,V:V:6,negative,1.0,1.305,V,V:854,0.000,0.001611406831923623,0.009109742511523428,0.6776135741652982,-,0.6666666666666666
nonstructural_protein_NS3,155,"V:V:21,I:V:3",negative,1.0,3.040,V,"V:849,I:5",0.335,0.000104320106064093,0.0018992395780492227,0.6776135741652982,-,0.6666666666666666
nonstructural_protein_NS3,156,T:T:4,negative,1.0,1.153,T,T:854,0.000,0.004171821665905795,0.01634403551389675,0.6776135741652982,-,0.6666666666666666
nonstructural_protein_NS3,157,"K:K:2,K:R:1",neutral,1.0,0.530,K,"K:853,R:1",0.000,0.1010981547760138,0.14419299033721786,0.6776135741652982,-,0.6666666666666666
nonstructural_protein_NS3,158,"N:N:2,N:S:1",neutral,1.0,0.299,N,"N:853,S:1",0.000,0.1659676670335349,0.21719658751323065,0.6776135741652982,-,0.6666666666666666
nonstructural_protein_NS3,159,G:G:10,negative,1.0,1.366,G,G:854,0.000,0.003517367193873522,0.014902610900880558,0.6776135741652982,-,0.6666666666666666
nonstructural_protein_NS3,160,"G:G:5,G:S:1",neutral,1.0,0.710,G,"G:852,S:2",0.256,0.3001102609530758,0.35384428862848366,0.6776135741652982,-,0.6456685790539998
nonstructural_protein_NS3,17,E:E:3,neutral,1.0,1.096,E,"E:833,?:21",0.000,0.02545560173556394,0.05232978126108988,0.6776135741652982,-,0.6666666666666666
nonstructural_protein_NS3,161,Y:Y:9,negative,1.0,1.374,Y,Y:854,0.000,0.002084267676823681,0.010575095835687364,0.6776135741652982,-,0.6666666666666666
nonstructural_protein_NS3,162,V:V:5,negative,1.0,0.721,V,V:854,0.000,0.01273211053893597,0.0320373025349649,0.6776135741652982,-,0.6666666666666666
nonstructural_protein_NS3,163,S:S:7,negative,1.0,1.103,S,S:854,0.000,0.005911140294589279,0.02010437276016903,0.6776135741652982,-,0.6666666666666666
nonstructural_protein_NS3,164,G:G:1,neutral,1.0,0.288,G,G:854,0.000,0.2218463962719855,0.27193881538132114,0.6776135741652982,-,0.6666666666666666
nonstructural_protein_NS3,165,NA,neutral,1.0,0.000,I,I:854,0.000,1.0,1.0,1.0,-,1.0
nonstructural_protein_NS3,166,A:A:6,negative,1.0,1.284,A,A:854,0.000,0.001682776400350194,0.009266316544442937,0.6776135741652982,-,0.6666666666666666
nonstructural_protein_NS3,167,Q:Q:4,neutral,1.0,1.432,Q,Q:854,0.000,0.03561213784009198,0.06334457851441648,0.6776135741652982,-,0.6666666666666666
nonstructural_protein_NS3,168,"T:T:3,A:T:1",neutral,1.0,0.851,T,"T:835,A:19",0.160,0.114772172284348,0.1610974481723615,0.6776135741652982,-,0.6666666666666666
nonstructural_protein_NS3,169,"N:N:3,N:S:1,H:N:1",neutral,1.0,0.459,N,"N:852,S:1,H:1",0.000,0.08834585926484062,0.12958788361359322,0.6776135741652982,-,0.6666666666666666
nonstructural_protein_NS3,170,"A:V:2,A:A:1,A:T:3",neutral,1.0,0.287,A,"A:840,V:11,T:3",0.334,0.9059837009548309,1.0,0.6776135741652982,-,0.6276893138781654
nonstructural_protein_NS3,18,L:L:6,neutral,1.0,0.568,L,"L:834,?:20",0.000,0.04106146118318765,0.07139619233818303,0.6776135741652982,-,0.6666666666666666
nonstructural_protein_NS3,171,E:E:2,neutral,1.0,0.718,E,E:854,0.000,0.06931182978167483,0.1059358583576709,0.6776135741652982,-,0.6666666666666666
nonstructural_protein_NS3,172,"L:P:1,P:P:2",neutral,1.0,0.582,P,"P:853,L:1",0.000,0.03317859710789361,0.060582748111463545,0.6776135741652982,-,0.6666666666666666
nonstructural_protein_NS3,173,D:D:4,neutral,1.0,0.630,D,D:854,0.000,0.05417290632083904,0.08966050538128172,0.6776135741652982,-,0.6666666666666666
nonstructural_protein_NS3,174,G:G:1,neutral,1.0,0.288,G,G:854,0.000,0.2218528186466605,0.27193881538132114,0.6776135741652982,-,0.6666666666666666
nonstructural_protein_NS3,175,"P:P:6,L:P:1",negative,1.0,1.301,P,"P:852,L:2",0.138,0.01078121052975423,0.028519526999649006,0.6776135741652982,-,0.467588867099171
nonstructural_protein_NS3,176,"M:T:6,T:T:3,I:T:1",neutral,1.0,1.121,T,"M:276,T:576,I:2",0.474,0.2877295172059812,0.34250879067404305,0.6776135741652982,-,0.2715546307757176
nonstructural_protein_NS3,177,P:P:6,negative,1.0,1.593,P,P:854,0.000,0.0003456031976079021,0.0038896068967143893,0.6776135741652982,-,0.6666666666666666
nonstructural_protein_NS3,178,"E:E:4,E:V:1",neutral,1.0,0.873,E,"E:853,V:1",0.000,0.04053847211487593,0.07068539222284,0.6776135741652982,-,0.6666666666666666
nonstructural_protein_NS3,179,L:L:6,neutral,1.0,0.599,L,"L:853,?:1",0.000,0.03622588609473798,0.06425164324539487,0.6776135741652982,-,0.6666666666666666
nonstructural_protein_NS3,180,E:E:3,neutral,1.0,1.076,E,E:854,0.000,0.02651568635880819,0.05286621741228551,0.6776135741652982,-,0.6666666666666666
nonstructural_protein_NS3,19,E:E:4,negative,1.0,1.444,E,"E:833,?:21",0.000,0.01033024895967927,0.027927639785610008,0.6776135741652982,-,0.6666666666666666
nonstructural_protein_NS3,181,E:E:4,negative,1.0,1.409,E,"E:853,?:1",0.000,0.01098201201052029,0.028927086955370468,0.6776135741652982,-,0.6666666666666666
nonstructural_protein_NS3,182,E:E:3,neutral,1.0,0.796,E,E:854,0.000,0.04801179857213511,0.08075897640258596,0.6776135741652982,-,0.6666666666666666
nonstructural_protein_NS3,183,"M:V:1,I:M:1",neutral,1.0,0.062,M,"M:852,V:1,I:1",0.000,1.0,1.0,0.6776135741652982,-,0.6666666666666666
nonstructural_protein_NS3,184,F:F:8,negative,1.0,1.287,F,F:854,0.000,0.0003603495006895274,0.003913269139066974,0.6776135741652982,-,0.6666666666666666
nonstructural_protein_NS3,185,K:R:3,neutral,1.0,0.000,K,"K:850,R:4",0.269,0.2884258877845893,0.34267874191681524,0.6776135741652982,-,0.2890644298484359
nonstructural_protein_NS3,186,K:K:8,negative,1.0,1.910,K,K:854,0.000,0.001757107858272766,0.00954078740588458,0.6776135741652982,-,0.6666666666666666
nonstructural_protein_NS3,187,R:R:5,neutral,1.0,1.330,R,R:854,0.000,0.02792852113579858,0.05470808412360545,0.6776135741652982,-,0.6666666666666666
nonstructural_protein_NS3,188,N:N:9,negative,1.0,1.381,N,N:854,0.000,0.003160911008240896,0.013876623504263224,0.6776135741652982,-,0.6666666666666666
nonstructural_protein_NS3,189,L:L:9,negative,1.0,0.968,L,"L:853,?:1",0.000,0.008574511391469808,0.02491841573389583,0.6776135741652982,-,0.6666666666666666
nonstructural_protein_NS3,190,T:T:8,negative,1.0,1.203,T,T:854,0.000,0.001172414406498401,0.007559630391901148,0.6776135741652982,-,0.6666666666666666
nonstructural_protein_NS3,20,E:E:7,negative,1.0,2.219,E,"E:834,?:20",0.000,0.001273110823454382,0.007960157572911741,0.6776135741652982,-,0.6666666666666666
nonstructural_protein_NS3,191,"I:T:2,I:V:2",neutral,1.0,0.000,I,"I:847,T:2,V:5",0.133,0.680698932877239,0.7717081308626574,0.6776135741652982,-,0.5317172771051798
nonstructural_protein_NS3,192,NA,neutral,1.0,0.000,M,M:854,0.000,1.0,1.0,1.0,-,1.0
nonstructural_protein_NS3,193,D:D:3,neutral,1.0,0.451,D,D:854,0.000,0.09666688982102511,0.13883249373367645,0.6776135741652982,-,0.6666666666666666
nonstructural_protein_NS3,194,L:L:13,negative,1.0,1.799,L,L:854,0.000,2.557625504384653e-05,0.0010322414263662255,0.6776135741652982,-,0.6666666666666666
nonstructural_protein_NS3,195,H:H:2,neutral,1.0,0.299,H,H:854,0.000,0.1313172192591208,0.178257365617096,0.6776135741652982,-,0.6666666666666666
nonstructural_protein_NS3,196,P:P:5,negative,1.0,0.685,P,P:854,0.000,0.008667905449835756,0.02507211903480529,0.6776135741652982,-,0.6666666666666666
nonstructural_protein_NS3,197,G:G:3,neutral,1.0,0.645,G,G:854,0.000,0.0555212494248748,0.0910635089250834,0.6776135741652982,-,0.6666666666666666
nonstructural_protein_NS3,198,S:S:3,negative,1.0,0.872,S,S:854,0.000,0.009532798831517586,0.026821829439588114,0.6776135741652982,-,0.6666666666666666
nonstructural_protein_NS3,199,G:G:1,neutral,1.0,0.288,G,G:854,0.000,0.221838157482813,0.27193881538132114,0.6776135741652982,-,0.6666666666666666
nonstructural_protein_NS3,200,K:K:4,neutral,1.0,0.938,K,K:854,0.000,0.02758258238617783,0.05437458120077732,0.6776135741652982,-,0.6666666666666666
nonstructural_protein_NS3,3,V:V:5,neutral,1.0,0.573,V,"V:828,?:26",0.000,0.02569233881100597,0.05232978126108988,0.6776135741652982,-,0.6666666666666666
nonstructural_protein_NS3,21,G:G:2,neutral,1.0,0.429,G,"G:847,?:7",0.000,0.1179851134541157,0.164118618490107,0.6776135741652982,-,0.6666666666666666
nonstructural_protein_NS3,201,T:T:3,negative,1.0,0.744,T,T:854,0.000,0.01784521515161808,0.04016795701400579,0.6776135741652982,-,0.6666666666666666
nonstructural_protein_NS3,202,R:R:2,neutral,1.0,0.392,R,R:854,0.000,0.09904463100726613,0.14159036164780078,0.6776135741652982,-,0.6666666666666666
nonstructural_protein_NS3,203,K:K:5,negative,1.0,1.825,K,K:854,0.000,0.003539069147705076,0.014902610900880558,0.6776135741652982,-,0.6666666666666666
nonstructural_protein_NS3,204,Y:Y:10,negative,1.0,1.630,Y,Y:854,0.000,0.0007832165828474125,0.006080600984591941,0.6776135741652982,-,0.6666666666666666
nonstructural_protein_NS3,205,"L:L:7,L:P:1",negative,1.0,0.922,L,"L:853,P:1",0.000,0.002285413130441283,0.011227545458279,0.6776135741652982,-,0.6666666666666666
nonstructural_protein_NS3,206,P:P:1,neutral,1.0,0.289,P,P:854,0.000,0.1323201396778024,0.17844480710361588,0.6776135741652982,-,0.6666666666666666
nonstructural_protein_NS3,207,"A:A:10,A:T:1,A:V:1",negative,1.0,1.450,A,"A:845,T:8,V:1",0.165,0.007235110124159005,0.02226410194246769,0.6776135741652982,-,0.6666666666666666
nonstructural_protein_NS3,208,I:I:12,negative,1.0,1.890,I,I:854,0.000,5.00860374524903e-05,0.0012918023826288124,0.6776135741652982,-,0.6666666666666666
nonstructural_protein_NS3,209,"V:V:9,I:V:2",negative,1.0,1.260,V,"V:852,I:2",0.000,0.0009921790093239125,0.006900637673804815,0.6776135741652982,-,0.6666666666666666
nonstructural_protein_NS3,210,R:R:2,neutral,1.0,0.665,R,R:854,0.000,0.0620878912944528,0.09909386352080511,0.6776135741652982,-,0.6666666666666666
nonstructural_protein_NS3,22,"I:V:2,V:V:9",negative,1.0,1.324,V,"V:845,I:2,?:7",0.000,0.0007988707675107287,0.006104950680112853,0.6776135741652982,-,0.6666666666666666
nonstructural_protein_NS3,211,E:E:2,neutral,1.0,0.528,E,E:854,0.000,0.1065922496325538,0.1506406450286548,0.6776135741652982,-,0.6666666666666666
nonstructural_protein_NS3,212,A:A:1,neutral,1.0,0.289,A,A:854,0.000,0.1550257178599588,0.20417216884109468,0.6776135741652982,-,0.6666666666666666
nonstructural_protein_NS3,213,I:I:7,negative,1.0,1.038,I,I:854,0.000,0.002478062405827486,0.011799389455440104,0.6776135741652982,-,0.6666666666666666
nonstructural_protein_NS3,214,"K:K:3,K:R:3",neutral,1.0,0.694,K,"K:850,R:4",0.280,0.4034929734763807,0.46684514127454135,0.6776135741652982,-,0.6666666666666666
nonstructural_protein_NS3,215,NA,neutral,1.0,0.000,R,R:854,0.000,1.0,1.0,1.0,-,1.0
nonstructural_protein_NS3,216,"R:R:15,H:R:1",negative,1.0,2.190,R,"R:853,H:1",0.000,4.759269670751021e-05,0.0012918023826288124,0.6776135741652982,-,0.6666666666666666
nonstructural_protein_NS3,217,L:L:9,negative,1.0,1.072,L,L:854,0.000,0.005826312039455717,0.02003603973568383,0.6776135741652982,-,0.6666666666666666
nonstructural_protein_NS3,218,R:R:4,negative,1.0,1.349,R,R:854,0.000,0.007925769029140772,0.02370072960887989,0.6776135741652982,-,0.6666666666666666
nonstructural_protein_NS3,219,T:T:5,negative,1.0,0.651,T,"T:852,?:2",0.000,0.01483966836363582,0.035603700453839426,0.6776135741652982,-,0.6666666666666666
nonstructural_protein_NS3,220,L:L:11,negative,1.0,1.387,L,L:854,0.000,0.001691589288403961,0.009266316544442937,0.6776135741652982,-,0.6666666666666666
nonstructural_protein_NS3,23,Y:Y:7,negative,1.0,1.078,Y,"Y:847,?:7",0.000,0.005819680040419994,0.02003603973568383,0.6776135741652982,-,0.6666666666666666
nonstructural_protein_NS3,221,I:I:6,negative,1.0,0.817,I,I:854,0.000,0.006331041873965826,0.02048121368499997,0.6776135741652982,-,0.6666666666666666
nonstructural_protein_NS3,222,L:L:17,negative,1.0,1.743,L,L:854,0.000,0.0004127692424761298,0.00425819033470533,0.6776135741652982,-,0.6666666666666666
nonstructural_protein_NS3,223,A:A:3,negative,1.0,0.869,A,A:854,0.000,0.01392780848027531,0.03394217893421424,0.6776135741652982,-,0.6666666666666666
nonstructural_protein_NS3,224,P:P:9,negative,1.0,2.380,P,P:854,0.000,1.301158070377006e-05,0.0010322414263662255,0.6776135741652982,-,0.6666666666666666
nonstructural_protein_NS3,225,T:T:2,neutral,1.0,0.581,T,T:854,0.000,0.04191415154765088,0.0724716754413293,0.6776135741652982,-,0.6666666666666666
nonstructural_protein_NS3,226,R:R:5,negative,1.0,1.263,R,R:854,0.000,0.007265506611273786,0.02226410194246769,0.6776135741652982,-,0.6666666666666666
nonstructural_protein_NS3,227,V:V:5,negative,1.0,1.169,V,V:854,0.000,0.00307943132672861,0.013705796691687379,0.6776135741652982,-,0.6666666666666666
nonstructural_protein_NS3,228,V:V:3,neutral,1.0,0.387,V,V:854,0.000,0.0636285671550022,0.10124957087132741,0.6776135741652982,-,0.6666666666666666
nonstructural_protein_NS3,229,A:A:1,neutral,1.0,0.290,A,A:854,0.000,0.1549451271350212,0.20417216884109468,0.6776135741652982,-,0.6666666666666666
nonstructural_protein_NS3,230,"A:A:5,A:V:1",negative,1.0,0.651,A,"A:852,V:1,?:1",0.000,0.01625054915329771,0.03739438634160329,0.6776135741652982,-,0.6666666666666666
nonstructural_protein_NS3,24,R:R:1,neutral,1.0,0.219,R,"R:847,?:7",0.000,0.2521892508658296,0.3042985307718295,0.6776135741652982,-,0.6666666666666666
nonstructural_protein_NS3,231,E:E:3,neutral,1.0,0.704,E,E:854,0.000,0.06001936548173215,0.09624867158858083,0.6776135741652982,-,0.6666666666666666
nonstructural_protein_NS3,232,NA,neutral,1.0,0.000,M,M:854,0.000,1.0,1.0,1.0,-,1.0
nonstructural_protein_NS3,233,E:E:2,neutral,1.0,0.708,E,E:854,0.000,0.07087413035542467,0.10779136778871713,0.6776135741652982,-,0.6666666666666666
nonstructural_protein_NS3,234,E:E:1,neutral,1.0,0.358,E,E:854,0.000,0.1994974020655098,0.25173883024938354,0.6776135741652982,-,0.6666666666666666
nonstructural_protein_NS3,235,A:A:3,negative,1.0,0.870,A,A:854,0.000,0.0138528943732158,0.03389304986964656,0.6776135741652982,-,0.6666666666666666
nonstructural_protein_NS3,236,L:L:14,negative,1.0,1.412,L,"L:853,?:1",0.000,0.001427837975319202,0.008665016732574374,0.6776135741652982,-,0.6666666666666666
nonstructural_protein_NS3,237,K:K:3,negative,1.0,1.091,K,"K:853,?:1",0.000,0.02379047594894568,0.049919676652194496,0.6776135741652982,-,0.6666666666666666
nonstructural_protein_NS3,238,"G:R:1,G:G:4",negative,1.0,0.961,G,"G:853,R:1",0.000,0.02164248754769627,0.04616271866415278,0.6776135741652982,-,0.6666666666666666
nonstructural_protein_NS3,239,"F:L:2,L:L:5",negative,1.0,0.726,L,"L:852,F:2",0.000,0.007548734601002471,0.02290522900990456,0.6776135741652982,-,0.6666666666666666
nonstructural_protein_NS3,240,P:P:1,neutral,1.0,0.289,P,P:854,0.000,0.1321918161638694,0.17844480710361588,0.6776135741652982,-,0.6666666666666666
nonstructural_protein_NS3,25,I:I:1,neutral,1.0,0.145,I,"I:847,?:7",0.000,0.2538713405638056,0.30573221752722896,0.6776135741652982,-,0.6666666666666666
nonstructural_protein_NS3,241,I:V:1,neutral,1.0,0.000,I,"I:853,V:1",0.000,1.0,1.0,0.6776135741652982,-,0.6666666666666666
nonstructural_protein_NS3,242,R:R:2,neutral,1.0,0.440,R,R:854,0.000,0.1053365068741707,0.14920663101856216,0.6776135741652982,-,0.6666666666666666
nonstructural_protein_NS3,243,Y:Y:7,negative,1.0,1.099,Y,Y:854,0.000,0.005528192856717795,0.019554312309848738,0.6776135741652982,-,0.6666666666666666
nonstructural_protein_NS3,244,Q:Q:1,neutral,1.0,0.354,Q,Q:854,0.000,0.2945758597510699,0.34798178852273337,0.6776135741652982,-,0.6666666666666666
nonstructural_protein_NS3,245,NA,neutral,1.0,0.000,T,T:854,0.000,1.0,1.0,1.0,-,1.0
nonstructural_protein_NS3,246,"T:T:5,I:T:1",negative,1.0,0.867,T,"T:853,I:1",0.000,0.006864131466534196,0.021244486888923334,0.6776135741652982,-,0.6666666666666666
nonstructural_protein_NS3,247,A:A:3,negative,1.0,0.875,A,"A:853,?:1",0.000,0.01372522069673954,0.03384825343140149,0.6776135741652982,-,0.6666666666666666
nonstructural_protein_NS3,248,"T:T:2,I:T:9",neutral,1.0,0.583,T,"T:827,I:26,?:1",0.823,0.677833928616822,0.7698700950712162,0.6776135741652982,-,0.4094333958962699
nonstructural_protein_NS3,249,K:R:1,neutral,1.0,0.000,K,"K:851,?:2,R:1",0.000,1.0,1.0,0.6776135741652982,-,0.6666666666666666
nonstructural_protein_NS3,250,"S:T:2,P:S:1,S:S:2",neutral,1.0,0.258,S,"S:848,T:3,P:1,?:2",0.135,0.5915598356504597,0.6743564240656252,0.6776135741652982,-,0.6320966537283399
nonstructural_protein_NS3,26,"K:K:3,K:R:1",neutral,1.0,0.977,K,"K:846,R:1,?:7",0.000,0.02987220975747396,0.057694746971436506,0.6776135741652982,-,0.6666666666666666
nonstructural_protein_NS3,251,E:E:3,neutral,1.0,1.076,E,"E:852,?:2",0.000,0.02652877779713503,0.05286621741228551,0.6776135741652982,-,0.6666666666666666
nonstructural_protein_NS3,252,H:H:11,negative,1.0,1.788,H,"H:846,?:8",0.000,0.0003525587009339803,0.0038970327835381037,0.6776135741652982,-,0.6666666666666666
nonstructural_protein_NS3,253,T:T:6,negative,1.0,1.407,T,"T:845,?:9",0.000,0.00146956302455159,0.00879006077696169,0.6776135741652982,-,0.6666666666666666
nonstructural_protein_NS3,254,G:G:3,neutral,1.0,0.840,G,"G:850,?:4",0.000,0.0363619544663053,0.0643087137561228,0.6776135741652982,-,0.6666666666666666
nonstructural_protein_NS3,255,"K:R:5,R:R:3,G:R:1",neutral,1.0,0.873,R,"R:762,K:84,?:7,G:1",0.248,0.2413237904943176,0.2929008359136913,0.6776135741652982,-,0.6418512415198661
nonstructural_protein_NS3,256,E:E:5,negative,1.0,1.171,E,"E:847,?:7",0.000,0.01540468874028822,0.036149503822868106,0.6776135741652982,-,0.6666666666666666
nonstructural_protein_NS3,257,I:I:5,negative,1.0,0.676,I,"I:847,?:7",0.000,0.01288303420548076,0.03228582256353276,0.6776135741652982,-,0.6666666666666666
nonstructural_protein_NS3,258,"V:V:7,I:V:2",neutral,1.0,0.816,V,"V:842,?:7,I:5",0.166,0.08473665209587844,0.12488568487463989,0.6776135741652982,-,0.6666666666666666
nonstructural_protein_NS3,259,D:D:4,neutral,1.0,0.611,D,"D:847,?:7",0.000,0.05408989749285342,0.08966050538128172,0.6776135741652982,-,0.6666666666666666
nonstructural_protein_NS3,260,L:L:7,negative,1.0,0.750,L,"L:847,?:7",0.000,0.02038311901757239,0.04427070411185021,0.6776135741652982,-,0.6666666666666666
nonstructural_protein_NS3,27,"Q:Q:4,E:Q:1",neutral,1.0,1.078,Q,"Q:846,?:7,E:1",0.000,0.06457808926774566,0.10223487789446181,0.6776135741652982,-,0.6666666666666666
nonstructural_protein_NS3,261,NA,neutral,1.0,0.153,M,"M:847,?:7",0.000,1.0,1.0,0.6776135741652982,-,0.6666666666666666
nonstructural_protein_NS3,262,C:C:6,negative,1.0,0.987,C,"C:847,?:7",0.000,0.006045603283899137,0.020136625957068437,0.6776135741652982,-,0.6666666666666666
nonstructural_protein_NS3,263,H:H:8,negative,1.0,1.286,H,"H:846,?:8",0.000,0.002383063371290239,0.011532757981533354,0.6776135741652982,-,0.6666666666666666
nonstructural_protein_NS3,264,"A:A:6,A:T:1",negative,1.0,1.753,A,"A:845,?:8,T:1",0.000,0.0005092678467163436,0.004820765861176611,0.6776135741652982,-,0.6666666666666666
nonstructural_protein_NS3,265,T:T:6,negative,1.0,1.387,T,"T:846,?:8",0.000,0.001085482279319927,0.007148016286159945,0.6776135741652982,-,0.6666666666666666
nonstructural_protein_NS3,266,"F:F:7,F:Y:1",negative,1.0,1.156,F,"F:845,?:8,Y:1",0.000,0.0007553185208462043,0.006080600984591941,0.6776135741652982,-,0.6666666666666666
nonstructural_protein_NS3,267,T:T:1,neutral,1.0,0.291,T,"T:846,?:8",0.000,0.1498694927371556,0.19907557082467667,0.6776135741652982,-,0.6666666666666666
nonstructural_protein_NS3,268,M:T:1,neutral,1.0,0.001,M,"M:842,T:4,?:8",0.119,0.9527179814278104,1.0,0.6776135741652982,-,0.65776447175531
nonstructural_protein_NS3,269,R:R:10,negative,1.0,1.463,R,"R:846,?:8",0.000,0.0008452841203068218,0.006225536050957305,0.6776135741652982,-,0.6666666666666666
nonstructural_protein_NS3,270,L:L:11,negative,1.0,1.116,L,"L:846,?:8",0.000,0.004483256551229386,0.017344598782568686,0.6776135741652982,-,0.6666666666666666
nonstructural_protein_NS3,28,Q:Q:5,negative,1.0,1.794,Q,"Q:847,?:7",0.000,0.01876284667456085,0.04152657395681854,0.6776135741652982,-,0.6666666666666666
nonstructural_protein_NS3,271,L:L:4,neutral,1.0,0.395,L,"L:846,?:8",0.000,0.08931226749536003,0.13008069077559495,0.6776135741652982,-,0.6666666666666666
nonstructural_protein_NS3,272,NA,neutral,1.0,0.000,S,"S:847,?:7",0.000,0.9999999524423742,1.0,0.6776135741652982,-,0.6666666666666666
nonstructural_protein_NS3,273,NA,neutral,1.0,0.000,P,"P:847,?:7",0.000,1.0,1.0,0.6776135741652982,-,0.6666666666666666
nonstructural_protein_NS3,274,"V:V:4,I:V:1",neutral,1.0,0.553,V,"V:845,?:7,I:2",0.167,0.2370909394251407,0.2888962431184293,0.6776135741652982,-,0.4877283223204564
nonstructural_protein_NS3,275,R:R:6,negative,1.0,1.440,R,"R:853,?:1",0.000,0.003899844836545818,0.015698495163169134,0.6776135741652982,-,0.6666666666666666
nonstructural_protein_NS3,276,V:V:5,negative,1.0,0.651,V,V:854,0.000,0.01653131933494123,0.03789958025306897,0.6776135741652982,-,0.6666666666666666
nonstructural_protein_NS3,277,P:P:2,neutral,1.0,0.583,P,P:854,0.000,0.03305096578123956,0.06055868963309985,0.6776135741652982,-,0.6666666666666666
nonstructural_protein_NS3,278,N:N:10,negative,1.0,1.499,N,N:854,0.000,0.002384802942869579,0.011532757981533354,0.6776135741652982,-,0.6666666666666666
nonstructural_protein_NS3,279,Y:Y:13,negative,1.0,2.176,Y,"Y:853,?:1",0.000,0.0001176275221197454,0.0020225398942256227,0.6776135741652982,-,0.6666666666666666
nonstructural_protein_NS3,280,N:N:5,neutral,1.0,0.788,N,N:854,0.000,0.02784020997360981,0.05470808412360545,0.6776135741652982,-,0.6666666666666666
nonstructural_protein_NS3,29,NA,neutral,1.0,0.000,G,"G:847,?:7",0.000,0.9999999663716803,1.0,0.6776135741652982,-,0.6666666666666666
nonstructural_protein_NS3,281,L:L:12,negative,1.0,1.208,L,L:854,0.000,0.003099857086972913,0.013705796691687379,0.6776135741652982,-,0.6666666666666666
nonstructural_protein_NS3,282,"I:V:2,I:I:1",neutral,1.0,1.454,I,"I:841,V:13",0.133,0.1246357967279037,0.171063321894839,0.6776135741652982,-,0.6666666666666666
nonstructural_protein_NS3,283,"I:V:3,I:I:1",neutral,1.0,2.544,I,"I:849,V:5",0.291,0.07424247868072076,0.1120880348862589,0.6776135741652982,-,0.6666666666666666
nonstructural_protein_NS3,284,NA,neutral,1.0,0.000,M,M:854,0.000,1.0,1.0,1.0,-,1.0
nonstructural_protein_NS3,285,NA,neutral,1.0,0.000,D,D:854,0.000,1.0,1.0,1.0,-,1.0
nonstructural_protein_NS3,286,E:E:5,negative,1.0,1.231,E,E:854,0.000,0.01339965867905246,0.03317755488933389,0.6776135741652982,-,0.6666666666666666
nonstructural_protein_NS3,287,A:A:5,negative,1.0,0.729,A,A:854,0.000,0.0121944204683585,0.03163969270665347,0.6776135741652982,-,0.6666666666666666
nonstructural_protein_NS3,288,H:H:4,neutral,1.0,0.603,H,H:854,0.000,0.03260327969930665,0.06055868963309985,0.6776135741652982,-,0.6666666666666666
nonstructural_protein_NS3,289,F:F:4,negative,1.0,0.637,F,F:854,0.000,0.0116866075235732,0.030523249186041396,0.6776135741652982,-,0.6666666666666666
nonstructural_protein_NS3,290,T:T:2,neutral,1.0,0.580,T,T:854,0.000,0.04190081240086174,0.0724716754413293,0.6776135741652982,-,0.6666666666666666
nonstructural_protein_NS3,30,"I:I:6,F:I:1",negative,1.0,0.817,I,"I:846,?:7,F:1",0.000,0.006352815876445872,0.02048121368499997,0.6776135741652982,-,0.6666666666666666
nonstructural_protein_NS3,291,D:D:11,negative,1.0,1.817,D,D:854,0.000,0.001234892637093865,0.007799985126133699,0.6776135741652982,-,0.6666666666666666
nonstructural_protein_NS3,292,P:P:1,neutral,1.0,0.288,P,P:854,0.000,0.1322044113250576,0.17844480710361588,0.6776135741652982,-,0.6666666666666666
nonstructural_protein_NS3,293,A:A:4,neutral,1.0,0.572,A,A:854,0.000,0.02584577765198925,0.05232978126108988,0.6776135741652982,-,0.6666666666666666
nonstructural_protein_NS3,294,S:S:15,negative,1.0,2.414,S,"S:851,?:3",0.000,4.768094384943744e-05,0.0012918023826288124,0.6776135741652982,-,0.6666666666666666
nonstructural_protein_NS3,295,"I:I:1,I:V:2",neutral,1.0,1.398,I,"I:852,V:2",0.000,0.02706414593596873,0.05369457158450207,0.6776135741652982,-,0.6666666666666666
nonstructural_protein_NS3,296,A:A:5,negative,1.0,1.065,A,A:854,0.000,0.004138861101061542,0.01631818485068213,0.6776135741652982,-,0.6666666666666666
nonstructural_protein_NS3,297,A:A:8,negative,1.0,1.094,A,"A:847,?:7",0.000,0.002001976823849949,0.010441259139724107,0.6776135741652982,-,0.6666666666666666
nonstructural_protein_NS3,298,R:R:4,negative,1.0,1.322,R,"R:852,?:2",0.000,0.008532890623729528,0.024914430641927252,0.6776135741652982,-,0.6666666666666666
nonstructural_protein_NS3,299,G:G:3,neutral,1.0,0.644,G,"G:853,?:1",0.000,0.05547480736801647,0.0910635089250834,0.6776135741652982,-,0.6666666666666666
nonstructural_protein_NS3,300,Y:Y:8,negative,1.0,1.298,Y,"Y:852,?:2",0.000,0.002694885481604459,0.012531790729553793,0.6776135741652982,-,0.6666666666666666
nonstructural_protein_NS3,4,L:L:15,negative,1.0,1.574,L,"L:828,?:26",0.000,0.0007777131965930328,0.006080600984591941,0.6776135741652982,-,0.6666666666666666
nonstructural_protein_NS3,31,"F:L:7,F:F:2,L:L:1",neutral,1.0,0.430,F,"L:418,F:429,?:7",0.264,0.5900201373409648,0.6738421863727992,0.6776135741652982,-,0.4845616623788674
nonstructural_protein_NS3,301,I:V:1,neutral,1.0,0.000,I,"I:851,V:1,?:2",0.000,1.0,1.0,0.6776135741652982,-,0.6666666666666666
nonstructural_protein_NS3,302,S:S:2,neutral,1.0,0.595,S,"S:852,?:2",0.000,0.03289032610293996,0.06055868963309985,0.6776135741652982,-,0.6666666666666666
nonstructural_protein_NS3,303,T:T:5,negative,1.0,0.653,T,"T:852,?:2",0.000,0.01473141364313912,0.035481498229973214,0.6776135741652982,-,0.6666666666666666
nonstructural_protein_NS3,304,R:R:7,negative,1.0,0.943,R,"R:852,?:2",0.000,0.007394905038549338,0.022548996152029755,0.6776135741652982,-,0.6666666666666666
nonstructural_protein_NS3,305,"V:V:4,A:V:1",negative,1.0,0.776,V,"V:851,?:2,A:1",0.000,0.0131198935823259,0.03261531778096278,0.6776135741652982,-,0.6666666666666666
nonstructural_protein_NS3,306,NA,neutral,1.0,0.000,G,"G:852,?:2",0.000,0.9999999663716803,1.0,0.6776135741652982,-,0.6666666666666666
nonstructural_protein_NS3,307,NA,neutral,1.0,0.153,M,"M:852,?:2",0.000,1.0,1.0,0.6776135741652982,-,0.6666666666666666
nonstructural_protein_NS3,308,G:G:2,neutral,1.0,0.582,G,"G:852,?:2",0.000,0.08373174699570618,0.12422559075271743,0.6776135741652982,-,0.6666666666666666
nonstructural_protein_NS3,309,E:E:5,negative,1.0,1.214,E,"E:850,?:4",0.000,0.0140067596534621,0.034000722452913884,0.6776135741652982,-,0.6666666666666666
nonstructural_protein_NS3,310,"A:A:3,A:T:1",neutral,1.0,0.876,A,"A:824,?:2,T:28",0.166,0.1160975892240943,0.1622221393447277,0.6776135741652982,-,0.6666666666666666
nonstructural_protein_NS3,32,G:G:9,negative,1.0,2.021,G,"G:847,?:7",0.000,0.0007858611934852267,0.006080600984591941,0.6776135741652982,-,0.6666666666666666
nonstructural_protein_NS3,311,A:A:11,negative,1.0,1.614,A,"A:852,?:2",0.000,0.0002120520812493032,0.0031243653685444394,0.6776135741652982,-,0.6666666666666666
nonstructural_protein_NS3,312,A:A:2,neutral,1.0,0.583,A,"A:852,?:2",0.000,0.04412655677695343,0.07566298793610574,0.6776135741652982,-,0.6666666666666666
nonstructural_protein_NS3,313,"I:I:10,I:V:1",negative,1.0,1.479,I,"I:850,?:3,V:1",0.000,0.0003186967419231967,0.0037559036336078915,0.6776135741652982,-,0.6666666666666666
nonstructural_protein_NS3,314,F:F:7,negative,1.0,1.118,F,"F:852,?:2",0.000,0.0008548797485159465,0.006225536050957305,0.6776135741652982,-,0.6666666666666666
nonstructural_protein_NS3,315,NA,neutral,1.0,0.153,M,"M:852,?:2",0.000,1.0,1.0,0.6776135741652982,-,0.6666666666666666
nonstructural_protein_NS3,316,T:T:3,negative,1.0,0.810,T,"T:852,?:2",0.000,0.0149753617462155,0.035660792479844695,0.6776135741652982,-,0.6666666666666666
nonstructural_protein_NS3,317,A:A:6,negative,1.0,1.558,A,"A:852,?:2",0.000,0.0008189467460339994,0.006182049217012752,0.6776135741652982,-,0.6666666666666666
nonstructural_protein_NS3,318,T:T:8,negative,1.0,2.134,T,"T:852,?:2",0.000,8.152934839522619e-05,0.0015770833330201565,0.6776135741652982,-,0.6666666666666666
nonstructural_protein_NS3,319,P:P:7,negative,1.0,1.009,P,"P:851,?:3",0.000,0.001601446381578553,0.009109742511523428,0.6776135741652982,-,0.6666666666666666
nonstructural_protein_NS3,320,P:P:2,neutral,1.0,0.257,P,"P:852,?:2",0.000,0.1041239813207259,0.14816722859202144,0.6776135741652982,-,0.6666666666666666
nonstructural_protein_NS3,33,"K:K:4,K:R:3",neutral,1.0,1.389,K,"K:839,R:8,?:7",0.547,0.2713399157037653,0.3255027283345557,0.6776135741652982,-,0.6666666666666666
nonstructural_protein_NS3,321,G:G:2,neutral,1.0,0.578,G,"G:852,?:2",0.000,0.08413404352317377,0.12429349150559563,0.6776135741652982,-,0.6666666666666666
nonstructural_protein_NS3,322,"A:T:1,T:T:8",negative,1.0,1.763,T,"T:851,A:1,?:2",0.000,0.0002128986668575861,0.0031243653685444394,0.6776135741652982,-,0.6666666666666666
nonstructural_protein_NS3,323,A:A:5,negative,1.0,0.666,A,"A:852,?:2",0.000,0.01528687213831392,0.0361166940977722,0.6776135741652982,-,0.6666666666666666
nonstructural_protein_NS3,324,"D:D:3,D:E:2,E:E:2",neutral,1.0,0.964,D,"D:551,E:301,?:2",0.264,0.1846955493700785,0.2391768725106247,0.6776135741652982,-,0.6666666666666666
nonstructural_protein_NS3,325,"A:A:7,A:V:1",negative,1.0,1.023,A,"A:851,V:1,?:2",0.000,0.003197665464193311,0.013939119171377886,0.6776135741652982,-,0.6666666666666666
nonstructural_protein_NS3,326,F:F:2,neutral,1.0,0.300,F,"F:851,?:3",0.000,0.07721513914216616,0.11629238717518456,0.6776135741652982,-,0.6666666666666666
nonstructural_protein_NS3,327,P:P:10,negative,1.0,1.375,P,"P:831,?:23",0.000,0.0002171646394161231,0.0031243653685444394,0.6776135741652982,-,0.6666666666666666
nonstructural_protein_NS3,328,Q:Q:4,neutral,1.0,0.939,Q,"Q:851,?:3",0.000,0.08388739407857171,0.12422559075271743,0.6776135741652982,-,0.6666666666666666
nonstructural_protein_NS3,329,S:S:8,negative,1.0,1.292,S,"S:851,?:3",0.000,0.003318961675104481,0.014266925533956068,0.6776135741652982,-,0.6666666666666666
nonstructural_protein_NS3,330,N:N:12,negative,1.0,1.948,N,"N:852,?:2",0.000,0.0006370234026997768,0.005328614679340024,0.6776135741652982,-,0.6666666666666666
nonstructural_protein_NS3,34,"T:T:4,N:T:2",neutral,1.0,0.572,T,"T:844,?:7,N:3",0.161,0.2075790799910544,0.26063174546544154,0.6776135741652982,-,0.05678403247452846
nonstructural_protein_NS3,331,"A:A:4,A:S:1",neutral,1.0,0.516,A,"A:852,S:1,?:1",0.000,0.03186240881999547,0.059947814770751354,0.6776135741652982,-,0.6666666666666666
nonstructural_protein_NS3,332,L:P:1,neutral,1.0,0.000,P,"P:851,L:2,?:1",0.138,0.3764105903679899,0.43796645758982283,0.6776135741652982,-,0.3547009433201306
nonstructural_protein_NS3,333,I:I:10,negative,1.0,1.381,I,"I:852,?:2",0.000,0.0004196278035816237,0.00425819033470533,0.6776135741652982,-,0.6666666666666666
nonstructural_protein_NS3,334,Q:Q:3,neutral,1.0,1.052,Q,"Q:853,?:1",0.000,0.0708542074969456,0.10779136778871713,0.6776135741652982,-,0.6666666666666666
nonstructural_protein_NS3,335,D:D:2,neutral,1.0,0.299,D,"D:853,?:1",0.000,0.1755469871366336,0.22780625794041132,0.6776135741652982,-,0.6666666666666666
nonstructural_protein_NS3,336,E:E:3,neutral,1.0,1.058,E,"E:853,?:1",0.000,0.02728476076820219,0.05395931921890465,0.6776135741652982,-,0.6666666666666666
nonstructural_protein_NS3,337,E:E:1,neutral,1.0,0.356,E,"E:853,?:1",0.000,0.199430912136458,0.25173883024938354,0.6776135741652982,-,0.6666666666666666
nonstructural_protein_NS3,338,"R:R:7,K:R:10",neutral,1.0,1.513,R,"R:836,K:17,?:1",0.970,0.4859836841117903,0.5591522313479521,0.6776135741652982,-,0.6490939425960092
nonstructural_protein_NS3,339,D:D:14,negative,1.0,2.320,D,"D:853,?:1",0.000,0.0002762769864861347,0.0037559036336078915,0.6776135741652982,-,0.6666666666666666
nonstructural_protein_NS3,340,I:I:6,negative,1.0,2.028,I,"I:853,?:1",0.000,0.0001302121204740381,0.002155713616984341,0.6776135741652982,-,0.6666666666666666
nonstructural_protein_NS3,35,Q:Q:3,neutral,1.0,1.084,Q,"Q:847,?:7",0.000,0.06723186833191108,0.10509223862993171,0.6776135741652982,-,0.6666666666666666
nonstructural_protein_NS3,341,P:P:2,neutral,1.0,0.513,P,"P:853,?:1",0.000,0.04010332189713972,0.0701241702099703,0.6776135741652982,-,0.6666666666666666
nonstructural_protein_NS3,342,NA,neutral,1.0,0.000,E,"E:847,?:7",0.000,1.0,1.0,0.6776135741652982,-,0.6666666666666666
nonstructural_protein_NS3,343,R:R:7,negative,1.0,1.024,R,"R:848,?:6",0.000,0.00531897494354594,0.019254067193303723,0.6776135741652982,-,0.6666666666666666
nonstructural_protein_NS3,344,S:S:2,neutral,1.0,0.575,S,"S:848,?:6",0.000,0.03475007349010129,0.06198932417974841,0.6776135741652982,-,0.6666666666666666
nonstructural_protein_NS3,345,NA,neutral,1.0,0.153,W,"W:848,?:6",0.000,1.0,1.0,0.6776135741652982,-,0.6666666666666666
nonstructural_protein_NS3,346,N:N:4,neutral,1.0,0.606,N,"N:848,?:6",0.000,0.04939801706668512,0.08286550830427666,0.6776135741652982,-,0.6666666666666666
nonstructural_protein_NS3,347,S:S:2,neutral,1.0,0.580,S,"S:848,?:6",0.000,0.03437608000311809,0.0615402163937748,0.6776135741652982,-,0.6666666666666666
nonstructural_protein_NS3,348,G:G:6,negative,1.0,0.874,G,"G:848,?:6",0.000,0.02009288489464145,0.043948748232448966,0.6776135741652982,-,0.6666666666666666
nonstructural_protein_NS3,349,"N:N:3,N:Y:1",neutral,1.0,0.453,N,"N:846,?:6,Y:2",0.244,0.577842410240226,0.6611542549698705,0.6776135741652982,-,0.6666666666666666
nonstructural_protein_NS3,350,"D:E:1,D:N:2,N:S:1,N:N:1,E:E:2",neutral,1.0,0.984,E,"E:778,D:48,S:1,N:21,?:6",0.846,0.8555732405400307,0.9629087925350527,0.6776135741652982,-,0.6490916901479635
nonstructural_protein_NS3,36,"V:V:7,I:V:1",negative,1.0,1.722,V,"V:845,?:7,I:2",0.167,0.005969218730489501,0.020136625957068437,0.6776135741652982,-,0.6666666666666666
nonstructural_protein_NS3,351,NA,neutral,1.0,0.153,W,"W:848,?:6",0.000,1.0,1.0,0.6776135741652982,-,0.6666666666666666
nonstructural_protein_NS3,352,"I:I:13,I:V:1",negative,1.0,1.700,I,"I:844,V:2,?:8",0.156,0.002139390773473027,0.010766527551055314,0.6776135741652982,-,0.6666666666666666
nonstructural_protein_NS3,353,T:T:10,negative,1.0,1.479,T,"T:848,?:6",0.000,0.0003248384661286297,0.0037559036336078915,0.6776135741652982,-,0.6666666666666666
nonstructural_protein_NS3,354,D:D:3,neutral,1.0,0.475,D,"D:848,?:6",0.000,0.09792621602300533,0.14031557342185255,0.6776135741652982,-,0.6666666666666666
nonstructural_protein_NS3,355,F:F:10,negative,1.0,1.604,F,"F:848,?:6",0.000,6.356022028730646e-05,0.0013570299824465855,0.6776135741652982,-,0.6666666666666666
nonstructural_protein_NS3,356,"A:A:6,A:T:3,N:T:1,I:T:1,A:V:3,V:V:2,I:V:1,A:P:3",neutral,1.0,1.268,A,"A:458,T:51,N:19,I:2,V:312,?:6,P:6",1.598,0.6307771992938105,0.7177409675788028,0.6776135741652982,-,0.4955830105039606
nonstructural_protein_NS3,357,G:G:7,negative,1.0,1.585,G,"G:847,?:7",0.000,0.002975214024084516,0.013442755335097194,0.6776135741652982,-,0.6666666666666666
nonstructural_protein_NS3,358,K:K:4,negative,1.0,1.104,K,"K:848,?:6",0.000,0.01877943505345048,0.04152657395681854,0.6776135741652982,-,0.6666666666666666
nonstructural_protein_NS3,359,"T:T:7,R:T:1",negative,1.0,1.636,T,"T:838,?:12,R:4",0.176,0.009216831127227931,0.02617072691630316,0.05493895827550277,-,8.875437524313856e-05
nonstructural_protein_NS3,360,"V:V:2,L:V:1",neutral,1.0,0.428,V,"V:844,?:6,L:4",0.167,0.428842611965169,0.49524921045977544,0.6776135741652982,-,0.6227367059406708
nonstructural_protein_NS3,37,G:G:4,neutral,1.0,0.882,G,"G:839,?:15",0.000,0.02577491335119453,0.05232978126108988,0.6776135741652982,-,0.6666666666666666
nonstructural_protein_NS3,361,NA,neutral,1.0,0.153,W,"W:852,?:2",0.000,1.0,1.0,0.6776135741652982,-,0.6666666666666666
nonstructural_protein_NS3,362,F:F:5,negative,1.0,0.761,F,"F:852,?:2",0.000,0.005122705413031281,0.018987752399199778,0.6776135741652982,-,0.6666666666666666
nonstructural_protein_NS3,363,V:V:10,negative,1.0,1.574,V,"V:852,?:2",0.000,0.0002955234677759488,0.0037559036336078915,0.6776135741652982,-,0.6666666666666666
nonstructural_protein_NS3,364,P:P:12,negative,1.0,1.617,P,"P:853,?:1",0.000,7.06399807753888e-05,0.0014105209064505053,0.6776135741652982,-,0.6666666666666666
nonstructural_protein_NS3,365,S:S:2,neutral,1.0,0.313,S,"S:853,?:1",0.000,0.1452038557283956,0.19412783303645112,0.6776135741652982,-,0.6666666666666666
nonstructural_protein_NS3,366,I:I:6,negative,1.0,0.802,I,"I:853,?:1",0.000,0.008249650679669429,0.02431682747959703,0.6776135741652982,-,0.6666666666666666
nonstructural_protein_NS3,367,"K:K:4,K:R:1",negative,1.0,1.409,K,"K:852,R:1,?:1",0.000,0.00989214580146125,0.027214392227131172,0.6776135741652982,-,0.6666666666666666
nonstructural_protein_NS3,368,"A:A:8,A:V:2,A:S:1",negative,1.0,1.325,A,"A:849,V:2,S:2,?:1",0.166,0.01225549993182862,0.03163969270665347,0.6776135741652982,-,0.6666666666666666
nonstructural_protein_NS3,369,G:G:5,negative,1.0,1.433,G,"G:853,?:1",0.000,0.006622354977856459,0.02091447822088341,0.6776135741652982,-,0.6666666666666666
nonstructural_protein_NS3,370,N:N:3,neutral,1.0,0.452,N,"N:853,?:1",0.000,0.08917207322043275,0.13008069077559495,0.6776135741652982,-,0.6666666666666666
nonstructural_protein_NS3,38,V:V:4,neutral,1.0,0.523,V,"V:838,?:16",0.000,0.03157770743655319,0.059622683585153276,0.6776135741652982,-,0.6666666666666666
nonstructural_protein_NS3,371,D:D:4,neutral,1.0,0.634,D,"D:853,?:1",0.000,0.05584627373454976,0.0910635089250834,0.6776135741652982,-,0.6666666666666666
nonstructural_protein_NS3,372,I:I:2,negative,1.0,3.040,I,"I:853,?:1",0.000,0.001501986277681389,0.00879006077696169,0.6776135741652982,-,0.6666666666666666
nonstructural_protein_NS3,373,A:A:2,neutral,1.0,0.585,A,"A:853,?:1",0.000,0.04386135482574172,0.07541716288092813,0.6776135741652982,-,0.6666666666666666
nonstructural_protein_NS3,374,N:N:3,neutral,1.0,0.473,N,N:854,0.000,0.0900561129690568,0.13085618292921636,0.6776135741652982,-,0.6666666666666666
nonstructural_protein_NS3,375,C:C:10,negative,1.0,1.670,C,"C:853,?:1",0.000,0.0003717607710892468,0.003967584781107651,0.6776135741652982,-,0.6666666666666666
nonstructural_protein_NS3,376,L:L:9,negative,1.0,0.900,L,L:854,0.000,0.01051697686549413,0.028062234237219534,0.6776135741652982,-,0.6666666666666666
nonstructural_protein_NS3,377,R:R:15,negative,1.0,3.778,R,R:854,0.000,2.384603842198185e-05,0.0010322414263662255,0.6776135741652982,-,0.6666666666666666
nonstructural_protein_NS3,378,K:K:3,neutral,1.0,0.932,K,K:854,0.000,0.03262930429428268,0.06055868963309985,0.6776135741652982,-,0.6666666666666666
nonstructural_protein_NS3,379,N:N:13,negative,1.0,1.978,N,N:854,0.000,0.0005163247204921229,0.004820765861176611,0.6776135741652982,-,0.6666666666666666
nonstructural_protein_NS3,380,G:G:17,negative,1.0,4.561,G,G:854,0.000,1.148904135495066e-06,0.0003555858299357229,0.6776135741652982,-,0.6666666666666666
nonstructural_protein_NS3,39,G:G:2,neutral,1.0,0.583,G,"G:839,?:15",0.000,0.08321078952782446,0.12422559075271743,0.6776135741652982,-,0.6666666666666666
nonstructural_protein_NS3,381,K:K:2,neutral,1.0,0.718,K,K:854,0.000,0.06566965272893621,0.10317135796754191,0.6776135741652982,-,0.6666666666666666
nonstructural_protein_NS3,382,"K:R:1,K:K:3",neutral,1.0,0.700,K,"K:851,R:1,?:2",0.000,0.05675910693353781,0.09197352668026153,0.6776135741652982,-,0.6666666666666666
nonstructural_protein_NS3,383,V:V:6,negative,1.0,0.869,V,"V:853,?:1",0.000,0.006311375995482704,0.02048121368499997,0.6776135741652982,-,0.6666666666666666
nonstructural_protein_NS3,384,I:I:7,negative,1.0,0.981,I,"I:853,?:1",0.000,0.002936464603911948,0.013365232278099234,0.6776135741652982,-,0.6666666666666666
nonstructural_protein_NS3,385,NA,neutral,1.0,0.000,Q,Q:854,0.000,1.0,1.0,1.0,-,1.0
nonstructural_protein_NS3,386,L:L:11,negative,1.0,1.461,L,"L:852,?:2",0.000,0.0001323378310911227,0.002155713616984341,0.6776135741652982,-,0.6666666666666666
nonstructural_protein_NS3,387,S:S:10,negative,1.0,1.558,S,"S:853,?:1",0.000,0.001003323732863382,0.006900637673804815,0.6776135741652982,-,0.6666666666666666
nonstructural_protein_NS3,388,R:R:4,negative,1.0,0.900,R,R:854,0.000,0.02101955432386182,0.04510969471829353,0.6776135741652982,-,0.6666666666666666
nonstructural_protein_NS3,389,K:K:3,neutral,1.0,0.715,K,"K:853,?:1",0.000,0.05440601033699832,0.08980618772960523,0.6776135741652982,-,0.6666666666666666
nonstructural_protein_NS3,390,T:T:9,negative,1.0,1.191,T,T:854,0.000,0.001037322334409674,0.007056071703292178,0.6776135741652982,-,0.6666666666666666
nonstructural_protein_NS3,40,"V:V:33,I:V:1",negative,1.0,10.505,V,"V:793,I:8,?:53",0.165,2.453592884421596e-14,1.518773995456968e-11,0.6776135741652982,-,0.6666666666666666
nonstructural_protein_NS3,391,F:F:2,neutral,1.0,0.299,F,F:854,0.000,0.07746351229410064,0.1163832866748745,0.6776135741652982,-,0.6666666666666666
nonstructural_protein_NS3,392,"D:E:4,D:D:17,D:N:2",neutral,1.0,3.334,D,"E:369,D:480,N:5",1.094,0.03220237065544995,0.060403840714313706,0.6776135741652982,-,0.4136330519059743
nonstructural_protein_NS3,393,I:T:1,neutral,1.0,0.000,T,"T:853,I:1",0.000,1.0,1.0,0.6776135741652982,-,0.6666666666666666
nonstructural_protein_NS3,394,E:E:1,neutral,1.0,0.357,E,E:854,0.000,0.1996829816679278,0.25173883024938354,0.6776135741652982,-,0.6666666666666666
nonstructural_protein_NS3,395,Y:Y:10,negative,1.0,1.544,Y,Y:854,0.000,0.0009976241118019313,0.006900637673804815,0.6776135741652982,-,0.6666666666666666
nonstructural_protein_NS3,396,"Q:Q:3,Q:R:1",neutral,1.0,0.890,Q,"Q:853,R:1",0.000,0.09352679355242222,0.13526421777791905,0.6776135741652982,-,0.6666666666666666
nonstructural_protein_NS3,397,K:K:8,negative,1.0,1.976,K,"K:853,?:1",0.000,0.00151944507776236,0.00879006077696169,0.6776135741652982,-,0.6666666666666666
nonstructural_protein_NS3,398,T:T:10,negative,1.0,1.393,T,"T:852,?:2",0.000,0.0004342135118804435,0.004335131675064428,0.6776135741652982,-,0.6666666666666666
nonstructural_protein_NS3,399,"K:R:5,K:K:2",neutral,1.0,0.703,K,"K:581,R:272,?:1",0.525,0.7714314872358685,0.8729727433254161,0.6776135741652982,-,0.6564017671990474
nonstructural_protein_NS3,400,L:L:6,neutral,1.0,0.512,L,"L:852,?:2",0.000,0.05379044563729329,0.0895061447566789,0.6776135741652982,-,0.6666666666666666
nonstructural_protein_NS3,5,NA,neutral,1.0,0.153,W,"W:830,?:24",0.000,1.0,1.0,0.6776135741652982,-,0.6666666666666666
nonstructural_protein_NS3,41,Q:Q:8,negative,1.0,2.366,Q,"Q:833,?:21",0.000,0.006829431961567156,0.021244486888923334,0.6776135741652982,-,0.6666666666666666
nonstructural_protein_NS3,401,"N:N:1,N:S:2",neutral,1.0,0.149,N,"N:851,?:1,S:2",0.000,0.3274463679929167,0.38280048034250264,0.6776135741652982,-,0.6666666666666666
nonstructural_protein_NS3,402,D:D:6,negative,1.0,0.922,D,"D:853,?:1",0.000,0.0183769169840321,0.04121489714897054,0.6776135741652982,-,0.6666666666666666
nonstructural_protein_NS3,403,NA,neutral,1.0,0.153,W,"W:853,?:1",0.000,1.0,1.0,0.6776135741652982,-,0.6666666666666666
nonstructural_protein_NS3,404,D:D:7,negative,1.0,1.116,D,"D:852,?:2",0.000,0.01126353009259129,0.029542903081839017,0.6776135741652982,-,0.6666666666666666
nonstructural_protein_NS3,405,F:F:11,negative,1.0,1.710,F,"F:849,?:5",0.000,4.112711794734825e-05,0.0012918023826288124,0.6776135741652982,-,0.6666666666666666
nonstructural_protein_NS3,406,V:V:2,neutral,1.0,0.428,V,"V:853,?:1",0.000,0.06903804118948709,0.10590680324094372,0.6776135741652982,-,0.6666666666666666
nonstructural_protein_NS3,407,V:V:7,negative,1.0,1.531,V,"V:853,?:1",0.000,0.0006465548684844169,0.005336232847891387,0.6776135741652982,-,0.6666666666666666
nonstructural_protein_NS3,408,T:T:1,neutral,1.0,0.287,T,"T:852,?:2",0.000,0.1511110860945224,0.20029499420237548,0.6776135741652982,-,0.6666666666666666
nonstructural_protein_NS3,409,T:T:3,neutral,1.0,0.574,T,"T:852,?:2",0.000,0.02991924681394365,0.057694746971436506,0.6776135741652982,-,0.6666666666666666
nonstructural_protein_NS3,410,D:D:6,negative,1.0,0.961,D,"D:852,?:2",0.000,0.01878423377691307,0.04152657395681854,0.6776135741652982,-,0.6666666666666666
nonstructural_protein_NS3,42,K:K:1,neutral,1.0,0.360,K,"K:837,?:17",0.000,0.1923297049877971,0.2474576862573063,0.6776135741652982,-,0.6666666666666666
nonstructural_protein_NS3,411,I:I:5,negative,1.0,0.675,I,"I:852,?:2",0.000,0.0129698322564058,0.03237228293030319,0.6776135741652982,-,0.6666666666666666
nonstructural_protein_NS3,412,S:S:2,neutral,1.0,0.581,S,"S:852,?:2",0.000,0.03415554336116478,0.06146012017604941,0.6776135741652982,-,0.6666666666666666
nonstructural_protein_NS3,413,E:E:2,neutral,1.0,0.721,E,"E:851,?:3",0.000,0.06912172618633483,0.10590680324094372,0.6776135741652982,-,0.6666666666666666
nonstructural_protein_NS3,414,NA,neutral,1.0,0.153,M,"M:851,?:3",0.000,1.0,1.0,0.6776135741652982,-,0.6666666666666666
nonstructural_protein_NS3,415,G:G:6,negative,1.0,1.549,G,"G:851,?:3",0.000,0.004049854636510752,0.01613654151207126,0.6776135741652982,-,0.6666666666666666
nonstructural_protein_NS3,416,A:A:10,negative,1.0,1.436,A,"A:851,?:3",0.000,0.0004461816732902468,0.004383911996296234,0.6776135741652982,-,0.6666666666666666
nonstructural_protein_NS3,417,N:N:9,negative,1.0,1.440,N,"N:851,?:3",0.000,0.00289639687651988,0.013280516048635598,0.6776135741652982,-,0.6666666666666666
nonstructural_protein_NS3,418,F:F:6,negative,1.0,0.946,F,"F:853,?:1",0.000,0.002041021576585811,0.010441259139724107,0.6776135741652982,-,0.6666666666666666
nonstructural_protein_NS3,419,K:K:2,neutral,1.0,0.720,K,"K:852,?:2",0.000,0.06537062249833958,0.10296288887143053,0.6776135741652982,-,0.6666666666666666
nonstructural_protein_NS3,420,A:A:6,negative,1.0,1.668,A,"A:851,?:3",0.000,0.0006248487747027021,0.0052983752265886655,0.6776135741652982,-,0.6666666666666666
nonstructural_protein_NS3,43,"D:E:3,E:E:1,D:D:3,D:N:1",neutral,1.0,1.191,E,"D:329,E:504,?:20,N:1",0.562,0.3755762459379429,0.437818636978506,0.6776135741652982,-,0.5992331457418348
nonstructural_protein_NS3,421,D:D:8,negative,1.0,1.262,D,"D:852,?:2",0.000,0.00608327795472019,0.020136625957068437,0.6776135741652982,-,0.6666666666666666
nonstructural_protein_NS3,422,NA,neutral,1.0,0.000,R,"R:852,?:2",0.000,0.9999999370871746,1.0,0.6776135741652982,-,0.6666666666666666
nonstructural_protein_NS3,423,V:V:4,negative,1.0,0.863,V,"V:853,?:1",0.000,0.01008519699025834,0.02762272980960138,0.6776135741652982,-,0.6666666666666666
nonstructural_protein_NS3,424,I:I:8,negative,1.0,1.156,I,"I:851,?:3",0.000,0.001350808701663708,0.008361505863298353,0.6776135741652982,-,0.6666666666666666
nonstructural_protein_NS3,425,D:D:4,neutral,1.0,0.633,D,"D:853,?:1",0.000,0.05590328496208674,0.0910635089250834,0.6776135741652982,-,0.6666666666666666
nonstructural_protein_NS3,426,P:S:2,neutral,1.0,0.000,P,"P:851,?:1,S:2",0.000,1.0,1.0,0.6776135741652982,-,0.6666666666666666
nonstructural_protein_NS3,427,NA,neutral,1.0,0.000,R,"R:853,?:1",0.000,0.9999999370871746,1.0,0.6776135741652982,-,0.6666666666666666
nonstructural_protein_NS3,428,R:R:2,neutral,1.0,0.664,R,"R:853,?:1",0.000,0.0621137625946242,0.09909386352080511,0.6776135741652982,-,0.6666666666666666
nonstructural_protein_NS3,429,C:C:7,negative,1.0,1.078,C,"C:853,?:1",0.000,0.003683259093540059,0.015199582526008643,0.6776135741652982,-,0.6666666666666666
nonstructural_protein_NS3,430,L:L:5,negative,1.0,0.657,L,"L:853,?:1",0.000,0.01272695527573686,0.0320373025349649,0.6776135741652982,-,0.6666666666666666
nonstructural_protein_NS3,44,NA,neutral,1.0,0.000,G,"G:836,?:18",0.000,0.9999999663716803,1.0,0.6776135741652982,-,0.6666666666666666
nonstructural_protein_NS3,431,K:K:1,neutral,1.0,0.272,K,"K:853,?:1",0.000,0.2408137879257594,0.29285606036551093,0.6776135741652982,-,0.6666666666666666
nonstructural_protein_NS3,432,P:P:3,negative,1.0,0.879,P,"P:853,?:1",0.000,0.008975841282244268,0.025722434044950008,0.6776135741652982,-,0.6666666666666666
nonstructural_protein_NS3,433,V:V:8,negative,1.0,1.827,V,"V:851,?:3",0.000,0.0002220873606073592,0.0031243653685444394,0.6776135741652982,-,0.6666666666666666
nonstructural_protein_NS3,434,I:I:8,negative,1.0,1.142,I,"I:852,?:2",0.000,0.001398690563067073,0.008572172856817013,0.6776135741652982,-,0.6666666666666666
nonstructural_protein_NS3,435,"L:L:12,L:S:1",negative,1.0,1.099,L,"L:851,?:2,S:1",0.000,0.005861312616423531,0.02004504148931583,0.6776135741652982,-,0.6666666666666666
nonstructural_protein_NS3,436,"T:T:3,M:T:1,S:T:1",neutral,1.0,0.868,T,"T:848,?:2,M:1,S:3",0.160,0.1103326426451071,0.15557153940164303,0.6776135741652982,-,0.6666666666666666
nonstructural_protein_NS3,437,D:D:5,neutral,1.0,0.669,D,"D:852,?:2",0.000,0.04608868759415596,0.0783760923647872,0.6776135741652982,-,0.6666666666666666
nonstructural_protein_NS3,438,G:G:1,neutral,1.0,0.291,G,"G:851,?:3",0.000,0.2211784901379819,0.27193881538132114,0.6776135741652982,-,0.6666666666666666
nonstructural_protein_NS3,439,"P:P:11,L:P:1,P:S:1",negative,1.0,2.050,P,"P:849,?:3,L:1,S:1",0.000,1.675842823034568e-05,0.0010322414263662255,0.6776135741652982,-,0.6666666666666666
nonstructural_protein_NS3,440,E:E:1,neutral,1.0,0.231,E,"E:851,?:3",0.000,0.2799320057827512,0.3351603705600058,0.6776135741652982,-,0.6666666666666666
nonstructural_protein_NS3,45,V:V:7,negative,1.0,0.919,V,"V:835,?:19",0.000,0.005186951438602483,0.01911144607437462,0.6776135741652982,-,0.6666666666666666
nonstructural_protein_NS3,441,R:R:9,negative,1.0,1.837,R,"R:850,?:4",0.000,0.0007693517463791544,0.006080600984591941,0.6776135741652982,-,0.6666666666666666
nonstructural_protein_NS3,442,V:V:5,negative,1.0,1.115,V,"V:851,?:3",0.000,0.003647781525664251,0.015199582526008643,0.6776135741652982,-,0.6666666666666666
nonstructural_protein_NS3,443,I:I:6,negative,1.0,0.886,I,"I:851,?:3",0.000,0.005108661582907126,0.018987752399199778,0.6776135741652982,-,0.6666666666666666
nonstructural_protein_NS3,444,L:L:9,negative,1.0,0.857,L,"L:850,?:4",0.000,0.01234470955717115,0.03163969270665347,0.6776135741652982,-,0.6666666666666666
nonstructural_protein_NS3,445,"A:A:6,A:V:1",negative,1.0,0.780,A,"A:849,?:4,V:1",0.000,0.009831737731978207,0.027168953821850493,0.6776135741652982,-,0.6666666666666666
nonstructural_protein_NS3,446,NA,neutral,1.0,0.000,G,"G:850,?:4",0.000,0.9999999663716803,1.0,0.6776135741652982,-,0.6666666666666666
nonstructural_protein_NS3,447,P:P:1,neutral,1.0,0.310,P,"P:781,?:73",0.000,0.1239462672733239,0.17049497653819445,0.6776135741652982,-,0.6666666666666666
nonstructural_protein_NS3,448,I:M:3,neutral,1.0,6709.418,M,"M:778,?:73,I:3",0.000,0.1192423890898723,0.16475678313980122,0.6776135741652982,-,0.6666666666666666
nonstructural_protein_NS3,449,NA,neutral,1.0,0.000,P,"P:782,?:72",0.000,1.0,1.0,0.6776135741652982,-,0.6666666666666666
nonstructural_protein_NS3,450,V:V:5,negative,1.0,0.728,V,"V:783,?:71",0.000,0.0125747718755197,0.03190075324158481,0.6776135741652982,-,0.6666666666666666
nonstructural_protein_NS3,46,F:F:5,negative,1.0,0.806,F,"F:835,?:19",0.000,0.004684121702691946,0.01795141070855719,0.6776135741652982,-,0.6666666666666666
nonstructural_protein_NS3,451,T:T:11,negative,1.0,1.686,T,"T:783,?:71",0.000,0.0001405827603960796,0.0022313007355172633,0.6776135741652982,-,0.6666666666666666
nonstructural_protein_NS3,452,"A:A:7,A:V:3,V:V:1",negative,1.0,2.173,A,"A:689,V:91,?:74",0.385,0.01236963753636533,0.03163969270665347,0.6776135741652982,-,0.6666666666666666
nonstructural_protein_NS3,453,A:A:2,neutral,1.0,0.435,A,"A:783,?:71",0.000,0.06762592300891301,0.10517700086059588,0.6776135741652982,-,0.6666666666666666
nonstructural_protein_NS3,454,S:S:7,negative,1.0,1.137,S,"S:783,?:71",0.000,0.005582658742434354,0.01963446455435719,0.6776135741652982,-,0.6666666666666666
nonstructural_protein_NS3,455,A:A:5,negative,1.0,0.666,A,"A:784,?:70",0.000,0.01551320420983082,0.03623650341843501,0.6776135741652982,-,0.6666666666666666
nonstructural_protein_NS3,456,A:A:7,negative,1.0,1.560,A,"A:783,?:71",0.000,0.000596214047566046,0.005125784658935868,0.6776135741652982,-,0.6666666666666666
nonstructural_protein_NS3,457,Q:Q:3,neutral,1.0,1.081,Q,"Q:784,?:70",0.000,0.06843021890474699,0.105562230412736,0.6776135741652982,-,0.6666666666666666
nonstructural_protein_NS3,458,R:R:5,negative,1.0,1.140,R,"R:784,?:70",0.000,0.009717147824305106,0.027094209474075946,0.6776135741652982,-,0.6666666666666666
nonstructural_protein_NS3,459,R:R:2,neutral,1.0,0.685,R,"R:786,?:68",0.000,0.05998003954975062,0.09624867158858083,0.6776135741652982,-,0.6666666666666666
nonstructural_protein_NS3,460,G:G:4,neutral,1.0,0.880,G,"G:786,?:68",0.000,0.02595354256406235,0.05232978126108988,0.6776135741652982,-,0.6666666666666666
nonstructural_protein_NS3,47,H:H:8,negative,1.0,1.322,H,"H:836,?:18",0.000,0.002176002557910284,0.010862464381826338,0.6776135741652982,-,0.6666666666666666
nonstructural_protein_NS3,461,NA,neutral,1.0,0.000,R,"R:787,?:67",0.000,0.9999999370871746,1.0,0.6776135741652982,-,0.6666666666666666
nonstructural_protein_NS3,462,"V:V:5,I:V:2",neutral,1.0,0.805,V,"V:784,?:67,I:3",0.167,0.08803116873214523,0.12943300105747718,0.6776135741652982,-,0.6666666666666666
nonstructural_protein_NS3,463,G:G:5,neutral,1.0,0.732,G,"G:788,?:66",0.000,0.03346445704162937,0.060924996790495824,0.6776135741652982,-,0.6666666666666666
nonstructural_protein_NS3,464,R:R:3,neutral,1.0,0.673,R,"R:788,?:66",0.000,0.04592566850747382,0.07831401874965922,0.6776135741652982,-,0.6666666666666666
nonstructural_protein_NS3,465,N:N:2,neutral,1.0,0.320,N,"N:789,?:65",0.000,0.1641667785095388,0.21529499130806043,0.6776135741652982,-,0.6666666666666666
nonstructural_protein_NS3,466,"L:P:1,P:P:2,P:S:1",neutral,1.0,0.592,P,"P:786,L:2,?:64,S:2",0.278,0.4581890859886504,0.5281546447429695,0.6776135741652982,-,0.1492003159667901
nonstructural_protein_NS3,467,"Q:Q:1,Q:R:1,H:Q:1",neutral,1.0,0.363,Q,"Q:788,?:64,R:1,H:1",0.000,0.2892837335304056,0.3430395230944848,0.6776135741652982,-,0.6666666666666666
nonstructural_protein_NS3,468,"K:K:3,K:R:1",neutral,1.0,1.063,K,"K:789,?:64,R:1",0.000,0.02531235163667489,0.05222781887700586,0.6776135741652982,-,0.6666666666666666
nonstructural_protein_NS3,469,E:E:7,negative,1.0,2.664,E,"E:790,?:64",0.000,0.0005860377305774156,0.005109258524329863,0.6776135741652982,-,0.6666666666666666
nonstructural_protein_NS3,470,"N:N:3,D:N:1",neutral,1.0,0.460,N,"N:789,?:63,D:2",0.244,0.5669278672398912,0.6498673144842456,0.6776135741652982,-,0.6666666666666666
nonstructural_protein_NS3,48,T:T:6,negative,1.0,0.876,T,"T:836,?:18",0.000,0.005431531760530461,0.019547198603304394,0.6776135741652982,-,0.6666666666666666
nonstructural_protein_NS3,471,D:D:8,negative,1.0,1.330,D,"D:792,?:62",0.000,0.005994832733241751,0.020136625957068437,0.6776135741652982,-,0.6666666666666666
nonstructural_protein_NS3,472,Q:Q:3,neutral,1.0,0.768,Q,"Q:792,?:62",0.000,0.1192405014332025,0.16475678313980122,0.6776135741652982,-,0.6666666666666666
nonstructural_protein_NS3,473,Y:Y:4,neutral,1.0,0.646,Y,"Y:791,?:63",0.000,0.03367276507665506,0.061124462118620174,0.6776135741652982,-,0.6666666666666666
nonstructural_protein_NS3,474,I:V:1,neutral,1.0,0.000,I,"I:790,?:63,V:1",0.000,1.0,1.0,0.6776135741652982,-,0.6666666666666666
nonstructural_protein_NS3,475,"F:F:11,F:Y:1",negative,1.0,1.848,F,"F:788,?:65,Y:1",0.000,2.391757455832977e-05,0.0010322414263662255,0.6776135741652982,-,0.6666666666666666
nonstructural_protein_NS3,476,"M:T:6,A:T:4,T:T:7",neutral,1.0,1.603,T,"T:762,M:19,?:64,A:9",0.646,0.141382648881741,0.1898391749626848,0.6776135741652982,-,0.6666666666666666
nonstructural_protein_NS3,477,G:G:6,negative,1.0,0.879,G,"G:790,?:64",0.000,0.01988596472871695,0.04365039775558791,0.6776135741652982,-,0.6666666666666666
nonstructural_protein_NS3,478,"H:Q:1,K:Q:1",neutral,1.0,0.000,Q,"Q:788,?:64,H:1,K:1",0.000,1.0,1.0,0.6776135741652982,-,0.6666666666666666
nonstructural_protein_NS3,479,P:P:9,negative,1.0,1.219,P,"P:791,?:63",0.000,0.0005491917021832604,0.004965143385141567,0.6776135741652982,-,0.6666666666666666
nonstructural_protein_NS3,480,L:L:9,negative,1.0,1.353,L,"L:792,?:62",0.000,0.0003029019857380133,0.0037559036336078915,0.6776135741652982,-,0.6666666666666666
nonstructural_protein_NS3,49,M:R:1,neutral,1.0,0.000,M,"M:820,?:20,R:14",0.119,0.9429762632748333,1.0,0.6776135741652982,-,0.6561849501181823
nonstructural_protein_NS3,481,N:N:11,negative,1.0,1.894,N,"N:791,?:63",0.000,0.0008297086766316797,0.0061878273594579486,0.6776135741652982,-,0.6666666666666666
nonstructural_protein_NS3,482,"N:N:1,K:N:1",neutral,1.0,0.152,N,"N:790,?:63,K:1",0.000,0.3244721421246545,0.3808124495995358,0.6776135741652982,-,0.6666666666666666
nonstructural_protein_NS3,483,D:D:6,negative,1.0,0.973,D,"D:783,?:71",0.000,0.01668229264516685,0.038077014372019664,0.6776135741652982,-,0.6666666666666666
nonstructural_protein_NS3,484,E:E:1,neutral,1.0,0.364,E,"E:791,?:63",0.000,0.1970516868032286,0.25173883024938354,0.6776135741652982,-,0.6666666666666666
nonstructural_protein_NS3,485,D:D:3,neutral,1.0,0.483,D,"D:792,?:62",0.000,0.09571528898424864,0.1377854973982556,0.6776135741652982,-,0.6666666666666666
nonstructural_protein_NS3,486,H:H:7,negative,1.0,0.968,H,"H:792,?:62",0.000,0.007618623613176001,0.023004526910029,0.6776135741652982,-,0.6666666666666666
nonstructural_protein_NS3,487,A:A:8,negative,1.0,1.067,A,"A:792,?:62",0.000,0.002238477471835254,0.01108494044052818,0.6776135741652982,-,0.6666666666666666
nonstructural_protein_NS3,488,H:H:7,negative,1.0,1.147,H,"H:798,?:56",0.000,0.004206339176449747,0.016375622328442727,0.6776135741652982,-,0.6666666666666666
nonstructural_protein_NS3,489,C:W:1,neutral,1.0,10000.000,W,"W:797,C:1,?:56",0.000,0.3908457337517666,0.4530590059781714,0.6776135741652982,-,0.6666666666666666
nonstructural_protein_NS3,490,"I:T:1,T:T:1",neutral,1.0,0.292,T,"T:797,?:56,I:1",0.000,0.1487833526430898,0.1980578393248873,0.6776135741652982,-,0.6666666666666666
nonstructural_protein_NS3,50,NA,neutral,1.0,0.153,W,"W:836,?:18",0.000,1.0,1.0,0.6776135741652982,-,0.6666666666666666
nonstructural_protein_NS3,491,NA,neutral,1.0,0.000,E,"E:799,?:55",0.000,1.0,1.0,0.6776135741652982,-,0.6666666666666666
nonstructural_protein_NS3,492,A:A:6,negative,1.0,1.775,A,"A:799,?:55",0.000,0.0004878783161055278,0.004718698088583152,0.6776135741652982,-,0.6666666666666666
nonstructural_protein_NS3,493,K:K:2,neutral,1.0,0.728,K,"K:799,?:55",0.000,0.06444859588254281,0.10223487789446181,0.6776135741652982,-,0.6666666666666666
nonstructural_protein_NS3,494,NA,neutral,1.0,0.153,M,"M:799,?:55",0.000,1.0,1.0,0.6776135741652982,-,0.6666666666666666
nonstructural_protein_NS3,495,L:L:13,negative,1.0,1.276,L,"L:799,?:55",0.000,0.002426413671342109,0.011643023740781128,0.6776135741652982,-,0.6666666666666666
nonstructural_protein_NS3,496,L:L:9,negative,1.0,0.932,L,"L:799,?:55",0.000,0.009064956634395327,0.02585810210456547,0.6776135741652982,-,0.6666666666666666
nonstructural_protein_NS3,497,D:D:5,neutral,1.0,0.806,D,"D:800,?:54",0.000,0.03138192270019369,0.059587147703742,0.6776135741652982,-,0.6666666666666666
nonstructural_protein_NS3,498,N:N:3,neutral,1.0,0.479,N,"N:800,?:54",0.000,0.08880142390139678,0.1299481829668194,0.6776135741652982,-,0.6666666666666666
nonstructural_protein_NS3,499,I:I:12,negative,1.0,1.860,I,"I:800,?:54",0.000,6.209304486903822e-05,0.0013570299824465855,0.6776135741652982,-,0.6666666666666666
nonstructural_protein_NS3,500,N:N:8,negative,1.0,1.183,N,"N:800,?:54",0.000,0.007995874399720493,0.02379541467993743,0.6776135741652982,-,0.6666666666666666
nonstructural_protein_NS3,6,D:D:8,negative,1.0,1.286,D,"D:830,?:24",0.000,0.006546219370255235,0.02085676760882787,0.6776135741652982,-,0.6666666666666666
nonstructural_protein_NS3,51,H:H:1,neutral,1.0,0.158,H,"H:836,?:18",0.000,0.2839817511781304,0.3386988515978087,0.6776135741652982,-,0.6666666666666666
nonstructural_protein_NS3,501,T:T:4,negative,1.0,0.872,T,"T:800,?:54",0.000,0.008812584497100873,0.025372045598629954,0.6776135741652982,-,0.6666666666666666
nonstructural_protein_NS3,502,P:P:1,neutral,1.0,0.294,P,"P:800,?:54",0.000,0.1307164037184658,0.17808310629342686,0.6776135741652982,-,0.6666666666666666
nonstructural_protein_NS3,503,NA,neutral,1.0,0.000,E,"E:800,?:54",0.000,1.0,1.0,0.6776135741652982,-,0.6666666666666666
nonstructural_protein_NS3,504,G:G:6,negative,1.0,1.465,G,"G:798,?:56",0.000,0.004727108151041715,0.01795141070855719,0.6776135741652982,-,0.6666666666666666
nonstructural_protein_NS3,505,I:I:14,negative,1.0,2.205,I,"I:800,?:54",0.000,1.34349766586217e-05,0.0010322414263662255,0.6776135741652982,-,0.6666666666666666
nonstructural_protein_NS3,506,I:M:1,neutral,1.0,0.000,I,"I:799,?:54,M:1",0.000,1.0,1.0,0.6776135741652982,-,0.6666666666666666
nonstructural_protein_NS3,507,P:P:1,neutral,1.0,0.293,P,"P:801,?:53",0.000,0.130732025437803,0.17808310629342686,0.6776135741652982,-,0.6666666666666666
nonstructural_protein_NS3,508,"A:T:1,A:A:5",negative,1.0,0.658,A,"A:800,?:53,T:1",0.000,0.01589703744337834,0.03671741110989251,0.6776135741652982,-,0.6666666666666666
nonstructural_protein_NS3,509,L:L:9,negative,1.0,1.349,L,"L:801,?:53",0.000,0.0003045470502563985,0.0037559036336078915,0.6776135741652982,-,0.6666666666666666
nonstructural_protein_NS3,510,F:F:1,neutral,1.0,0.151,F,"F:801,?:53",0.000,0.2098909086332343,0.26300095636431586,0.6776135741652982,-,0.6666666666666666
nonstructural_protein_NS3,52,V:V:10,negative,1.0,1.478,V,"V:836,?:18",0.000,0.0004051358623755608,0.0042504932001774945,0.6776135741652982,-,0.6666666666666666
nonstructural_protein_NS3,511,E:E:1,neutral,1.0,0.346,E,"E:801,?:53",0.000,0.2048218390902506,0.257692517066799,0.6776135741652982,-,0.6666666666666666
nonstructural_protein_NS3,512,P:P:2,neutral,1.0,0.591,P,"P:801,?:53",0.000,0.03242895292083969,0.06055868963309985,0.6776135741652982,-,0.6666666666666666
nonstructural_protein_NS3,513,E:E:1,neutral,1.0,0.315,E,"E:801,?:53",0.000,0.2210216334682766,0.27193881538132114,0.6776135741652982,-,0.6666666666666666
nonstructural_protein_NS3,514,R:R:4,negative,1.0,0.907,R,"R:801,?:53",0.000,0.02075738268296334,0.044902728317372353,0.6776135741652982,-,0.6666666666666666
nonstructural_protein_NS3,515,E:E:4,neutral,1.0,0.943,E,"E:801,?:53",0.000,0.02981199289470937,0.057694746971436506,0.6776135741652982,-,0.6666666666666666
nonstructural_protein_NS3,516,K:K:2,neutral,1.0,0.470,K,"K:801,?:53",0.000,0.118663698719137,0.1646924428411341,0.6776135741652982,-,0.6666666666666666
nonstructural_protein_NS3,517,S:T:1,neutral,1.0,0.000,S,"S:800,?:53,T:1",0.000,1.0,1.0,0.6776135741652982,-,0.6666666666666666
nonstructural_protein_NS3,518,A:A:8,negative,1.0,1.183,A,"A:801,?:53",0.000,0.001492215118243378,0.00879006077696169,0.6776135741652982,-,0.6666666666666666
nonstructural_protein_NS3,519,A:A:6,negative,1.0,0.867,A,"A:801,?:53",0.000,0.006277301754156306,0.02048121368499997,0.6776135741652982,-,0.6666666666666666
nonstructural_protein_NS3,520,NA,neutral,1.0,0.000,I,"I:801,?:53",0.000,0.9999999663716803,1.0,0.6776135741652982,-,0.6666666666666666
nonstructural_protein_NS3,53,NA,neutral,1.0,0.000,T,"T:835,?:19",0.000,0.9999999524423742,1.0,0.6776135741652982,-,0.6666666666666666
nonstructural_protein_NS3,521,D:D:5,neutral,1.0,0.814,D,"D:801,?:53",0.000,0.03072299589825678,0.058877815668795505,0.6776135741652982,-,0.6666666666666666
nonstructural_protein_NS3,522,G:G:5,neutral,1.0,0.678,G,"G:808,?:46",0.000,0.03924302840760252,0.06900975734177829,0.6776135741652982,-,0.6666666666666666
nonstructural_protein_NS3,523,E:E:6,negative,1.0,2.137,E,"E:808,?:46",0.000,0.001837336700403758,0.009804408771982121,0.6776135741652982,-,0.6666666666666666
nonstructural_protein_NS3,524,Y:Y:7,negative,1.0,1.114,Y,"Y:809,?:45",0.000,0.005287686342436704,0.01925339909393129,0.6776135741652982,-,0.6666666666666666
nonstructural_protein_NS3,525,R:R:6,negative,1.0,0.929,R,"R:809,?:45",0.000,0.008138429507453915,0.024103769689540543,0.6776135741652982,-,0.6666666666666666
nonstructural_protein_NS3,526,L:L:7,neutral,1.0,0.675,L,"L:809,?:45",0.000,0.02651118795285046,0.05286621741228551,0.6776135741652982,-,0.6666666666666666
nonstructural_protein_NS3,527,K:K:12,negative,1.0,3.388,K,"K:809,?:45",0.000,4.709584614936979e-05,0.0012918023826288124,0.6776135741652982,-,0.6666666666666666
nonstructural_protein_NS3,528,G:G:2,neutral,1.0,0.261,G,"G:809,?:45",0.000,0.1984397345954713,0.25173883024938354,0.6776135741652982,-,0.6666666666666666
nonstructural_protein_NS3,529,"E:E:5,?:E:1",negative,1.0,1.615,E,"E:804,?:50",0.000,0.005117378687089835,0.018987752399199778,0.6776135741652982,-,0.6666666666666666
nonstructural_protein_NS3,530,S:S:5,negative,1.0,0.745,S,"S:810,?:44",0.000,0.006570387211181639,0.02085676760882787,0.6776135741652982,-,0.6666666666666666
nonstructural_protein_NS3,54,R:R:1,neutral,1.0,0.335,R,"R:835,?:19",0.000,0.1856619134668007,0.2394930334523457,0.6776135741652982,-,0.6666666666666666
nonstructural_protein_NS3,531,"R:R:8,K:R:1",negative,1.0,1.851,R,"R:809,?:43,K:2",0.238,0.01499479306085949,0.035660792479844695,0.6776135741652982,-,0.6666666666666666
nonstructural_protein_NS3,532,NA,neutral,1.0,0.000,K,"K:811,?:43",0.000,1.0,1.0,0.6776135741652982,-,0.6666666666666666
nonstructural_protein_NS3,533,"T:T:6,?:T:1",negative,1.0,1.027,T,"T:811,?:43",0.000,0.002598383896697087,0.012184845697390126,0.6776135741652982,-,0.6666666666666666
nonstructural_protein_NS3,534,F:F:11,negative,1.0,1.813,F,"F:844,?:10",0.000,2.656400610379084e-05,0.0010322414263662255,0.6776135741652982,-,0.6666666666666666
nonstructural_protein_NS3,535,V:V:1,neutral,1.0,0.219,V,"V:844,?:10",0.000,0.1953854043646549,0.2504007563182637,0.6776135741652982,-,0.6666666666666666
nonstructural_protein_NS3,536,NA,neutral,1.0,0.000,E,"E:844,?:10",0.000,1.0,1.0,0.6776135741652982,-,0.6666666666666666
nonstructural_protein_NS3,537,L:L:2,neutral,1.0,0.286,L,"L:844,?:10",0.000,0.09159361575057856,0.132778567095101,0.6776135741652982,-,0.6666666666666666
nonstructural_protein_NS3,538,NA,neutral,1.0,0.153,M,"M:844,?:10",0.000,1.0,1.0,0.6776135741652982,-,0.6666666666666666
nonstructural_protein_NS3,539,"K:R:3,R:R:3",neutral,1.0,0.664,R,"R:841,K:3,?:10",0.000,0.04697015800177762,0.07943860055491897,0.6776135741652982,-,0.6666666666666666
nonstructural_protein_NS3,540,R:R:2,neutral,1.0,0.442,R,"R:844,?:10",0.000,0.10493728322414,0.14898206035720793,0.6776135741652982,-,0.6666666666666666
nonstructural_protein_NS3,55,G:G:6,negative,1.0,1.393,G,"G:834,?:20",0.000,0.005483499019514393,0.019554312309848738,0.6776135741652982,-,0.6666666666666666
nonstructural_protein_NS3,541,G:G:6,neutral,1.0,0.811,G,"G:844,?:10",0.000,0.02404995253396558,0.0502936507382591,0.6776135741652982,-,0.6666666666666666
nonstructural_protein_NS3,542,D:D:5,neutral,1.0,0.804,D,"D:844,?:10",0.000,0.03159327983187443,0.059622683585153276,0.6776135741652982,-,0.6666666666666666
nonstructural_protein_NS3,543,L:L:6,negative,1.0,0.854,L,"L:844,?:10",0.000,0.003679756133406431,0.015199582526008643,0.6776135741652982,-,0.6666666666666666
nonstructural_protein_NS3,544,P:P:2,neutral,1.0,0.582,P,"P:844,?:10",0.000,0.03306758820030331,0.06055868963309985,0.6776135741652982,-,0.6666666666666666
nonstructural_protein_NS3,545,"V:V:9,I:V:1",negative,1.0,1.203,V,"V:843,?:10,I:1",0.000,0.001220919210957794,0.007791226717349221,0.6776135741652982,-,0.6666666666666666
nonstructural_protein_NS3,546,NA,neutral,1.0,0.153,W,"W:844,?:10",0.000,1.0,1.0,0.6776135741652982,-,0.6666666666666666
nonstructural_protein_NS3,547,L:L:5,neutral,1.0,0.562,L,"L:844,?:10",0.000,0.04495454551640032,0.07686978915649667,0.6776135741652982,-,0.6666666666666666
nonstructural_protein_NS3,548,A:A:5,neutral,1.0,0.586,A,"A:843,?:11",0.000,0.02460273393256263,0.05093341907778016,0.6776135741652982,-,0.6666666666666666
nonstructural_protein_NS3,549,"H:H:12,H:Y:5",negative,1.0,1.922,H,"H:834,?:10,Y:10",0.399,0.01673174137187294,0.038077014372019664,0.6776135741652982,-,0.6666666666666666
nonstructural_protein_NS3,550,"K:R:1,K:K:1",neutral,1.0,0.358,K,"K:835,?:15,R:4",0.269,0.8400145165764767,0.9471201926426942,0.6776135741652982,-,0.6594201301122414
nonstructural_protein_NS3,56,A:A:4,negative,1.0,1.234,A,"A:835,?:19",0.000,0.003793318690169745,0.015550094498113062,0.6776135741652982,-,0.6666666666666666
nonstructural_protein_NS3,551,V:V:5,negative,1.0,1.461,V,"V:838,?:16",0.000,0.001515203240417984,0.00879006077696169,0.6776135741652982,-,0.6666666666666666
nonstructural_protein_NS3,552,"A:A:4,A:T:1",negative,1.0,0.952,A,"A:837,?:16,T:1",0.000,0.007730146305956032,0.023227963899935842,0.6776135741652982,-,0.6666666666666666
nonstructural_protein_NS3,553,NA,neutral,1.0,0.000,S,"S:839,?:15",0.000,0.9999999524423742,1.0,0.6776135741652982,-,0.6666666666666666
nonstructural_protein_NS3,554,E:E:2,neutral,1.0,0.706,E,"E:839,?:15",0.000,0.07115861094187625,0.10795877493387598,0.6776135741652982,-,0.6666666666666666
nonstructural_protein_NS3,555,G:G:8,negative,1.0,1.967,G,"G:839,?:15",0.000,0.001066235997803866,0.007106774685834157,0.6776135741652982,-,0.6666666666666666
nonstructural_protein_NS3,556,I:I:5,negative,1.0,0.742,I,"I:838,?:16",0.000,0.01037699055038821,0.027927639785610008,0.6776135741652982,-,0.6666666666666666
nonstructural_protein_NS3,557,"K:R:2,K:K:2",neutral,1.0,0.723,K,"K:827,R:12,?:15",0.542,0.7747115242701521,0.8750847327066135,0.6776135741652982,-,0.6550755044483331
nonstructural_protein_NS3,558,Y:Y:15,negative,1.0,2.537,Y,"Y:837,?:17",0.000,3.672928115827645e-05,0.001263079168720729,0.6776135741652982,-,0.6666666666666666
nonstructural_protein_NS3,559,"T:T:1,I:T:1",neutral,1.0,0.304,T,"T:838,?:15,I:1",0.000,0.1441102202409777,0.19308274097221903,0.6776135741652982,-,0.6666666666666666
nonstructural_protein_NS3,560,D:D:9,negative,1.0,1.292,D,"D:838,?:16",0.000,0.005528278924432195,0.019554312309848738,0.6776135741652982,-,0.6666666666666666
nonstructural_protein_NS3,57,V:V:7,negative,1.0,1.591,V,"V:835,?:19",0.000,0.0005534650946280584,0.004965143385141567,0.6776135741652982,-,0.6666666666666666
nonstructural_protein_NS3,561,R:R:5,negative,1.0,1.566,R,"R:838,?:16",0.000,0.003904721044327486,0.015698495163169134,0.6776135741652982,-,0.6666666666666666
nonstructural_protein_NS3,562,"K:K:1,K:R:1",neutral,1.0,0.359,K,"K:838,?:15,R:1",0.000,0.1926891838061739,0.2474576862573063,0.6776135741652982,-,0.6666666666666666
nonstructural_protein_NS3,563,NA,neutral,1.0,0.153,W,"W:840,?:14",0.000,1.0,1.0,0.6776135741652982,-,0.6666666666666666
nonstructural_protein_NS3,564,C:C:5,negative,1.0,0.813,C,"C:840,?:14",0.000,0.01244112579453049,0.03169159204450359,0.6776135741652982,-,0.6666666666666666
nonstructural_protein_NS3,565,F:F:3,neutral,1.0,0.454,F,"F:840,?:14",0.000,0.03013907017447381,0.05793815042856922,0.6776135741652982,-,0.6666666666666666
nonstructural_protein_NS3,566,D:D:2,neutral,1.0,0.301,D,"D:840,?:14",0.000,0.1747507042706399,0.22749340563146475,0.6776135741652982,-,0.6666666666666666
nonstructural_protein_NS3,567,G:G:6,negative,1.0,1.795,G,"G:839,?:15",0.000,0.002563224621148885,0.01211172549993252,0.6776135741652982,-,0.6666666666666666
nonstructural_protein_NS3,568,"Q:Q:6,E:Q:1,E:E:3",negative,1.0,2.843,Q,"Q:454,E:385,?:15",0.339,0.01033463824901792,0.027927639785610008,0.6776135741652982,-,0.6666666666666666
nonstructural_protein_NS3,569,"R:R:20,C:R:1",negative,1.0,3.058,R,"R:837,?:15,C:2",0.194,5.308317869379131e-05,0.0013143395044582728,0.6776135741652982,-,0.6666666666666666
nonstructural_protein_NS3,570,N:N:19,negative,1.0,3.184,N,"N:838,?:16",0.000,1.339069940931026e-05,0.0010322414263662255,0.6776135741652982,-,0.6666666666666666
nonstructural_protein_NS3,58,L:L:10,negative,1.0,1.015,L,"L:834,?:20",0.000,0.00667024942860317,0.020958804042159197,0.6776135741652982,-,0.6666666666666666
nonstructural_protein_NS3,571,N:N:9,negative,1.0,1.405,N,"N:839,?:15",0.000,0.003000029538716142,0.013456654235255739,0.6776135741652982,-,0.6666666666666666
nonstructural_protein_NS3,572,Q:Q:3,neutral,1.0,1.074,Q,"Q:839,?:15",0.000,0.0685557619158641,0.105562230412736,0.6776135741652982,-,0.6666666666666666
nonstructural_protein_NS3,573,I:I:4,neutral,1.0,0.542,I,"I:840,?:14",0.000,0.02591230951512336,0.05232978126108988,0.6776135741652982,-,0.6666666666666666
nonstructural_protein_NS3,574,L:L:7,negative,1.0,0.831,L,"L:839,?:15",0.000,0.01503629537518492,0.035660792479844695,0.6776135741652982,-,0.6666666666666666
nonstructural_protein_NS3,575,E:E:4,neutral,1.0,0.943,E,"E:839,?:15",0.000,0.02955692064454807,0.057694746971436506,0.6776135741652982,-,0.6666666666666666
nonstructural_protein_NS3,576,"E:E:12,D:E:1",negative,1.0,3.330,E,"E:838,?:15,D:1",0.000,6.576881982778282e-05,0.0013570299824465855,0.6776135741652982,-,0.6666666666666666
nonstructural_protein_NS3,577,N:N:9,negative,1.0,1.274,N,"N:840,?:14",0.000,0.005782845310149054,0.02003603973568383,0.6776135741652982,-,0.6666666666666666
nonstructural_protein_NS3,578,I:M:1,neutral,1.0,0.028,M,"M:840,I:1,?:13",0.000,1.0,1.0,0.6776135741652982,-,0.6666666666666666
nonstructural_protein_NS3,579,D:D:14,negative,1.0,2.243,D,"D:841,?:13",0.000,0.0003125943279603804,0.0037559036336078915,0.6776135741652982,-,0.6666666666666666
nonstructural_protein_NS3,580,V:V:1,neutral,1.0,0.214,V,"V:839,?:15",0.000,0.1977424384905561,0.25173883024938354,0.6776135741652982,-,0.6666666666666666
nonstructural_protein_NS3,59,"A:T:1,T:T:4,M:T:1",neutral,1.0,1.067,T,"T:832,A:1,?:19,M:2",0.161,0.05345977500420684,0.08919568929273324,0.6776135741652982,-,0.2785343735942621
nonstructural_protein_NS3,581,E:E:2,neutral,1.0,0.706,E,"E:840,?:14",0.000,0.07139814605864547,0.108057340856483,0.6776135741652982,-,0.6666666666666666
nonstructural_protein_NS3,582,I:I:4,negative,1.0,0.589,I,"I:840,?:14",0.000,0.02210722578297153,0.046864290272806086,0.6776135741652982,-,0.6666666666666666
nonstructural_protein_NS3,583,NA,neutral,1.0,0.153,W,"W:840,?:14",0.000,1.0,1.0,0.6776135741652982,-,0.6666666666666666
nonstructural_protein_NS3,584,T:T:2,neutral,1.0,0.579,T,"T:840,?:14",0.000,0.04207261859479505,0.07254303874701432,0.6776135741652982,-,0.6666666666666666
nonstructural_protein_NS3,585,"K:R:2,K:K:4",neutral,1.0,0.934,K,"K:837,R:3,?:14",0.277,0.2323580168025193,0.28368759842358865,0.6776135741652982,-,0.6666666666666666
nonstructural_protein_NS3,586,NA,neutral,1.0,0.000,E,"E:840,?:14",0.000,1.0,1.0,0.6776135741652982,-,0.6666666666666666
nonstructural_protein_NS3,587,G:G:1,neutral,1.0,0.291,G,"G:840,?:14",0.000,0.2211582768840255,0.27193881538132114,0.6776135741652982,-,0.6666666666666666
nonstructural_protein_NS3,588,E:E:1,neutral,1.0,0.360,E,"E:840,?:14",0.000,0.198696977066496,0.25173883024938354,0.6776135741652982,-,0.6666666666666666
nonstructural_protein_NS3,589,"K:K:1,K:R:6,R:R:2",neutral,1.0,0.690,K,"K:548,R:290,?:16",0.743,0.9335233833749312,1.0,0.6776135741652982,-,0.6360198569804142
nonstructural_protein_NS3,590,"K:K:6,K:R:1",negative,1.0,2.161,K,"K:835,?:14,R:5",0.269,0.01963347762596546,0.04324954679883494,0.6776135741652982,-,0.6666666666666666
nonstructural_protein_NS3,60,"H:H:12,H:Y:9,Y:Y:3",neutral,1.0,2.466,H,"H:763,Y:72,?:19",1.040,0.08222293250511226,0.12323485525584622,0.6776135741652982,-,0.6180456616516872
nonstructural_protein_NS3,591,K:K:2,neutral,1.0,0.721,K,"K:840,?:14",0.000,0.06520150110583534,0.10295849281763284,0.6776135741652982,-,0.6666666666666666
nonstructural_protein_NS3,592,L:L:14,negative,1.0,1.480,L,"L:840,?:14",0.000,0.001132876996732479,0.0073815880102884686,0.6776135741652982,-,0.6666666666666666
nonstructural_protein_NS3,593,R:R:7,negative,1.0,2.066,R,"R:840,?:14",0.000,0.001067738361522741,0.007106774685834157,0.6776135741652982,-,0.6666666666666666
nonstructural_protein_NS3,594,P:P:11,negative,1.0,1.484,P,"P:840,?:14",0.000,0.0001161518615553359,0.0020225398942256227,0.6776135741652982,-,0.6666666666666666
nonstructural_protein_NS3,595,R:R:4,negative,1.0,0.904,R,"R:840,?:14",0.000,0.02081919713584146,0.044902728317372353,0.6776135741652982,-,0.6666666666666666
nonstructural_protein_NS3,596,NA,neutral,1.0,0.153,W,"W:840,?:14",0.000,1.0,1.0,0.6776135741652982,-,0.6666666666666666
nonstructural_protein_NS3,597,L:L:1,neutral,1.0,0.128,L,"L:839,?:15",0.000,0.2511210228345605,0.30360139284100185,0.6776135741652982,-,0.6666666666666666
nonstructural_protein_NS3,598,D:D:4,neutral,1.0,0.618,D,"D:839,?:15",0.000,0.0527365993151554,0.08822690534075997,0.6776135741652982,-,0.6666666666666666
nonstructural_protein_NS3,599,A:A:5,negative,1.0,0.728,A,"A:840,?:14",0.000,0.01227770842291009,0.03163969270665347,0.6776135741652982,-,0.6666666666666666
nonstructural_protein_NS3,600,R:R:5,negative,1.0,0.720,R,"R:840,?:14",0.000,0.01862938612861176,0.04152657395681854,0.6776135741652982,-,0.6666666666666666
nonstructural_protein_NS3,7,V:V:9,negative,1.0,2.706,V,"V:830,?:24",0.000,1.944214075688677e-05,0.0010322414263662255,0.6776135741652982,-,0.6666666666666666
nonstructural_protein_NS3,61,"N:N:10,H:N:1,G:N:1",neutral,1.0,1.580,N,"N:826,H:8,?:19,G:1",0.244,0.02448783389492826,0.05093341907778016,0.6776135741652982,-,0.6666666666666666
nonstructural_protein_NS3,601,T:T:3,neutral,1.0,0.390,T,"T:840,?:14",0.000,0.05903918188973978,0.09541841668341755,0.6776135741652982,-,0.6666666666666666
nonstructural_protein_NS3,602,Y:Y:7,negative,1.0,1.080,Y,"Y:840,?:14",0.000,0.005823849980599816,0.02003603973568383,0.6776135741652982,-,0.6666666666666666
nonstructural_protein_NS3,603,S:S:2,neutral,1.0,0.579,S,"S:840,?:14",0.000,0.03439889317002598,0.0615402163937748,0.6776135741652982,-,0.6666666666666666
nonstructural_protein_NS3,604,D:D:5,neutral,1.0,0.763,D,"D:840,?:14",0.000,0.03131639905601813,0.059587147703742,0.6776135741652982,-,0.6666666666666666
nonstructural_protein_NS3,605,P:P:9,negative,1.0,1.346,P,"P:840,?:14",0.000,0.0002941467814380205,0.0037559036336078915,0.6776135741652982,-,0.6666666666666666
nonstructural_protein_NS3,606,"L:L:13,I:L:1",negative,1.0,1.695,L,"L:839,?:14,I:1",0.000,0.0005692975819602264,0.005034217189048288,0.6776135741652982,-,0.6666666666666666
nonstructural_protein_NS3,607,A:A:5,negative,1.0,0.875,A,"A:840,?:14",0.000,0.01380879950138769,0.03389304986964656,0.6776135741652982,-,0.6666666666666666
nonstructural_protein_NS3,608,L:L:6,negative,1.0,0.872,L,"L:840,?:14",0.000,0.003424614800642822,0.014619562493778666,0.6776135741652982,-,0.6666666666666666
nonstructural_protein_NS3,609,K:K:6,negative,1.0,1.469,K,"K:839,?:15",0.000,0.006064116647192308,0.020136625957068437,0.6776135741652982,-,0.6666666666666666
nonstructural_protein_NS3,610,"E:G:1,E:E:1",neutral,1.0,0.360,E,"E:839,G:1,?:14",0.000,0.1988370155960544,0.25173883024938354,0.6776135741652982,-,0.6666666666666666
nonstructural_protein_NS3,62,G:G:12,negative,1.0,2.778,G,"G:834,?:20",0.000,9.200469587089533e-05,0.0017257850528510366,0.6776135741652982,-,0.6666666666666666
nonstructural_protein_NS3,611,F:F:10,negative,1.0,1.628,F,"F:840,?:14",0.000,6.427128003494431e-05,0.0013570299824465855,0.6776135741652982,-,0.6666666666666666
nonstructural_protein_NS3,612,K:K:2,neutral,1.0,0.485,K,"K:841,?:13",0.000,0.1135680086201108,0.15976953939965588,0.6776135741652982,-,0.6666666666666666
nonstructural_protein_NS3,613,"D:D:6,D:E:1",neutral,1.0,0.979,D,"D:825,?:14,E:15",0.265,0.1664793760415159,0.21740661132847752,0.6776135741652982,-,0.6461252303502174
nonstructural_protein_NS3,614,F:F:1,neutral,1.0,0.150,F,"F:841,?:13",0.000,0.2113206207937586,0.26425750357845773,0.6776135741652982,-,0.6666666666666666
nonstructural_protein_NS3,615,A:A:4,negative,1.0,1.017,A,"A:841,?:13",0.000,0.006459058108712279,0.0207158392191342,0.6776135741652982,-,0.6666666666666666
nonstructural_protein_NS3,616,A:A:1,neutral,1.0,0.129,A,"A:841,?:13",0.000,0.2831792525149095,0.33839373997438027,0.6776135741652982,-,0.6666666666666666
nonstructural_protein_NS3,617,G:G:8,negative,1.0,1.071,G,"G:841,?:13",0.000,0.01024367688539995,0.027927639785610008,0.6776135741652982,-,0.6666666666666666
nonstructural_protein_NS3,618,R:R:4,negative,1.0,1.331,R,"R:841,?:13",0.000,0.0084473511996086,0.024781565841505798,0.6776135741652982,-,0.6666666666666666
nonstructural_protein_NS3,619,K:K:2,neutral,1.0,0.464,K,"K:841,?:13",0.000,0.1201756463025899,0.16567644779800256,0.6776135741652982,-,0.6666666666666666
nonstructural_protein_NS3,63,K:K:3,negative,1.0,1.101,K,"K:834,?:20",0.000,0.02332163958475197,0.04926994847427123,0.6776135741652982,-,0.6666666666666666
nonstructural_protein_NS3,64,R:R:3,negative,1.0,1.017,R,"R:835,?:19",0.000,0.02170169811190381,0.04616271866415278,0.6776135741652982,-,0.6666666666666666
nonstructural_protein_NS3,65,L:L:7,neutral,1.0,0.673,L,"L:835,?:19",0.000,0.02656121747208529,0.05286621741228551,0.6776135741652982,-,0.6666666666666666
nonstructural_protein_NS3,66,NA,neutral,1.0,0.000,E,"E:834,?:20",0.000,1.0,1.0,0.6776135741652982,-,0.6666666666666666
nonstructural_protein_NS3,67,P:P:2,neutral,1.0,0.582,P,"P:835,?:19",0.000,0.03298812321793443,0.06055868963309985,0.6776135741652982,-,0.6666666666666666
nonstructural_protein_NS3,68,"N:N:11,N:S:1",negative,1.0,1.820,N,"N:833,?:20,S:1",0.000,0.0009902172115027197,0.006900637673804815,0.6776135741652982,-,0.6666666666666666
nonstructural_protein_NS3,69,NA,neutral,1.0,0.153,W,"W:835,?:19",0.000,1.0,1.0,0.6776135741652982,-,0.6666666666666666
nonstructural_protein_NS3,70,A:A:8,negative,1.0,1.105,A,"A:835,?:19",0.000,0.001929141696542569,0.010206313762050001,0.6776135741652982,-,0.6666666666666666
nonstructural_protein_NS3,8,P:P:15,negative,1.0,2.273,P,"P:829,?:25",0.000,3.089007838408264e-06,0.0004780239629936789,0.6776135741652982,-,0.6666666666666666
nonstructural_protein_NS3,71,"S:S:11,N:S:2",negative,1.0,1.826,S,"S:833,N:2,?:19",0.000,0.0005217953355393101,0.004820765861176611,0.6776135741652982,-,0.6666666666666666
nonstructural_protein_NS3,72,V:V:4,negative,1.0,0.879,V,"V:835,?:19",0.000,0.00960818044376488,0.026911600428463623,0.6776135741652982,-,0.6666666666666666
nonstructural_protein_NS3,73,"K:K:5,K:R:2",neutral,1.0,1.893,K,"K:832,?:19,R:3",0.270,0.03652496779474834,0.06441297739301774,0.6776135741652982,-,0.6666666666666666
nonstructural_protein_NS3,74,NA,neutral,1.0,0.000,K,"K:835,?:19",0.000,0.9999999524423742,1.0,0.6776135741652982,-,0.6666666666666666
nonstructural_protein_NS3,75,D:D:7,negative,1.0,1.088,D,"D:835,?:19",0.000,0.01051767099036338,0.028062234237219534,0.6776135741652982,-,0.6666666666666666
nonstructural_protein_NS3,76,L:L:4,neutral,1.0,0.382,L,"L:835,?:19",0.000,0.0943720782776184,0.13616856982248435,0.6776135741652982,-,0.6666666666666666
nonstructural_protein_NS3,77,I:I:4,neutral,1.0,0.544,I,"I:834,?:20",0.000,0.02577192962778074,0.05232978126108988,0.6776135741652982,-,0.6666666666666666
nonstructural_protein_NS3,78,S:S:1,neutral,1.0,0.292,S,"S:835,?:19",0.000,0.1332632669879443,0.17932600492508158,0.6776135741652982,-,0.6666666666666666
nonstructural_protein_NS3,79,Y:Y:5,negative,1.0,0.804,Y,"Y:835,?:19",0.000,0.01779978410476624,0.04016795701400579,0.6776135741652982,-,0.6666666666666666
nonstructural_protein_NS3,80,G:G:1,neutral,1.0,0.292,G,"G:835,?:19",0.000,0.2199623085280301,0.27193881538132114,0.6776135741652982,-,0.6666666666666666
nonstructural_protein_NS3,9,S:S:8,negative,1.0,1.286,S,"S:828,?:26",0.000,0.003318906377142716,0.014266925533956068,0.6776135741652982,-,0.6666666666666666
nonstructural_protein_NS3,81,NA,neutral,1.0,0.000,G,"G:835,?:19",0.000,0.9999999663716803,1.0,0.6776135741652982,-,0.6666666666666666
nonstructural_protein_NS3,82,G:G:2,neutral,1.0,0.582,G,"G:835,?:19",0.000,0.08339332140538802,0.12422559075271743,0.6776135741652982,-,0.6666666666666666
nonstructural_protein_NS3,83,NA,neutral,1.0,0.153,W,"W:835,?:19",0.000,1.0,1.0,0.6776135741652982,-,0.6666666666666666
nonstructural_protein_NS3,84,"K:R:1,R:R:1",neutral,1.0,0.335,R,"R:834,K:1,?:19",0.000,0.185713499284533,0.2394930334523457,0.6776135741652982,-,0.6666666666666666
nonstructural_protein_NS3,85,L:L:9,negative,1.0,0.921,L,"L:834,?:20",0.000,0.009779736820654361,0.02714644435867735,0.6776135741652982,-,0.6666666666666666
nonstructural_protein_NS3,86,"S:S:3,N:S:1,G:S:2,R:S:1",neutral,1.0,0.473,S,"S:823,N:9,G:2,?:19,R:1",0.221,0.4871415175066058,0.5594445256708516,0.6776135741652982,-,0.6258839162435281
nonstructural_protein_NS3,87,"A:A:3,A:S:1,A:T:2",neutral,1.0,0.883,A,"A:826,S:1,?:20,T:7",0.166,0.1150445117691948,0.16111437281703977,0.6776135741652982,-,0.6666666666666666
nonstructural_protein_NS3,88,Q:Q:1,neutral,1.0,0.360,Q,"Q:835,?:19",0.000,0.2903984188584871,0.3437029087445574,0.6776135741652982,-,0.6666666666666666
nonstructural_protein_NS3,89,NA,neutral,1.0,0.153,W,"W:835,?:19",0.000,1.0,1.0,0.6776135741652982,-,0.6666666666666666
nonstructural_protein_NS3,90,Q:Q:3,neutral,1.0,1.097,Q,"Q:835,?:19",0.000,0.06599917539636535,0.10342655587430417,0.6776135741652982,-,0.6666666666666666
nonstructural_protein_NS3,10,P:P:9,negative,1.0,1.319,P,"P:828,?:26",0.000,0.0003276555673906723,0.0037559036336078915,0.6776135741652982,-,0.6666666666666666
nonstructural_protein_NS3,91,"K:K:17,K:R:2",negative,1.0,4.601,K,"K:832,?:20,R:2",0.000,2.044626065234034e-06,0.00042187451145995564,0.6776135741652982,-,0.6666666666666666
nonstructural_protein_NS3,92,G:G:10,negative,1.0,2.592,G,"G:834,?:20",0.000,0.0002093149767447011,0.0031243653685444394,0.6776135741652982,-,0.6666666666666666
nonstructural_protein_NS3,93,E:E:3,neutral,1.0,0.731,E,"E:835,?:19",0.000,0.05628868828169598,0.09145065104034071,0.6776135741652982,-,0.6666666666666666
nonstructural_protein_NS3,94,"E:E:3,D:E:1",neutral,1.0,0.705,E,"E:834,D:1,?:19",0.000,0.06000683650026328,0.09624867158858083,0.6776135741652982,-,0.6666666666666666
nonstructural_protein_NS3,95,V:V:2,neutral,1.0,0.433,V,"V:835,?:19",0.000,0.06807974605010891,0.105562230412736,0.6776135741652982,-,0.6666666666666666
nonstructural_protein_NS3,96,Q:Q:2,neutral,1.0,0.468,Q,"Q:835,?:19",0.000,0.222422939683347,0.2720944657391142,0.6776135741652982,-,0.6666666666666666
nonstructural_protein_NS3,97,V:V:5,negative,1.0,0.663,V,"V:834,?:20",0.000,0.01575505007956646,0.03652575280618591,0.6776135741652982,-,0.6666666666666666
nonstructural_protein_NS3,98,"I:I:13,I:V:1",negative,1.0,1.858,I,"I:834,?:19,V:1",0.000,4.851598615474018e-05,0.0012918023826288124,0.6776135741652982,-,0.6666666666666666
nonstructural_protein_NS3,99,A:A:6,negative,1.0,0.869,A,"A:835,?:19",0.000,0.006176828895700592,0.020337537693822696,0.6776135741652982,-,0.6666666666666666
nonstructural_protein_NS3,100,"I:V:4,V:V:5",negative,1.0,1.492,V,"V:827,I:6,?:21",0.167,0.01746001738706693,0.03958883063221402,0.6776135741652982,-,0.6666666666666666
nonstructural_protein_NS1,1,D:D:6,neutral,1.0,0.000,D,"D:1486,?:5",0.000,1.0,1.0,1.0,-,1.0
nonstructural_protein_NS1,2,"K:M:1,M:T:12,I:M:1",neutral,1.0,2.751,M,"M:1426,K:1,?:6,T:56,I:2",0.566,0.3342848483345473,0.3870666664926337,0.6723973256924546,-,0.5926574301570826
nonstructural_protein_NS1,11,"K:R:3,K:K:3,K:Q:1",neutral,1.0,0.598,K,"K:1482,?:4,R:4,Q:1",0.184,0.2714946529598433,0.31772454509638226,0.6723973256924546,-,0.6666666666666666
nonstructural_protein_NS1,101,"K:R:2,K:K:8,E:K:2",negative,1.0,1.616,K,"K:1465,?:22,R:2,E:2",0.000,0.0006066183027045868,0.0020336156433525196,0.6723973256924546,-,0.6666666666666666
nonstructural_protein_NS1,102,R:R:2,neutral,1.0,0.372,R,"R:1470,?:21",0.000,0.08406347725853469,0.10767443525593066,0.6723973256924546,-,0.6666666666666666
nonstructural_protein_NS1,103,"I:T:8,S:T:1,T:T:3,A:T:4",neutral,1.0,0.491,T,"T:1443,?:20,I:15,S:1,A:12",0.426,0.854245049280141,0.9367422347246406,0.6723973256924546,-,0.6666666666666666
nonstructural_protein_NS1,104,L:L:18,negative,1.0,0.866,L,"L:1470,?:21",0.000,0.00137385941658863,0.003748825694877502,0.6723973256924546,-,0.6666666666666666
nonstructural_protein_NS1,105,"T:T:4,I:T:1,A:T:3",negative,1.0,0.646,T,"T:1467,?:20,I:1,A:3",0.000,0.006659326951146904,0.012763933539507315,0.6723973256924546,-,0.6666666666666666
nonstructural_protein_NS1,106,"P:S:2,L:P:5,P:P:4,P:Q:2,P:T:1",negative,1.0,0.643,P,"P:1460,?:20,S:2,L:6,Q:2,T:1",0.070,0.02275636591905783,0.0348271339282972,0.6723973256924546,-,0.6666666666666666
nonstructural_protein_NS1,107,Q:Q:11,negative,1.0,2.014,Q,"Q:1460,?:31",0.000,0.0009772460531158877,0.0028906774008133824,0.6723973256924546,-,0.6666666666666666
nonstructural_protein_NS1,108,"P:P:11,P:S:2",negative,1.0,1.057,P,"P:1468,?:21,S:2",0.000,1.5726064531707e-05,0.00014826545899001973,0.6723973256924546,-,0.6666666666666666
nonstructural_protein_NS1,109,"M:T:3,K:M:1,I:M:1",neutral,1.0,0.000,M,"M:1461,?:24,T:3,K:1,I:2",0.079,0.9669129425182565,1.0,0.6723973256924546,-,0.6647417596660393
nonstructural_protein_NS1,110,"E:E:6,D:E:3",neutral,1.0,0.803,E,"E:1466,?:21,D:4",0.178,0.1036384911709667,0.12982472915366647,0.6723973256924546,-,0.6666666666666666
nonstructural_protein_NS1,12,E:E:1,neutral,1.0,0.198,E,"E:1487,?:4",0.000,0.2182411849117962,0.26154261200271256,0.6723973256924546,-,0.6666666666666666
nonstructural_protein_NS1,111,L:L:25,negative,1.0,1.096,L,"L:1469,?:22",0.000,0.0003140658555136344,0.0012421481027056103,0.6723973256924546,-,0.6666666666666666
nonstructural_protein_NS1,112,"K:K:3,K:Q:1",neutral,1.0,0.594,K,"K:1468,?:22,Q:1",0.000,0.03651884884056911,0.0514185391675213,0.6723973256924546,-,0.6666666666666666
nonstructural_protein_NS1,113,"Y:Y:12,H:Y:1",negative,1.0,1.042,Y,"Y:1466,?:24,H:1",0.000,0.0007121988978986415,0.002264856342352266,0.6723973256924546,-,0.6666666666666666
nonstructural_protein_NS1,114,S:S:4,negative,1.0,0.638,S,S:1491,0.000,0.005016424695821753,0.010448411200764835,0.6723973256924546,-,0.6666666666666666
nonstructural_protein_NS1,115,NA,neutral,1.0,0.000,W,W:1491,0.000,1.0,1.0,1.0,-,1.0
nonstructural_protein_NS1,116,"K:K:2,K:R:2",neutral,1.0,0.397,K,"K:1489,R:2",0.000,0.08721816034719454,0.11123475522540753,0.6723973256924546,-,0.6666666666666666
nonstructural_protein_NS1,117,"T:T:13,A:T:2,M:T:1,I:T:1",negative,1.0,1.792,T,"T:1484,A:3,M:1,I:1,?:2",0.107,9.16230356434733e-05,0.0004961739776385015,0.6723973256924546,-,0.6666666666666666
nonstructural_protein_NS1,118,NA,neutral,1.0,0.000,W,W:1491,0.000,1.0,1.0,1.0,-,1.0
nonstructural_protein_NS1,119,"G:G:3,E:G:1",neutral,1.0,0.483,G,"G:1490,E:1",0.000,0.0435557062744415,0.05949116488987172,0.6723973256924546,-,0.6666666666666666
nonstructural_protein_NS1,120,"K:K:8,K:R:1",neutral,1.0,1.083,K,"K:1488,R:2,?:1",0.188,0.04273950687254036,0.05899728007503611,0.6723973256924546,-,0.6666666666666666
nonstructural_protein_NS1,13,"L:L:22,L:P:1",negative,1.0,1.927,L,"L:1480,?:10,P:1",0.000,4.098844708089189e-09,3.3815679714166433e-07,0.6723973256924546,-,0.6666666666666666
nonstructural_protein_NS1,121,"A:A:6,A:S:1,A:G:1",negative,1.0,1.047,A,"A:1486,S:2,?:2,G:1",0.105,0.006647181368518273,0.012763933539507315,0.6723973256924546,-,0.6666666666666666
nonstructural_protein_NS1,122,"K:K:10,K:R:5",negative,1.0,2.001,K,"K:1462,R:22,?:7",0.370,0.01146617588490695,0.019980662928154688,0.6723973256924546,-,0.6666666666666666
nonstructural_protein_NS1,123,"I:M:1,I:V:3,I:L:1,I:I:1",neutral,1.0,0.808,I,"I:1481,M:3,V:5,?:1,L:1",0.178,0.2689203145015149,0.31765084129037996,0.6723973256924546,-,0.6666666666666666
nonstructural_protein_NS1,124,"M:V:1,V:V:5",negative,1.0,0.590,V,"V:1490,M:1",0.000,0.00646114408678633,0.012763933539507315,0.6723973256924546,-,0.6666666666666666
nonstructural_protein_NS1,125,"A:T:3,I:T:1,T:T:2",neutral,1.0,0.322,T,"T:1486,A:3,I:2",0.107,0.3502356124592568,0.40420634618248646,0.6723973256924546,-,0.6666666666666666
nonstructural_protein_NS1,126,A:A:4,neutral,1.0,0.258,A,"A:1490,?:1",0.000,0.0502327431512547,0.067231656232858,0.6723973256924546,-,0.6666666666666666
nonstructural_protein_NS1,127,E:E:3,negative,1.0,0.598,E,E:1491,0.000,0.03269246218694821,0.047818085704138584,0.6723973256924546,-,0.6666666666666666
nonstructural_protein_NS1,128,"A:T:1,I:T:15,I:M:1,N:T:1,T:T:4,M:T:1",neutral,1.0,0.773,T,"T:1356,A:1,I:128,?:3,M:2,N:1",0.969,0.6970311732294364,0.7739904510307938,0.6723973256924546,-,0.519752749406719
nonstructural_protein_NS1,129,Q:Q:7,negative,1.0,1.406,Q,"Q:1490,?:1",0.000,0.006172369851389581,0.012274995410673065,0.6723973256924546,-,0.6666666666666666
nonstructural_protein_NS1,130,N:N:9,negative,1.0,0.641,N,N:1491,0.000,0.009288789299634725,0.016681907313629712,0.6723973256924546,-,0.6666666666666666
nonstructural_protein_NS1,14,"K:K:5,K:L:1",negative,1.0,0.989,K,"K:1484,?:6,L:1",0.000,0.006989907196610412,0.013087485814930133,0.6723973256924546,-,0.6666666666666666
nonstructural_protein_NS1,131,"F:S:7,S:T:1,S:S:14",negative,1.0,1.272,S,"S:1481,F:8,T:1,?:1",0.090,0.0002646703609544554,0.0010960466712466859,0.6723973256924546,-,0.6666666666666666
nonstructural_protein_NS1,132,"S:S:14,P:S:1,F:S:1",negative,1.0,0.904,S,"S:1487,?:2,P:1,F:1",0.000,0.000108240264235171,0.0005686652688176148,0.6723973256924546,-,0.6666666666666666
nonstructural_protein_NS1,133,F:F:13,negative,1.0,1.421,F,"F:1489,?:2",0.000,4.618894293817455e-06,5.431536840987406e-05,0.6723973256924546,-,0.6666666666666666
nonstructural_protein_NS1,134,"I:I:3,I:L:1",negative,1.0,2.359,I,"I:1489,?:1,L:1",0.000,0.0002132193858412901,0.0009622208181555656,0.6723973256924546,-,0.6666666666666666
nonstructural_protein_NS1,135,I:V:1,neutral,1.0,0.000,I,"I:1489,?:1,V:1",0.000,1.0,1.0,0.6723973256924546,-,0.6666666666666666
nonstructural_protein_NS1,136,D:D:9,negative,1.0,0.738,D,"D:1489,?:2",0.000,0.005795764901946776,0.011724765778650949,0.6723973256924546,-,0.6666666666666666
nonstructural_protein_NS1,137,G:G:6,negative,1.0,0.729,G,"G:1490,?:1",0.000,0.008749232746993574,0.015793486804829424,0.6723973256924546,-,0.6666666666666666
nonstructural_protein_NS1,138,"P:P:6,P:Q:1,L:P:1,P:S:1",negative,1.0,0.967,P,"P:1486,Q:1,?:1,L:1,S:2",0.071,0.002516906999281643,0.005945981635886834,0.6723973256924546,-,0.6666666666666666
nonstructural_protein_NS1,139,"N:N:9,N:S:4,H:N:2,D:N:1",negative,1.0,0.994,N,"N:1480,S:6,H:2,?:2,D:1",0.166,0.03450222741926634,0.04961884849830663,0.6723973256924546,-,0.6666666666666666
nonstructural_protein_NS1,140,T:T:4,negative,1.0,0.644,T,"T:1490,?:1",0.000,0.006710416761593785,0.012763933539507315,0.6723973256924546,-,0.6666666666666666
nonstructural_protein_NS1,15,C:C:12,negative,1.0,0.912,C,"C:1483,?:8",0.000,0.0006544790329081618,0.0021331168479969717,0.6723973256924546,-,0.6666666666666666
nonstructural_protein_NS1,141,"P:P:14,P:S:1,S:S:1",negative,1.0,1.920,P,"P:1475,?:11,S:5",0.071,9.467994672718305e-07,2.082958827998027e-05,0.6723973256924546,-,0.3281850138095164
nonstructural_protein_NS1,142,E:E:6,negative,1.0,0.793,E,"E:1483,?:8",0.000,0.01001613244183941,0.017716977987575235,0.6723973256924546,-,0.6666666666666666
nonstructural_protein_NS1,143,C:C:6,negative,1.0,0.422,C,"C:1484,?:7",0.000,0.01902949002495324,0.030172885084610544,0.6723973256924546,-,0.6666666666666666
nonstructural_protein_NS1,144,"P:S:2,P:P:3",negative,1.0,0.483,P,"P:1483,?:6,S:2",0.000,0.007745175313407238,0.014125915597509574,0.6723973256924546,-,0.6666666666666666
nonstructural_protein_NS1,145,"N:S:9,S:S:9,N:N:1,R:S:1",neutral,1.0,0.785,S,"S:1354,?:12,N:124,R:1",0.566,0.5672961213918863,0.6359497921335796,0.6723973256924546,-,0.6666666666666666
nonstructural_protein_NS1,146,"A:A:12,A:T:5,A:V:4,S:T:1",neutral,1.0,1.136,A,"A:1351,?:6,T:35,V:98,S:1",0.424,0.07016287584561265,0.09113406751902454,0.6723973256924546,-,0.5747190437732489
nonstructural_protein_NS1,147,"S:S:5,A:S:1,L:S:7",neutral,1.0,0.793,S,"S:1464,?:6,A:1,L:20",0.483,0.4400390133816048,0.5012742158910191,0.6723973256924546,-,0.6666666666666666
nonstructural_protein_NS1,148,R:R:1,neutral,1.0,0.185,R,"R:1485,?:6",0.000,0.2184475225249929,0.26154261200271256,0.6723973256924546,-,0.6666666666666666
nonstructural_protein_NS1,149,A:A:3,negative,1.0,0.487,A,"A:1483,?:8",0.000,0.0179306839614447,0.02908571776234348,0.6723973256924546,-,0.6666666666666666
nonstructural_protein_NS1,150,NA,neutral,1.0,0.153,W,"W:1484,?:7",0.000,1.0,1.0,0.6723973256924546,-,0.6666666666666666
nonstructural_protein_NS1,16,G:G:1,neutral,1.0,0.161,G,"G:1488,?:3",0.000,0.2443199672697037,0.2895644056529822,0.6723973256924546,-,0.6666666666666666
nonstructural_protein_NS1,151,"N:N:6,K:N:1",negative,1.0,0.422,N,"N:1484,?:6,K:1",0.000,0.03429515922731718,0.04961884849830663,0.6723973256924546,-,0.6666666666666666
nonstructural_protein_NS1,152,V:V:3,negative,1.0,0.353,V,"V:1487,?:4",0.000,0.03489154432955288,0.049667502324142285,0.6723973256924546,-,0.6666666666666666
nonstructural_protein_NS1,153,NA,neutral,1.0,0.153,W,"W:1487,?:4",0.000,1.0,1.0,0.6723973256924546,-,0.6666666666666666
nonstructural_protein_NS1,154,"E:E:3,E:G:1",neutral,1.0,0.394,E,"E:1486,?:4,G:1",0.000,0.06879370726524614,0.08968661095320979,0.6723973256924546,-,0.6666666666666666
nonstructural_protein_NS1,155,V:V:4,negative,1.0,0.482,V,"V:1488,?:3",0.000,0.01401231039066175,0.023487301226252078,0.6723973256924546,-,0.6666666666666666
nonstructural_protein_NS1,156,E:E:4,negative,1.0,0.800,E,"E:1488,?:3",0.000,0.01365084997376387,0.023082217163354173,0.6723973256924546,-,0.6666666666666666
nonstructural_protein_NS1,157,D:D:10,negative,1.0,0.717,D,"D:1488,?:3",0.000,0.005523352470222176,0.011369708008878397,0.6723973256924546,-,0.6666666666666666
nonstructural_protein_NS1,158,"Y:Y:14,N:Y:1",negative,1.0,1.578,Y,"Y:1485,?:5,N:1",0.000,5.466448856250583e-05,0.00032913171010668095,0.6723973256924546,-,0.6666666666666666
nonstructural_protein_NS1,159,"G:G:11,E:G:1",negative,1.0,1.254,G,"G:1484,?:6,E:1",0.000,0.0005337873974622376,0.0019080669839506939,0.6723973256924546,-,0.6666666666666666
nonstructural_protein_NS1,160,F:F:7,negative,1.0,0.672,F,"F:1479,?:12",0.000,0.001225480528737943,0.0034509531689260473,0.6723973256924546,-,0.6666666666666666
nonstructural_protein_NS1,17,"S:S:9,N:S:5,N:N:2,A:S:1",neutral,1.0,0.815,S,"S:1456,?:4,N:30,A:1",0.859,0.9199886487206627,1.0,0.4435569672720998,-,0.002520210041318749
nonstructural_protein_NS1,161,"G:R:1,G:G:1",neutral,1.0,0.160,G,"G:1486,?:4,R:1",0.000,0.2441056805893241,0.2895644056529822,0.6723973256924546,-,0.6666666666666666
nonstructural_protein_NS1,162,V:V:20,negative,1.0,1.852,V,"V:1483,?:8",0.000,6.94796805422726e-07,1.630456503391997e-05,0.6723973256924546,-,0.6666666666666666
nonstructural_protein_NS1,163,"F:F:9,F:Y:1",negative,1.0,0.986,F,"F:1487,?:3,Y:1",0.000,0.0001334630629583611,0.0006348513265046366,0.6723973256924546,-,0.6666666666666666
nonstructural_protein_NS1,164,"T:T:5,S:T:2",negative,1.0,0.808,T,"T:1479,?:8,S:4",0.107,0.02859423752902801,0.04319816141724403,0.6723973256924546,-,0.6666666666666666
nonstructural_protein_NS1,165,T:T:14,negative,1.0,1.268,T,"T:1488,?:3",0.000,3.622363842026299e-05,0.00027718958095505593,0.6723973256924546,-,0.6666666666666666
nonstructural_protein_NS1,166,"N:N:15,I:N:1",negative,1.0,1.674,N,"N:1488,?:2,I:1",0.000,7.934977413981414e-05,0.0004364237577689778,0.6723973256924546,-,0.6666666666666666
nonstructural_protein_NS1,167,"I:L:1,I:I:2",negative,1.0,1.364,I,"I:1486,?:2,L:3",0.089,0.02468532003087009,0.03761572576132585,0.6723973256924546,-,0.6666666666666666
nonstructural_protein_NS1,168,NA,neutral,1.0,0.153,W,"W:1489,?:2",0.000,1.0,1.0,0.6723973256924546,-,0.6666666666666666
nonstructural_protein_NS1,169,L:L:12,negative,1.0,0.477,L,"L:1489,?:2",0.000,0.01634597318717224,0.02663788223094735,0.6723973256924546,-,0.6666666666666666
nonstructural_protein_NS1,170,"K:R:4,K:K:6",negative,1.0,1.225,K,"K:1455,R:34,?:2",0.184,0.0346838760556073,0.04962896086005597,0.6723973256924546,-,0.6666666666666666
nonstructural_protein_NS1,18,G:G:4,negative,1.0,0.650,G,"G:1489,?:2",0.000,0.01930835498860972,0.030341700696386704,0.6723973256924546,-,0.6666666666666666
nonstructural_protein_NS1,171,L:L:5,negative,1.0,0.471,L,"L:1489,?:2",0.000,0.003853812957344105,0.008365023999287673,0.6723973256924546,-,0.6666666666666666
nonstructural_protein_NS1,172,R:R:10,negative,1.0,1.434,R,"R:1489,?:2",0.000,0.003288598927943531,0.007373164475389317,0.6723973256924546,-,0.6666666666666666
nonstructural_protein_NS1,173,"E:E:6,D:E:1",neutral,1.0,0.807,E,"E:1486,?:2,D:3",0.179,0.1020309278105991,0.12826745210475315,0.6723973256924546,-,0.6666666666666666
nonstructural_protein_NS1,174,"V:V:5,A:V:5,A:T:1,G:V:1,M:V:7,E:V:1,M:T:1,K:M:1",neutral,1.0,0.736,V,"V:1314,?:2,A:15,T:2,G:1,M:146,E:1,K:10",0.502,0.5450968828024976,0.6149810985464075,0.6723973256924546,-,0.6505154697940777
nonstructural_protein_NS1,175,"H:Y:14,Y:Y:13,F:Y:1,N:Y:2,H:H:1",neutral,1.0,1.482,Y,"Y:1459,?:2,H:24,F:4,N:2",0.716,0.1496266347500876,0.184155858153954,0.6723973256924546,-,0.2781876672272107
nonstructural_protein_NS1,176,"T:T:12,S:T:1",negative,1.0,1.113,T,"T:1486,?:3,S:2",0.107,0.002208218313171639,0.00545969824212933,0.6723973256924546,-,0.6666666666666666
nonstructural_protein_NS1,177,"P:Q:1,Q:Q:6",negative,1.0,1.206,Q,"Q:1488,?:2,P:1",0.000,0.01116820998822265,0.0195582582878327,0.6723973256924546,-,0.6666666666666666
nonstructural_protein_NS1,178,"I:M:1,L:M:4,L:L:12,L:Q:1,L:S:3,S:T:3,M:S:1,I:L:2",neutral,0.00815660319710787,1.273,L,"M:403,I:4,?:17,L:591,Q:3,S:426,T:47",1.247,0.9628400518445237,1.0,0.4420267712218759,"overall,bipolar,structure,volume,composition,charge",0.00125575787278942
nonstructural_protein_NS1,179,C:C:5,negative,1.0,0.355,C,"C:1489,?:2",0.000,0.031729624366161,0.046818447744572014,0.6723973256924546,-,0.6666666666666666
nonstructural_protein_NS1,180,D:D:9,negative,1.0,0.991,D,"D:1489,?:2",0.000,0.002288060262573777,0.005554463533972203,0.6723973256924546,-,0.6666666666666666
nonstructural_protein_NS1,19,I:I:17,negative,1.0,1.210,I,"I:1485,?:6",0.000,2.98735048896992e-05,0.0002389880391175936,0.6723973256924546,-,0.6666666666666666
nonstructural_protein_NS1,181,"H:Y:2,H:H:11",negative,1.0,0.861,H,"H:1487,Y:2,?:2",0.000,0.0002262234264740481,0.0009926779999251461,0.6723973256924546,-,0.6666666666666666
nonstructural_protein_NS1,182,"R:R:5,K:R:1",negative,1.0,0.631,R,"R:1488,?:2,K:1",0.000,0.01464014774041078,0.024415871797808603,0.6723973256924546,-,0.6666666666666666
nonstructural_protein_NS1,183,L:L:11,negative,1.0,0.523,L,"L:1489,?:2",0.000,0.01238898943451272,0.021377079808570967,0.6723973256924546,-,0.6666666666666666
nonstructural_protein_NS1,184,NA,neutral,1.0,0.153,M,"M:1489,?:2",0.000,1.0,1.0,0.6723973256924546,-,0.6666666666666666
nonstructural_protein_NS1,185,"S:S:14,A:S:1",negative,1.0,1.697,S,"S:1481,?:9,A:1",0.000,1.566955926679547e-06,2.7578424309560028e-05,0.6723973256924546,-,0.6666666666666666
nonstructural_protein_NS1,186,"A:A:3,A:P:1",negative,1.0,0.483,A,"A:1488,?:2,P:1",0.000,0.01825590103529906,0.029477418185437015,0.6723973256924546,-,0.6666666666666666
nonstructural_protein_NS1,187,A:A:21,negative,1.0,1.899,A,"A:1481,?:10",0.000,3.872192743115122e-07,9.735798896975164e-06,0.6723973256924546,-,0.6666666666666666
nonstructural_protein_NS1,188,"V:V:14,I:V:7,I:I:4",negative,1.0,1.620,V,"V:973,?:10,I:508",0.430,0.007548352052816898,0.013911099071159937,0.6723973256924546,-,0.6666666666666666
nonstructural_protein_NS1,189,K:K:4,negative,1.0,0.585,K,"K:1482,?:9",0.000,0.0317136724437832,0.046818447744572014,0.6723973256924546,-,0.6666666666666666
nonstructural_protein_NS1,190,"D:D:5,D:N:1",neutral,1.0,0.364,D,"D:1487,?:3,N:1",0.000,0.04828316838179803,0.06486898958165233,0.6723973256924546,-,0.6666666666666666
nonstructural_protein_NS1,20,F:F:19,negative,1.0,2.047,F,"F:1489,?:2",0.000,3.767927070352783e-08,1.5818806787927365e-06,0.6723973256924546,-,0.6666666666666666
nonstructural_protein_NS1,191,"E:E:4,E:G:1",negative,1.0,0.531,E,"E:1486,?:4,G:1",0.000,0.03499301300110025,0.049667502324142285,0.6723973256924546,-,0.6666666666666666
nonstructural_protein_NS1,192,"R:R:6,K:R:5",neutral,1.0,0.785,R,"R:1483,?:2,K:6",0.160,0.07861278771191271,0.10136154313037829,0.6723973256924546,-,0.6666666666666666
nonstructural_protein_NS1,193,"A:A:17,A:P:1",negative,1.0,1.615,A,"A:1488,?:2,P:1",0.000,3.249019147055776e-06,4.574618959054533e-05,0.6723973256924546,-,0.6666666666666666
nonstructural_protein_NS1,194,"V:V:13,A:V:1",negative,1.0,1.781,V,"V:1482,?:8,A:1",0.000,3.984209761775936e-06,5.3940070620966515e-05,0.6723973256924546,-,0.6666666666666666
nonstructural_protein_NS1,195,"H:H:16,H:R:1",negative,1.0,1.238,H,"H:1487,?:3,R:1",0.000,9.54224900473477e-06,9.87903426372541e-05,0.6723973256924546,-,0.6666666666666666
nonstructural_protein_NS1,196,"A:A:8,A:V:1",negative,1.0,0.759,A,"A:1487,?:3,V:1",0.000,0.001362771092861204,0.003747620505368311,0.6723973256924546,-,0.6666666666666666
nonstructural_protein_NS1,197,D:D:4,neutral,1.0,0.436,D,"D:1488,?:3",0.000,0.04241384736358489,0.058778245165282995,0.6723973256924546,-,0.6666666666666666
nonstructural_protein_NS1,198,NA,neutral,1.0,0.153,M,"M:1489,?:2",0.000,1.0,1.0,0.6723973256924546,-,0.6666666666666666
nonstructural_protein_NS1,199,G:G:3,neutral,1.0,0.282,G,"G:1489,?:2",0.000,0.09307641050179227,0.11827760468097791,0.6723973256924546,-,0.6666666666666666
nonstructural_protein_NS1,200,Y:Y:11,negative,1.0,0.831,Y,"Y:1484,?:7",0.000,0.002146499528257184,0.005358637120188148,0.6723973256924546,-,0.6666666666666666
nonstructural_protein_NS1,3,G:G:9,negative,1.0,1.078,G,"G:1486,?:5",0.000,0.001412532991055482,0.0038247047142425357,0.6723973256924546,-,0.6666666666666666
nonstructural_protein_NS1,21,V:V:18,negative,1.0,1.655,V,"V:1487,?:4",0.000,2.576222729921973e-06,4.318240004440641e-05,0.6723973256924546,-,0.6666666666666666
nonstructural_protein_NS1,201,NA,neutral,1.0,0.153,W,"W:1488,?:3",0.000,1.0,1.0,0.6723973256924546,-,0.6666666666666666
nonstructural_protein_NS1,202,"I:M:2,I:I:2",negative,1.0,1.607,I,"I:1486,?:3,M:2",0.000,0.00245287401261074,0.00591377844136288,0.6723973256924546,-,0.6666666666666666
nonstructural_protein_NS1,203,E:E:7,negative,1.0,1.409,E,"E:1489,?:2",0.000,0.001092382117427126,0.003151791027330724,0.6723973256924546,-,0.6666666666666666
nonstructural_protein_NS1,204,S:S:6,negative,1.0,0.650,S,"S:1489,?:2",0.000,0.009956588966996138,0.017716977987575235,0.6723973256924546,-,0.6666666666666666
nonstructural_protein_NS1,205,"Q:Q:3,L:Q:1",neutral,1.0,0.599,Q,"Q:1488,?:2,L:1",0.000,0.0732521774828504,0.0947969355660417,0.6723973256924546,-,0.6666666666666666
nonstructural_protein_NS1,206,K:R:1,neutral,1.0,0.000,K,"K:1473,?:2,R:16",0.188,0.1819976650630568,0.22167189654739097,0.6723973256924546,-,0.1989338739777265
nonstructural_protein_NS1,207,"N:N:6,K:N:1,I:N:1",negative,1.0,0.423,N,"N:1487,?:2,K:1,I:1",0.000,0.03415043859270206,0.04961884849830663,0.6723973256924546,-,0.6666666666666666
nonstructural_protein_NS1,208,"E:G:3,G:G:12",negative,1.0,1.710,G,"G:1479,E:10,?:2",0.495,0.03453584625592365,0.04961884849830663,0.6723973256924546,-,0.2590918503870216
nonstructural_protein_NS1,209,S:S:4,neutral,1.0,0.286,S,"S:1488,?:3",0.000,0.06771345539496376,0.08893707574263897,0.6723973256924546,-,0.6666666666666666
nonstructural_protein_NS1,210,NA,neutral,1.0,0.153,W,"W:1488,?:3",0.000,1.0,1.0,0.6723973256924546,-,0.6666666666666666
nonstructural_protein_NS1,22,T:T:30,negative,1.0,2.333,T,"T:1488,?:3",0.000,1.33317212824835e-08,7.821276485723653e-07,0.6723973256924546,-,0.6666666666666666
nonstructural_protein_NS1,211,"K:K:12,K:R:1",negative,1.0,1.610,K,"K:1487,?:3,R:1",0.000,0.0003396114132570016,0.0013136617304007096,0.6723973256924546,-,0.6666666666666666
nonstructural_protein_NS1,212,L:L:12,negative,1.0,0.518,L,"L:1486,?:5",0.000,0.01277723186247703,0.021939442027277635,0.6723973256924546,-,0.6666666666666666
nonstructural_protein_NS1,213,"A:E:1,E:E:3",negative,1.0,0.599,E,"E:1487,?:3,A:1",0.000,0.03273908708720852,0.047818085704138584,0.6723973256924546,-,0.6666666666666666
nonstructural_protein_NS1,214,"K:R:1,K:K:2",neutral,1.0,0.197,K,"K:1487,?:3,R:1",0.000,0.2276237517876076,0.271605290268603,0.6723973256924546,-,0.6666666666666666
nonstructural_protein_NS1,215,A:A:1,neutral,1.0,0.160,A,"A:1488,?:3",0.000,0.1728662792124713,0.21128100792635382,0.6723973256924546,-,0.6666666666666666
nonstructural_protein_NS1,216,S:S:13,negative,1.0,1.158,S,"S:1488,?:3",0.000,2.568546143577599e-05,0.00021178864660738604,0.6723973256924546,-,0.6666666666666666
nonstructural_protein_NS1,217,"L:L:8,F:L:7,I:L:1,F:F:4",negative,1.0,1.183,L,"L:993,?:9,F:488,I:1",0.153,0.001171653335047984,0.0033259836607813743,0.6723973256924546,-,0.6666666666666666
nonstructural_protein_NS1,218,I:V:1,neutral,1.0,0.000,I,"I:1487,?:3,V:1",0.000,1.0,1.0,0.6723973256924546,-,0.6666666666666666
nonstructural_protein_NS1,219,E:E:7,negative,1.0,0.925,E,"E:1488,?:3",0.000,0.005407158700262316,0.011195999191131383,0.6723973256924546,-,0.6666666666666666
nonstructural_protein_NS1,220,V:V:20,negative,1.0,2.497,V,"V:1487,?:4",0.000,3.169048301554511e-08,1.5818806787927365e-06,0.6723973256924546,-,0.6666666666666666
nonstructural_protein_NS1,23,N:N:12,negative,1.0,1.032,N,"N:1487,?:4",0.000,0.001331861668068535,0.0036914591114970414,0.6723973256924546,-,0.6666666666666666
nonstructural_protein_NS1,221,K:K:5,negative,1.0,1.003,K,"K:1488,?:3",0.000,0.006744578518035116,0.012763933539507315,0.6723973256924546,-,0.6666666666666666
nonstructural_protein_NS1,222,T:T:13,negative,1.0,1.205,T,"T:1487,?:4",0.000,5.944154747417052e-05,0.0003374745921114197,0.6723973256924546,-,0.6666666666666666
nonstructural_protein_NS1,223,"C:C:14,C:S:1",negative,1.0,1.370,C,"C:1483,?:7,S:1",0.000,5.376121059352812e-05,0.00032913171010668095,0.6723973256924546,-,0.6666666666666666
nonstructural_protein_NS1,224,"T:T:5,I:T:7,K:T:1,A:T:3",neutral,1.0,0.676,T,"T:1464,I:16,?:7,K:1,A:3",0.432,0.484087016094639,0.5496729989203644,0.6723973256924546,-,0.6647119680423818
nonstructural_protein_NS1,225,NA,neutral,1.0,0.153,W,"W:1488,?:3",0.000,1.0,1.0,0.6723973256924546,-,0.6666666666666666
nonstructural_protein_NS1,226,P:P:7,negative,1.0,1.133,P,"P:1488,?:3",0.000,4.751159413640682e-05,0.0003155487006795321,0.6723973256924546,-,0.6666666666666666
nonstructural_protein_NS1,227,K:K:3,neutral,1.0,0.599,K,"K:1488,?:3",0.000,0.03604833835479226,0.05095990000356175,0.6723973256924546,-,0.6666666666666666
nonstructural_protein_NS1,228,"S:S:3,S:T:1",negative,1.0,0.483,S,"S:1487,?:3,T:1",0.000,0.01476626205818954,0.024415871797808603,0.6723973256924546,-,0.6666666666666666
nonstructural_protein_NS1,229,H:H:24,negative,1.0,2.443,H,"H:1488,?:3",0.000,3.324547526162291e-09,3.3815679714166433e-07,0.6723973256924546,-,0.6666666666666666
nonstructural_protein_NS1,230,T:T:14,negative,1.0,0.940,T,"T:1486,?:5",0.000,0.0002284287443009569,0.0009926779999251461,0.6723973256924546,-,0.6666666666666666
nonstructural_protein_NS1,24,E:E:10,negative,1.0,1.332,E,"E:1489,?:2",0.000,0.0008632183353817213,0.002665375912757596,0.6723973256924546,-,0.6666666666666666
nonstructural_protein_NS1,231,"I:L:1,L:L:12",negative,1.0,0.768,L,"L:1480,?:3,I:8",0.072,0.001908891534885937,0.004799498716284642,0.6723973256924546,-,0.6666666666666666
nonstructural_protein_NS1,232,NA,neutral,1.0,0.153,W,"W:1488,?:3",0.000,1.0,1.0,0.6723973256924546,-,0.6666666666666666
nonstructural_protein_NS1,233,"S:S:19,S:T:4",negative,1.0,2.097,S,"S:1484,T:4,?:3",0.000,2.910443048120825e-06,4.574618959054533e-05,0.6723973256924546,-,0.6666666666666666
nonstructural_protein_NS1,234,N:N:9,negative,1.0,0.703,N,"N:1475,?:16",0.000,0.007211766433072864,0.013412226576724999,0.6723973256924546,-,0.6666666666666666
nonstructural_protein_NS1,235,"G:G:6,A:G:1",neutral,1.0,0.361,G,"G:1479,?:11,A:1",0.000,0.048003235872354,0.06473999627229352,0.6723973256924546,-,0.6666666666666666
nonstructural_protein_NS1,236,"V:V:11,G:V:1",negative,1.0,1.417,V,"V:1463,?:27,G:1",0.000,3.188743936266558e-05,0.0002494306367924063,0.6723973256924546,-,0.6666666666666666
nonstructural_protein_NS1,237,"L:L:17,L:V:1,L:Q:1",negative,1.0,0.842,L,"L:1474,?:15,V:1,Q:1",0.000,0.001632270741363184,0.004163808241019397,0.6723973256924546,-,0.6666666666666666
nonstructural_protein_NS1,238,E:E:6,negative,1.0,0.793,E,"E:1481,?:10",0.000,0.009972431519542302,0.017716977987575235,0.6723973256924546,-,0.6666666666666666
nonstructural_protein_NS1,239,"S:S:2,N:S:1",neutral,1.0,0.140,S,"S:1480,?:10,N:1",0.000,0.2000139557631101,0.2419412798234184,0.6723973256924546,-,0.6666666666666666
nonstructural_protein_NS1,240,D:D:13,negative,1.0,1.423,D,"D:1481,?:10",0.000,0.0002582926552450182,0.001082369221979124,0.6723973256924546,-,0.6666666666666666
nonstructural_protein_NS1,25,"V:V:8,I:V:1",negative,1.0,0.753,V,"V:1478,?:12,I:1",0.000,0.001503576734014467,0.004009537957371912,0.6723973256924546,-,0.6666666666666666
nonstructural_protein_NS1,241,NA,neutral,1.0,0.153,M,"M:1483,?:8",0.000,1.0,1.0,0.6723973256924546,-,0.6666666666666666
nonstructural_protein_NS1,242,"I:I:9,I:V:2",negative,1.0,0.905,I,"I:1463,?:26,V:2",0.000,0.0005541973065047445,0.0019080669839506939,0.6723973256924546,-,0.6666666666666666
nonstructural_protein_NS1,243,I:I:7,negative,1.0,0.586,I,"I:1464,?:27",0.000,0.004364675166602328,0.009311307022084965,0.6723973256924546,-,0.6666666666666666
nonstructural_protein_NS1,244,P:P:1,neutral,1.0,0.160,P,"P:1466,?:25",0.000,0.12443963226563,0.15532890268617644,0.6723973256924546,-,0.6666666666666666
nonstructural_protein_NS1,245,"K:K:4,K:R:1",neutral,1.0,0.528,K,"K:1467,?:23,R:1",0.000,0.03988339061049506,0.055710132916247074,0.6723973256924546,-,0.6666666666666666
nonstructural_protein_NS1,246,"G:S:1,S:S:7,S:T:1",negative,1.0,0.500,S,"S:1468,?:21,G:1,T:1",0.000,0.01591988961023816,0.02606419136187829,0.6723973256924546,-,0.6666666666666666
nonstructural_protein_NS1,247,L:L:24,negative,1.0,0.983,L,"L:1469,?:22",0.000,0.0006441629815031602,0.002119115602701985,0.6723973256924546,-,0.6666666666666666
nonstructural_protein_NS1,248,A:A:6,negative,1.0,0.370,A,"A:1463,?:28",0.000,0.0185942337764059,0.029886622325547382,0.6723973256924546,-,0.6666666666666666
nonstructural_protein_NS1,249,G:G:10,negative,1.0,0.605,G,"G:1471,?:20",0.000,0.01063698299028415,0.018721090062900105,0.6723973256924546,-,0.6666666666666666
nonstructural_protein_NS1,250,P:P:27,negative,1.0,1.736,P,"P:1464,?:27",0.000,4.803363595762278e-09,3.3815679714166433e-07,0.6723973256924546,-,0.6666666666666666
nonstructural_protein_NS1,26,H:H:21,negative,1.0,1.854,H,"H:1462,?:29",0.000,1.173864184744744e-07,3.178463023308845e-06,0.6723973256924546,-,0.6666666666666666
nonstructural_protein_NS1,251,"I:T:1,I:I:18,F:I:1,I:V:2,V:V:1",negative,1.0,1.338,I,"I:1459,?:21,T:1,F:1,V:9",0.105,0.0002884970894098116,0.0011672525916350998,0.6723973256924546,-,0.6666666666666666
nonstructural_protein_NS1,252,S:S:8,negative,1.0,1.013,S,"S:1462,?:29",0.000,0.0002254346039559652,0.0009926779999251461,0.6723973256924546,-,0.6666666666666666
nonstructural_protein_NS1,253,Q:Q:2,neutral,1.0,0.398,Q,"Q:1472,?:19",0.000,0.1439283505119368,0.1777641381761465,0.6723973256924546,-,0.6666666666666666
nonstructural_protein_NS1,254,H:H:19,negative,1.0,2.128,H,"H:1473,?:18",0.000,5.584727458263217e-08,1.7871127866442293e-06,0.6723973256924546,-,0.6666666666666666
nonstructural_protein_NS1,255,"N:N:11,K:N:1",negative,1.0,1.182,N,"N:1471,?:19,K:1",0.000,0.0009320972616538858,0.0028042584282236566,0.6723973256924546,-,0.6666666666666666
nonstructural_protein_NS1,256,"Y:Y:5,H:Y:17,H:Q:1,H:H:8,H:N:1,F:Y:1",neutral,1.0,1.447,Y,"Y:737,?:20,H:731,Q:1,N:1,F:1",1.104,0.5408455366665517,0.6121467167415633,0.6723973256924546,-,0.6666666666666666
nonstructural_protein_NS1,257,R:R:10,negative,1.0,1.270,R,"R:1471,?:20",0.000,0.0005524045121684251,0.0019080669839506939,0.6723973256924546,-,0.6666666666666666
nonstructural_protein_NS1,258,"P:S:1,P:P:30,L:P:1",negative,1.0,2.766,P,"P:1470,?:19,S:1,L:1",0.000,2.687960964919967e-12,9.461622596518284e-10,0.6723973256924546,-,0.6666666666666666
nonstructural_protein_NS1,259,G:G:7,negative,1.0,0.912,G,"G:1470,?:21",0.000,0.00380123875817362,0.008310782875013132,0.6723973256924546,-,0.6666666666666666
nonstructural_protein_NS1,260,"Y:Y:13,F:Y:1",negative,1.0,1.440,Y,"Y:1471,?:19,F:1",0.000,0.000111750597637017,0.0005711407699440725,0.6723973256924546,-,0.6666666666666666
nonstructural_protein_NS1,27,"T:T:16,A:T:1,I:T:1",negative,1.0,1.516,T,"T:1475,?:14,A:1,I:1",0.000,7.270438905693233e-06,7.997482796262556e-05,0.6723973256924546,-,0.6666666666666666
nonstructural_protein_NS1,261,"H:H:12,H:Q:1,H:Y:3",negative,1.0,1.332,H,"H:1466,?:21,Q:1,Y:3",0.000,1.600593023187713e-05,0.00014826545899001973,0.6723973256924546,-,0.6666666666666666
nonstructural_protein_NS1,262,T:T:18,negative,1.0,1.647,T,"T:1472,?:19",0.000,3.130428565256693e-06,4.574618959054533e-05,0.6723973256924546,-,0.6666666666666666
nonstructural_protein_NS1,263,Q:Q:10,negative,1.0,1.826,Q,"Q:1472,?:19",0.000,0.001691469798839051,0.004283434310729108,0.6723973256924546,-,0.6666666666666666
nonstructural_protein_NS1,264,T:T:8,negative,1.0,0.950,T,"T:1473,?:18",0.000,0.0005583264185992087,0.0019080669839506939,0.6723973256924546,-,0.6666666666666666
nonstructural_protein_NS1,265,"A:A:9,A:T:2",negative,1.0,1.345,A,"A:1470,?:19,T:2",0.000,7.011564263181835e-05,0.0003917572413714295,0.6723973256924546,-,0.6666666666666666
nonstructural_protein_NS1,266,G:G:4,negative,1.0,0.651,G,"G:1472,?:19",0.000,0.01940396198706351,0.030356420530872695,0.6723973256924546,-,0.6666666666666666
nonstructural_protein_NS1,267,P:P:19,negative,1.0,1.664,P,"P:1463,?:28",0.000,4.044581281004156e-08,1.5818806787927365e-06,0.6723973256924546,-,0.6666666666666666
nonstructural_protein_NS1,268,"R:W:1,L:W:1",neutral,1.0,0.000,W,"W:1471,?:18,R:1,L:1",0.000,1.0,1.0,0.6723973256924546,-,0.6666666666666666
nonstructural_protein_NS1,269,H:H:7,negative,1.0,0.684,H,"H:1472,?:19",0.000,0.00153941237900046,0.0040742342662267814,0.6723973256924546,-,0.6666666666666666
nonstructural_protein_NS1,270,L:L:15,negative,1.0,0.960,L,"L:1473,?:18",0.000,0.00102143616201833,0.0029853157928030134,0.6723973256924546,-,0.6666666666666666
nonstructural_protein_NS1,28,NA,neutral,1.0,0.153,W,"W:1481,?:10",0.000,1.0,1.0,0.6723973256924546,-,0.6666666666666666
nonstructural_protein_NS1,271,"G:G:7,E:G:2",negative,1.0,1.128,G,"G:1470,?:18,E:3",0.167,0.02826003591418647,0.042877295869800165,0.6723973256924546,-,0.6666666666666666
nonstructural_protein_NS1,272,"K:K:6,K:R:3,K:N:1",neutral,1.0,1.167,K,"K:1466,?:19,R:4,N:2",0.372,0.1319396835421304,0.1641087229923318,0.6723973256924546,-,0.6325067207670301
nonstructural_protein_NS1,273,L:L:25,negative,1.0,1.582,L,"L:1472,?:19",0.000,2.374124920589971e-05,0.00020382731025552923,0.6723973256924546,-,0.6666666666666666
nonstructural_protein_NS1,274,"D:E:1,E:E:2",neutral,1.0,0.263,E,"E:1472,?:17,D:2",0.179,0.749119355707067,0.8292138780153698,0.6723973256924546,-,0.6622485832689812
nonstructural_protein_NS1,275,L:L:11,negative,1.0,0.434,L,"L:1475,?:16",0.000,0.02203946711662208,0.03387725949803918,0.6723973256924546,-,0.6666666666666666
nonstructural_protein_NS1,276,D:D:21,negative,1.0,2.329,D,"D:1471,?:20",0.000,3.175772876118366e-06,4.574618959054533e-05,0.6723973256924546,-,0.6666666666666666
nonstructural_protein_NS1,277,"F:F:15,F:S:1",negative,1.0,1.609,F,"F:1472,?:18,S:1",0.000,1.046676919136402e-06,2.167236914917727e-05,0.6723973256924546,-,0.6666666666666666
nonstructural_protein_NS1,278,"N:N:8,N:S:1,N:T:1",neutral,1.0,0.879,N,"N:1471,?:17,S:1,T:2",0.167,0.0566691064661935,0.07499069727857184,0.6723973256924546,-,0.6666666666666666
nonstructural_protein_NS1,279,Y:Y:11,negative,1.0,0.792,Y,"Y:1472,?:19",0.000,0.002628064260109308,0.006086043549726819,0.6723973256924546,-,0.6666666666666666
nonstructural_protein_NS1,280,C:C:10,negative,1.0,0.725,C,"C:1473,?:18",0.000,0.002229575156361019,0.00545969824212933,0.6723973256924546,-,0.6666666666666666
nonstructural_protein_NS1,29,"T:T:4,M:T:1",negative,1.0,0.797,T,"T:1480,?:10,M:1",0.000,0.002778833505817202,0.006310641251920356,0.6723973256924546,-,0.6666666666666666
nonstructural_protein_NS1,281,"E:E:6,D:E:1",negative,1.0,1.200,E,"E:1470,?:19,D:2",0.176,0.03178866196293384,0.046818447744572014,0.6723973256924546,-,0.6666666666666666
nonstructural_protein_NS1,282,G:G:2,neutral,1.0,0.322,G,"G:1472,?:19",0.000,0.09941445339490473,0.12542612041220957,0.6723973256924546,-,0.6666666666666666
nonstructural_protein_NS1,283,T:T:4,negative,1.0,0.644,T,"T:1472,?:19",0.000,0.006734739654665312,0.012763933539507315,0.6723973256924546,-,0.6666666666666666
nonstructural_protein_NS1,284,T:T:3,negative,1.0,0.476,T,"T:1469,?:22",0.000,0.01951255493779214,0.030391236009304573,0.6723973256924546,-,0.6666666666666666
nonstructural_protein_NS1,285,V:V:13,negative,1.0,0.949,V,"V:1466,?:25",0.000,0.0002448116025628444,0.0010508985866112344,0.6723973256924546,-,0.6666666666666666
nonstructural_protein_NS1,286,"V:V:7,A:V:4,L:V:2,I:V:1",neutral,1.0,0.660,V,"V:1461,?:21,A:6,L:2,I:1",0.107,0.03811552363529536,0.0534528458949162,0.6723973256924546,-,0.6666666666666666
nonstructural_protein_NS1,287,"I:I:10,I:V:2",negative,1.0,0.971,I,"I:1468,?:21,V:2",0.000,0.0003281896507316695,0.0012835861895283073,0.6723973256924546,-,0.6666666666666666
nonstructural_protein_NS1,288,"I:T:1,A:T:2,A:A:1,T:T:2,S:T:1",neutral,1.0,0.485,T,"T:1451,?:21,I:1,A:15,S:3",0.215,0.3665134356935172,0.4202369034661826,0.6723973256924546,-,0.6599832615807502
nonstructural_protein_NS1,289,"E:E:5,D:E:1",neutral,1.0,1.005,E,"E:1466,?:23,D:2",0.175,0.06288179877450328,0.08290034894616163,0.6723973256924546,-,0.6666666666666666
nonstructural_protein_NS1,290,"D:N:5,N:N:11,N:S:4",neutral,1.0,1.226,N,"N:1435,?:21,D:9,S:26",0.817,0.4316535564241708,0.49331835019905235,0.6723973256924546,-,0.6666666666666666
nonstructural_protein_NS1,30,E:E:2,neutral,1.0,0.268,E,"E:1481,?:10",0.000,0.1341665185822485,0.1662908962709559,0.6723973256924546,-,0.6666666666666666
nonstructural_protein_NS1,291,"C:C:6,C:W:1",neutral,1.0,0.425,C,"C:1469,?:20,W:2",0.121,0.184072052673942,0.22342538807319856,0.6723973256924546,-,0.6399706823528964
nonstructural_protein_NS1,292,G:G:8,negative,1.0,0.950,G,"G:1471,?:20",0.000,0.002708732042179918,0.0062318541101132755,0.6723973256924546,-,0.6666666666666666
nonstructural_protein_NS1,293,"T:T:9,I:T:4,A:T:4,M:T:3",negative,1.0,1.572,T,"T:1453,?:21,I:10,A:4,M:3",0.214,0.002771316668516488,0.006310641251920356,0.6723973256924546,-,0.6666666666666666
nonstructural_protein_NS1,294,"R:S:1,R:R:4,K:R:1,G:R:1",negative,1.0,0.749,R,"R:1468,?:20,S:1,K:1,G:1",0.000,0.01370506644074154,0.023082217163354173,0.6723973256924546,-,0.6666666666666666
nonstructural_protein_NS1,295,"G:R:2,A:G:1,G:G:5",negative,1.0,0.475,G,"G:1468,?:20,R:2,A:1",0.000,0.02969019713576693,0.04447212507144664,0.6723973256924546,-,0.6666666666666666
nonstructural_protein_NS1,296,"P:R:1,P:S:1,P:P:3",negative,1.0,0.488,P,"P:1468,?:21,R:1,S:1",0.000,0.007590036115003862,0.013915066210840413,0.6723973256924546,-,0.6666666666666666
nonstructural_protein_NS1,297,"S:S:4,A:S:2",neutral,1.0,0.644,S,"S:1469,?:19,A:3",0.095,0.05058281309650492,0.06744375079533989,0.6723973256924546,-,0.6666666666666666
nonstructural_protein_NS1,298,L:L:17,negative,1.0,0.926,L,"L:1460,?:31",0.000,0.001026202303776036,0.0029853157928030134,0.6723973256924546,-,0.6666666666666666
nonstructural_protein_NS1,299,"R:T:1,R:R:5",negative,1.0,0.870,R,"R:1469,?:21,T:1",0.000,0.006982249767320314,0.013087485814930133,0.6723973256924546,-,0.6666666666666666
nonstructural_protein_NS1,300,"T:T:12,P:T:1",negative,1.0,1.842,T,"T:1466,?:24,P:1",0.000,4.185164441339317e-06,5.431536840987406e-05,0.6723973256924546,-,0.6666666666666666
nonstructural_protein_NS1,4,C:C:4,neutral,1.0,0.289,C,"C:1486,?:5",0.000,0.0532919439308609,0.07078778967420013,0.6723973256924546,-,0.6666666666666666
nonstructural_protein_NS1,31,"Q:Q:8,K:Q:1",negative,1.0,1.456,Q,"Q:1478,?:12,K:1",0.000,0.004959415931256705,0.010448411200764835,0.6723973256924546,-,0.6666666666666666
nonstructural_protein_NS1,301,T:T:3,negative,1.0,0.482,T,"T:1471,?:20",0.000,0.01901300885782475,0.030172885084610544,0.6723973256924546,-,0.6666666666666666
nonstructural_protein_NS1,302,T:T:8,negative,1.0,1.303,T,"T:1470,?:21",0.000,0.0001237467150868587,0.0005966964891859488,0.6723973256924546,-,0.6666666666666666
nonstructural_protein_NS1,303,V:V:10,negative,1.0,1.191,V,"V:1471,?:20",0.000,0.0001147642989587361,0.0005711407699440725,0.6723973256924546,-,0.6666666666666666
nonstructural_protein_NS1,304,"S:S:2,P:S:1,S:T:1",neutral,1.0,0.322,S,"S:1469,?:20,P:1,T:1",0.000,0.04641031101223869,0.06283242106272315,0.6723973256924546,-,0.6666666666666666
nonstructural_protein_NS1,305,G:G:10,negative,1.0,1.270,G,"G:1469,?:22",0.000,0.0006140120056847831,0.002038983264160789,0.6723973256924546,-,0.6666666666666666
nonstructural_protein_NS1,306,K:K:5,negative,1.0,0.689,K,"K:1470,?:21",0.000,0.01912176979835911,0.030183242013553397,0.6723973256924546,-,0.6666666666666666
nonstructural_protein_NS1,307,L:L:18,negative,1.0,1.086,L,"L:1458,?:33",0.000,0.0004064663325131779,0.0015384532155337486,0.6723973256924546,-,0.6666666666666666
nonstructural_protein_NS1,308,"I:I:4,I:V:1",negative,1.0,2.606,I,"I:1471,?:19,V:1",0.000,3.919478791325481e-05,0.000288473562435998,0.6723973256924546,-,0.6666666666666666
nonstructural_protein_NS1,309,"H:H:10,H:Y:1",negative,1.0,1.039,H,"H:1472,?:18,Y:1",0.000,0.0001143131645409134,0.0005711407699440725,0.6723973256924546,-,0.6666666666666666
nonstructural_protein_NS1,310,E:E:4,negative,1.0,0.803,E,"E:1473,?:18",0.000,0.01354424836919588,0.023082217163354173,0.6723973256924546,-,0.6666666666666666
nonstructural_protein_NS1,32,Y:Y:13,negative,1.0,1.429,Y,"Y:1478,?:13",0.000,0.0001168242483976512,0.0005711407699440725,0.6723973256924546,-,0.6666666666666666
nonstructural_protein_NS1,311,NA,neutral,1.0,0.153,W,"W:1473,?:18",0.000,1.0,1.0,0.6723973256924546,-,0.6666666666666666
nonstructural_protein_NS1,312,C:C:9,negative,1.0,0.654,C,"C:1474,?:17",0.000,0.00369726916194546,0.008185149339652843,0.6723973256924546,-,0.6666666666666666
nonstructural_protein_NS1,313,C:C:5,negative,1.0,0.548,C,"C:1474,?:17",0.000,0.01169749184476487,0.020283335612597216,0.6723973256924546,-,0.6666666666666666
nonstructural_protein_NS1,314,R:R:12,negative,1.0,1.108,R,"R:1472,?:19",0.000,4.6006415482025e-05,0.0003155487006795321,0.6723973256924546,-,0.6666666666666666
nonstructural_protein_NS1,315,S:S:10,negative,1.0,1.200,S,"S:1472,?:19",0.000,5.100988236572679e-05,0.00032646324714065146,0.6723973256924546,-,0.6666666666666666
nonstructural_protein_NS1,316,C:C:19,negative,1.0,1.990,C,"C:1470,?:21",0.000,1.549479061391246e-06,2.7578424309560028e-05,0.6723973256924546,-,0.6666666666666666
nonstructural_protein_NS1,317,T:T:3,negative,1.0,0.484,T,"T:1470,?:21",0.000,0.01895121917352649,0.030172885084610544,0.6723973256924546,-,0.6666666666666666
nonstructural_protein_NS1,318,L:L:10,negative,1.0,0.617,L,"L:1463,?:28",0.000,0.0004463037746796905,0.001636447173825532,0.6723973256924546,-,0.6666666666666666
nonstructural_protein_NS1,319,P:P:9,negative,1.0,0.556,P,"P:1468,?:23",0.000,0.0008139269883837841,0.0025580562492061787,0.6723973256924546,-,0.6666666666666666
nonstructural_protein_NS1,320,"P:P:10,P:S:1",negative,1.0,0.978,P,"P:1466,?:24,S:1",0.000,2.5871908534425e-05,0.00021178864660738604,0.6723973256924546,-,0.6666666666666666
nonstructural_protein_NS1,33,"K:R:4,K:N:1,K:K:3",neutral,1.0,0.598,K,"K:1473,R:5,?:12,N:1",0.184,0.2716905911193496,0.31772454509638226,0.6723973256924546,-,0.6666666666666666
nonstructural_protein_NS1,321,L:L:23,negative,1.0,1.069,L,"L:1457,?:34",0.000,0.0003799882149042588,0.0014538679526771641,0.6723973256924546,-,0.6666666666666666
nonstructural_protein_NS1,322,R:R:7,negative,1.0,1.005,R,"R:1461,?:30",0.000,0.01558472714968306,0.02563469138639457,0.6723973256924546,-,0.6666666666666666
nonstructural_protein_NS1,323,"Y:Y:16,S:Y:1",negative,1.0,1.725,Y,"Y:1462,?:28,S:1",0.000,2.2732051755181e-05,0.0002000420554455928,0.6723973256924546,-,0.6666666666666666
nonstructural_protein_NS1,324,"I:M:8,K:M:1",neutral,1.0,0.134,M,"M:1456,?:18,I:16,K:1",0.158,0.987212144191426,1.0,0.6723973256924546,-,0.6239532121695908
nonstructural_protein_NS1,325,G:G:3,neutral,1.0,0.484,G,"G:1474,?:17",0.000,0.04335376114274714,0.05949116488987172,0.6723973256924546,-,0.6666666666666666
nonstructural_protein_NS1,326,"E:E:6,D:E:2",negative,1.0,1.079,E,"E:1469,?:20,D:2",0.000,0.003734309099288624,0.008215480018434973,0.6723973256924546,-,0.6666666666666666
nonstructural_protein_NS1,327,D:D:13,negative,1.0,1.397,D,"D:1471,?:20",0.000,0.0002795989812298671,0.001144405132475735,0.6723973256924546,-,0.6666666666666666
nonstructural_protein_NS1,328,"G:G:8,D:G:1",negative,1.0,0.680,G,"G:1471,?:19,D:1",0.000,0.008527302389336633,0.0154722187682809,0.6723973256924546,-,0.6666666666666666
nonstructural_protein_NS1,329,C:C:12,negative,1.0,1.172,C,"C:1469,?:22",0.000,0.0001865915565351095,0.0008529899727319291,0.6723973256924546,-,0.6666666666666666
nonstructural_protein_NS1,330,NA,neutral,1.0,0.153,W,"W:1471,?:20",0.000,1.0,1.0,0.6723973256924546,-,0.6666666666666666
nonstructural_protein_NS1,34,F:F:12,negative,1.0,1.042,F,"F:1477,?:14",0.000,4.242547051425127e-05,0.0003047707269595193,0.6723973256924546,-,0.6666666666666666
nonstructural_protein_NS1,331,Y:Y:2,neutral,1.0,0.140,Y,"Y:1471,?:20",0.000,0.2027068586706848,0.24435895291808576,0.6723973256924546,-,0.6666666666666666
nonstructural_protein_NS1,332,G:G:18,negative,1.0,1.640,G,"G:1466,?:25",0.000,5.221963778057059e-05,0.00032823772319215795,0.6723973256924546,-,0.6666666666666666
nonstructural_protein_NS1,333,NA,neutral,1.0,0.153,M,"M:1470,?:21",0.000,1.0,1.0,0.6723973256924546,-,0.6666666666666666
nonstructural_protein_NS1,334,E:E:6,negative,1.0,1.204,E,"E:1470,?:21",0.000,0.002515416521054359,0.005945981635886834,0.6723973256924546,-,0.6666666666666666
nonstructural_protein_NS1,335,I:I:11,negative,1.0,0.861,I,"I:1467,?:24",0.000,0.0004966380504776158,0.0018022329254445439,0.6723973256924546,-,0.6666666666666666
nonstructural_protein_NS1,336,R:R:7,negative,1.0,1.274,R,"R:1469,?:22",0.000,0.001239099533742127,0.003461611395851021,0.6723973256924546,-,0.6666666666666666
nonstructural_protein_NS1,337,P:P:12,negative,1.0,1.005,P,"P:1464,?:27",0.000,1.659140644449941e-05,0.0001497480786785588,0.6723973256924546,-,0.6666666666666666
nonstructural_protein_NS1,338,"I:I:19,I:T:7,F:I:1,I:V:5,I:M:1",negative,1.0,1.721,I,"I:1449,?:26,T:7,F:1,V:7,M:1",0.213,0.0003048154333088471,0.0012192617332353883,0.6723973256924546,-,0.4803802905403844
nonstructural_protein_NS1,339,"S:S:3,N:S:7,N:N:3,D:N:1,G:S:1",neutral,1.0,0.425,S,"S:796,?:55,N:638,D:1,G:1",0.592,0.6133387439619771,0.6832127780842276,0.6723973256924546,-,0.4812035776148674
nonstructural_protein_NS1,340,E:E:3,neutral,1.0,0.397,E,"E:1441,?:50",0.000,0.06816852559530262,0.0892019368384629,0.6723973256924546,-,0.6666666666666666
nonstructural_protein_NS1,35,Q:Q:7,negative,1.0,1.418,Q,"Q:1479,?:12",0.000,0.006019437107146808,0.012038874214293616,0.6723973256924546,-,0.6666666666666666
nonstructural_protein_NS1,341,"K:R:5,K:K:1",neutral,1.0,0.200,K,"K:1434,?:48,R:9",0.184,0.9559732495598171,1.0,0.6723973256924546,-,0.6578690683457271
nonstructural_protein_NS1,342,E:E:5,negative,1.0,1.009,E,"E:1443,?:48",0.000,0.005689574569731959,0.01157647542511936,0.6723973256924546,-,0.6666666666666666
nonstructural_protein_NS1,343,E:E:10,negative,1.0,1.389,E,"E:1441,?:50",0.000,0.0007142018579576748,0.002264856342352266,0.6723973256924546,-,0.6666666666666666
nonstructural_protein_NS1,344,N:N:9,negative,1.0,0.998,N,"N:1443,?:48",0.000,0.002479329609214376,0.005936898111860275,0.6723973256924546,-,0.6666666666666666
nonstructural_protein_NS1,345,NA,neutral,1.0,0.153,M,"M:1444,?:47",0.000,1.0,1.0,0.6723973256924546,-,0.6666666666666666
nonstructural_protein_NS1,346,"I:V:2,V:V:4,A:V:1",negative,1.0,0.649,V,"V:1442,?:46,I:2,A:1",0.000,0.006616945241036842,0.012763933539507315,0.6723973256924546,-,0.6666666666666666
nonstructural_protein_NS1,347,K:K:11,negative,1.0,1.509,K,"K:1443,?:48",0.000,0.0005381045454856404,0.0019080669839506939,0.6723973256924546,-,0.6666666666666666
nonstructural_protein_NS1,348,S:S:8,negative,1.0,0.484,S,"S:1445,?:46",0.000,0.004226402009876673,0.00907130187485725,0.6723973256924546,-,0.6666666666666666
nonstructural_protein_NS1,349,L:L:26,negative,1.0,1.836,L,"L:1445,?:46",0.000,7.882753695676037e-06,8.408270608721106e-05,0.6723973256924546,-,0.6666666666666666
nonstructural_protein_NS1,350,"V:V:3,A:V:5",neutral,1.0,0.283,V,"V:1433,?:46,A:12",0.428,0.5924020986827665,0.6619858372582026,0.6723973256924546,-,0.472104090224053
nonstructural_protein_NS1,36,A:A:12,negative,1.0,1.794,A,"A:1478,?:13",0.000,4.369254699598812e-06,5.431536840987406e-05,0.6723973256924546,-,0.6666666666666666
nonstructural_protein_NS1,351,S:S:1,neutral,1.0,0.161,S,"S:1445,?:46",0.000,0.1588330766719712,0.19480572469872426,0.6723973256924546,-,0.6666666666666666
nonstructural_protein_NS1,352,A:A:17,negative,1.0,2.413,A,"A:1443,?:48",0.000,8.406126628113242e-08,2.465797144246551e-06,0.6723973256924546,-,0.6666666666666666
nonstructural_protein_NS1,37,D:D:15,negative,1.0,1.493,D,"D:1478,?:13",0.000,0.000144376741367469,0.0006776081728179879,0.6723973256924546,-,0.6666666666666666
nonstructural_protein_NS1,38,"S:S:11,A:S:1,P:S:1",negative,1.0,1.030,S,"S:1476,?:12,A:2,P:1",0.090,0.001577640585907591,0.004144249897309493,0.6723973256924546,-,0.6666666666666666
nonstructural_protein_NS1,39,P:P:24,negative,1.0,2.598,P,"P:1472,?:19",0.000,3.898847911187886e-11,6.861972323690679e-09,0.6723973256924546,-,0.6666666666666666
nonstructural_protein_NS1,40,"K:R:4,K:K:5",negative,1.0,0.979,K,"K:1476,?:11,R:4",0.000,0.007239554118118607,0.013412226576724999,0.6723973256924546,-,0.6666666666666666
nonstructural_protein_NS1,5,"A:V:5,V:V:18,I:V:2",negative,1.0,1.531,V,"V:1420,A:63,?:6,I:2",0.215,0.0008802165026242648,0.0026710018010667343,0.6723973256924546,-,0.6666666666666666
nonstructural_protein_NS1,41,"K:R:3,R:R:2",neutral,1.0,0.553,R,"R:1473,?:12,K:6",0.328,0.5624813869711175,0.6325669272007455,0.6723973256924546,-,0.6383590188360027
nonstructural_protein_NS1,42,L:L:16,negative,1.0,0.766,L,"L:1478,?:13",0.000,0.002595362797960021,0.006086043549726819,0.6723973256924546,-,0.6666666666666666
nonstructural_protein_NS1,43,"A:A:14,A:S:2",negative,1.0,1.833,A,"A:1473,?:15,S:3",0.106,4.608850969811673e-05,0.0003155487006795321,0.6723973256924546,-,0.6666666666666666
nonstructural_protein_NS1,44,"A:T:2,T:T:8",negative,1.0,1.285,T,"T:1474,?:14,A:3",0.107,0.002233512917234726,0.00545969824212933,0.6723973256924546,-,0.6666666666666666
nonstructural_protein_NS1,45,"A:A:11,A:V:3,A:T:1",negative,1.0,0.979,A,"A:1474,?:13,V:3,T:1",0.000,0.0002482283894664761,0.0010527276276168624,0.6723973256924546,-,0.6666666666666666
nonstructural_protein_NS1,46,I:I:16,negative,1.0,1.120,I,"I:1476,?:15",0.000,5.703702930826005e-05,0.00032913171010668095,0.6723973256924546,-,0.6666666666666666
nonstructural_protein_NS1,47,"A:V:7,A:A:4,A:G:1",negative,1.0,0.807,A,"A:1470,?:12,V:7,G:2",0.107,0.02876697826260077,0.04327340319844218,0.6723973256924546,-,0.6666666666666666
nonstructural_protein_NS1,48,"G:G:23,G:K:1",negative,1.0,2.300,G,"G:1477,?:12,K:2",0.352,0.0009717354530882627,0.0028906774008133824,0.6723973256924546,-,0.04302538851365678
nonstructural_protein_NS1,49,"A:A:17,A:G:1,A:S:1",negative,1.0,1.100,A,"A:1475,?:14,G:1,S:1",0.000,5.628187842754429e-05,0.00032913171010668095,0.6723973256924546,-,0.6666666666666666
nonstructural_protein_NS1,50,NA,neutral,1.0,0.153,W,"W:1478,?:13",0.000,1.0,1.0,0.6723973256924546,-,0.6666666666666666
nonstructural_protein_NS1,6,"I:K:1,I:V:12,V:V:1",neutral,1.0,0.733,I,"I:1416,K:1,?:5,V:69",0.178,0.2989042576981916,0.34724190993321274,0.6723973256924546,-,0.639528326423136
nonstructural_protein_NS1,51,"E:E:12,E:K:3,K:K:1,D:E:1",negative,1.0,2.136,E,"E:1473,?:13,K:4,D:1",0.176,0.0008301274520838842,0.0025858837445444888,0.6723973256924546,-,0.6666666666666666
nonstructural_protein_NS1,52,"N:S:4,N:N:4,E:N:1",neutral,1.0,0.283,N,"N:1470,?:13,S:6,E:2",0.624,0.2711931839547914,0.31772454509638226,0.6723973256924546,-,0.1113636946635349
nonstructural_protein_NS1,53,G:G:2,neutral,1.0,0.321,G,"G:1477,?:14",0.000,0.09930882752370185,0.12542612041220957,0.6723973256924546,-,0.6666666666666666
nonstructural_protein_NS1,54,"A:V:1,V:V:7,I:V:1",negative,1.0,0.778,V,"V:1472,?:17,A:1,I:1",0.000,0.001620411864363458,0.004163808241019397,0.6723973256924546,-,0.6666666666666666
nonstructural_protein_NS1,55,C:C:21,negative,1.0,1.971,C,"C:1473,?:18",0.000,1.160849643078166e-06,2.2701059686861914e-05,0.6723973256924546,-,0.6666666666666666
nonstructural_protein_NS1,56,G:G:3,neutral,1.0,0.482,G,"G:1477,?:14",0.000,0.04360431972041734,0.05949116488987172,0.6723973256924546,-,0.6666666666666666
nonstructural_protein_NS1,57,"I:I:15,I:V:1",negative,1.0,1.178,I,"I:1476,?:14,V:1",0.000,4.736036173758063e-05,0.0003155487006795321,0.6723973256924546,-,0.6666666666666666
nonstructural_protein_NS1,58,R:R:10,negative,1.0,1.265,R,"R:1478,?:13",0.000,0.0006051578106528455,0.0020336156433525196,0.6723973256924546,-,0.6666666666666666
nonstructural_protein_NS1,59,S:S:4,negative,1.0,0.614,S,"S:1477,?:14",0.000,0.005564583020250202,0.011387983855395762,0.6723973256924546,-,0.6666666666666666
nonstructural_protein_NS1,60,"T:T:4,A:T:5",negative,1.0,0.644,T,"T:1471,?:15,A:5",0.000,0.006716527474862399,0.012763933539507315,0.6723973256924546,-,0.6666666666666666
nonstructural_protein_NS1,7,N:N:10,negative,1.0,1.067,N,"N:1484,?:7",0.000,0.001632402094490559,0.004163808241019397,0.6723973256924546,-,0.6666666666666666
nonstructural_protein_NS1,61,T:T:12,negative,1.0,1.135,T,"T:1477,?:14",0.000,0.0001006544925066244,0.0005368239600353301,0.6723973256924546,-,0.6666666666666666
nonstructural_protein_NS1,62,R:R:5,negative,1.0,0.926,R,"R:1477,?:14",0.000,0.005972894236611292,0.012014050121640998,0.6723973256924546,-,0.6666666666666666
nonstructural_protein_NS1,63,NA,neutral,1.0,0.153,M,"M:1477,?:14",0.000,1.0,1.0,0.6723973256924546,-,0.6666666666666666
nonstructural_protein_NS1,64,E:E:10,negative,1.0,1.327,E,"E:1477,?:14",0.000,0.000878658611518035,0.0026710018010667343,0.6723973256924546,-,0.6666666666666666
nonstructural_protein_NS1,65,"N:N:11,N:Y:1",negative,1.0,0.858,N,"N:1475,?:15,Y:1",0.000,0.003034706346604854,0.0068475425256724915,0.6723973256924546,-,0.6666666666666666
nonstructural_protein_NS1,66,"L:L:15,I:L:1",negative,1.0,1.053,L,"L:1471,?:17,I:3",0.083,0.0004380988805655628,0.0016232716416745064,0.6723973256924546,-,0.6666666666666666
nonstructural_protein_NS1,67,L:L:13,negative,1.0,0.712,L,"L:1477,?:14",0.000,0.003873576454215599,0.008365023999287673,0.6723973256924546,-,0.6666666666666666
nonstructural_protein_NS1,68,R:W:1,neutral,1.0,0.001,W,"W:1476,?:14,R:1",0.000,1.0,1.0,0.6723973256924546,-,0.6666666666666666
nonstructural_protein_NS1,69,"K:R:2,K:K:1",neutral,1.0,0.131,K,"K:1474,?:14,R:3",0.188,0.801147582994549,0.884024919166399,0.6723973256924546,-,0.5849746405150255
nonstructural_protein_NS1,70,Q:Q:5,negative,1.0,0.983,Q,"Q:1477,?:14",0.000,0.02163638808361379,0.03340354651505287,0.6723973256924546,-,0.6666666666666666
nonstructural_protein_NS1,8,NA,neutral,1.0,0.153,W,"W:1484,?:7",0.000,1.0,1.0,0.6723973256924546,-,0.6666666666666666
nonstructural_protein_NS1,71,I:V:6,neutral,1.0,0.000,I,"V:232,I:1243,?:16",0.360,0.2958760992056445,0.3448622083456519,0.6723973256924546,-,0.1426438793390007
nonstructural_protein_NS1,72,"A:A:10,A:V:2,A:S:1",negative,1.0,0.913,A,"A:1472,?:16,V:2,S:1",0.000,0.0004198841692144573,0.0015723322081222233,0.6723973256924546,-,0.6666666666666666
nonstructural_protein_NS1,73,N:N:4,neutral,1.0,0.282,N,"N:1477,?:14",0.000,0.08412065254369583,0.10767443525593066,0.6723973256924546,-,0.6666666666666666
nonstructural_protein_NS1,74,E:E:3,neutral,1.0,0.538,E,"E:1473,?:18",0.000,0.04005353325458427,0.05572665496289986,0.6723973256924546,-,0.6666666666666666
nonstructural_protein_NS1,75,L:L:22,negative,1.0,0.886,L,"L:1476,?:15",0.000,0.001110485325075516,0.003177974263630745,0.6723973256924546,-,0.6666666666666666
nonstructural_protein_NS1,76,N:N:12,negative,1.0,1.294,N,"N:1477,?:14",0.000,0.0005429274271298024,0.0019080669839506939,0.6723973256924546,-,0.6666666666666666
nonstructural_protein_NS1,77,"Y:Y:10,H:Y:3",negative,1.0,1.103,Y,"Y:1473,?:15,H:3",0.000,0.000693077932641839,0.002238196626513095,0.6723973256924546,-,0.6666666666666666
nonstructural_protein_NS1,78,"I:I:1,I:M:1,I:V:1",negative,1.0,0.834,I,"I:1475,?:14,M:1,V:1",0.000,0.03031632783510341,0.04521757372015424,0.6723973256924546,-,0.6666666666666666
nonstructural_protein_NS1,79,L:L:19,negative,1.0,1.355,L,"L:1476,?:15",0.000,0.0001155928428204778,0.0005711407699440725,0.6723973256924546,-,0.6666666666666666
nonstructural_protein_NS1,80,R:W:1,neutral,1.0,0.000,W,"W:1475,?:15,R:1",0.000,1.0,1.0,0.6723973256924546,-,0.6666666666666666
nonstructural_protein_NS1,9,"K:K:11,K:N:1",negative,1.0,2.244,K,"K:1484,?:6,N:1",0.000,5.597476982965865e-05,0.00032913171010668095,0.6723973256924546,-,0.6666666666666666
nonstructural_protein_NS1,81,E:E:4,negative,1.0,0.801,E,"E:1476,?:15",0.000,0.01361891967363338,0.023082217163354173,0.6723973256924546,-,0.6666666666666666
nonstructural_protein_NS1,82,N:N:9,negative,1.0,0.981,N,"N:1476,?:15",0.000,0.002614207840980654,0.006086043549726819,0.6723973256924546,-,0.6666666666666666
nonstructural_protein_NS1,83,"N:N:13,D:N:1,N:S:3",neutral,1.0,1.215,N,"N:1467,?:18,D:2,S:4",0.325,0.04511016427480319,0.061308022489307806,0.6723973256924546,-,0.6414120781996615
nonstructural_protein_NS1,84,"I:V:5,I:I:18,I:T:1",negative,1.0,1.768,I,"I:1468,?:16,V:6,T:1",0.107,3.933730396854518e-05,0.000288473562435998,0.6723973256924546,-,0.6666666666666666
nonstructural_protein_NS1,85,K:K:5,negative,1.0,1.006,K,"K:1475,?:16",0.000,0.006673164537679743,0.012763933539507315,0.6723973256924546,-,0.6666666666666666
nonstructural_protein_NS1,86,"L:L:21,I:L:1",negative,1.0,1.504,L,"L:1473,?:17,I:1",0.000,5.089708535099824e-05,0.00032646324714065146,0.6723973256924546,-,0.6666666666666666
nonstructural_protein_NS1,87,"T:T:13,A:T:1",negative,1.0,1.551,T,"T:1474,?:16,A:1",0.000,1.073745651769542e-05,0.00010798813412082252,0.6723973256924546,-,0.6666666666666666
nonstructural_protein_NS1,88,"I:V:4,V:V:15",negative,1.0,2.407,V,"V:1454,?:16,I:21",0.107,5.365031471193937e-06,6.0919067027750514e-05,0.6723973256924546,-,0.6666666666666666
nonstructural_protein_NS1,89,"V:V:7,A:V:2",neutral,1.0,0.428,V,"V:1470,?:17,A:4",0.214,0.3607922446120513,0.41502898726615045,0.6723973256924546,-,0.6160637651541785
nonstructural_protein_NS1,90,V:V:4,negative,1.0,0.471,V,"V:1474,?:17",0.000,0.01477437696856032,0.024415871797808603,0.6723973256924546,-,0.6666666666666666
nonstructural_protein_NS1,10,"G:G:9,G:S:1,G:R:1",negative,1.0,1.063,G,"G:1482,S:1,?:7,R:1",0.000,0.001478446262223265,0.003972618964141902,0.6723973256924546,-,0.6666666666666666
nonstructural_protein_NS1,91,G:G:22,negative,1.0,1.859,G,"G:1467,?:24",0.000,1.429239374739488e-05,0.0001397478499745277,0.6723973256924546,-,0.6666666666666666
nonstructural_protein_NS1,92,"D:D:22,D:N:1",negative,1.0,2.157,D,"D:1470,?:20,N:1",0.000,4.62915071675063e-06,5.431536840987406e-05,0.6723973256924546,-,0.6666666666666666
nonstructural_protein_NS1,93,"I:T:27,I:V:7,S:T:1,A:V:1",positive,1.0,0.000,I,"T:473,?:23,I:958,V:34,S:1,A:2",1.603,0.004918029171953164,0.010428591979081409,0.6161112973745494,-,0.005250948557169455
nonstructural_protein_NS1,94,"I:L:2,I:I:10,I:T:16,I:N:2,T:T:1",neutral,1.0,0.894,I,"I:1396,L:3,?:25,T:64,N:3",0.987,0.8232634865694644,0.9055898352264109,0.6723973256924546,-,0.5704753723808833
nonstructural_protein_NS1,95,"G:G:9,G:W:1",negative,1.0,1.041,G,"G:1469,?:21,W:1",0.000,0.001622987684310351,0.004163808241019397,0.6723973256924546,-,0.6666666666666666
nonstructural_protein_NS1,96,"V:V:22,I:V:10",negative,1.0,2.004,V,"V:1439,?:23,I:29",0.543,0.003620015835511081,0.008064845405695574,0.6723973256924546,-,0.6666666666666666
nonstructural_protein_NS1,97,L:L:17,negative,1.0,1.308,L,"L:1469,?:22",0.000,0.0001586041658839799,0.0007345877156731701,0.6723973256924546,-,0.6666666666666666
nonstructural_protein_NS1,98,"E:K:1,E:E:7,D:E:2",negative,1.0,0.948,E,"E:1466,?:22,K:1,D:2",0.000,0.004992845447993388,0.010448411200764835,0.6723973256924546,-,0.6666666666666666
nonstructural_protein_NS1,99,"Q:Q:5,Q:R:1,H:Q:1,Q:T:1",negative,1.0,0.987,Q,"Q:1466,?:22,R:1,H:1,T:1",0.000,0.02147372747144405,0.03329846726849474,0.6723973256924546,-,0.6666666666666666
nonstructural_protein_NS1,100,"G:G:23,G:R:1",negative,1.0,3.314,G,"G:1467,?:23,R:1",0.000,5.433303462698547e-08,1.7871127866442293e-06,0.6723973256924546,-,0.6666666666666666
RNA-dependent_RNA_polymerase_NS5,1,G:G:3,neutral,1.0,0.000,G,"G:810,?:2",0.000,1.0,1.0,1.0,-,1.0
RNA-dependent_RNA_polymerase_NS5,2,T:T:3,negative,1.0,0.834,T,"T:811,?:1",0.000,0.01789520682722123,0.045496288543782785,0.6696428571428571,-,0.6666666666666666
RNA-dependent_RNA_polymerase_NS5,11,E:E:1,neutral,1.0,0.376,E,E:812,0.000,0.1972268159902889,0.27243495086044106,0.6696428571428571,-,0.6666666666666666
RNA-dependent_RNA_polymerase_NS5,101,R:R:3,neutral,1.0,0.765,R,"R:793,?:19",0.000,0.107913567234341,0.1697940743197673,0.6696428571428571,-,0.6666666666666666
RNA-dependent_RNA_polymerase_NS5,102,G:G:1,neutral,1.0,0.292,G,"G:793,?:19",0.000,0.2311227468707391,0.30673469200592673,0.6696428571428571,-,0.6666666666666666
RNA-dependent_RNA_polymerase_NS5,103,"Y:Y:4,F:Y:1",neutral,1.0,0.737,Y,"Y:792,?:19,F:1",0.000,0.03062496035705287,0.06589477308758235,0.6696428571428571,-,0.6666666666666666
RNA-dependent_RNA_polymerase_NS5,104,T:T:2,neutral,1.0,0.590,T,"T:793,?:19",0.000,0.04909051814839505,0.09242984588609947,0.6696428571428571,-,0.6666666666666666
RNA-dependent_RNA_polymerase_NS5,105,K:K:2,neutral,1.0,0.768,K,"K:793,?:19",0.000,0.06841773007661855,0.11775298973840656,0.6696428571428571,-,0.6666666666666666
RNA-dependent_RNA_polymerase_NS5,106,G:G:9,negative,1.0,1.544,G,"G:793,?:19",0.000,0.002936453558090468,0.015660115568831214,0.6696428571428571,-,0.6666666666666666
RNA-dependent_RNA_polymerase_NS5,107,G:G:4,neutral,1.0,0.564,G,"G:793,?:19",0.000,0.0656728377934449,0.11629198863656444,0.6696428571428571,-,0.6666666666666666
RNA-dependent_RNA_polymerase_NS5,108,P:S:1,neutral,1.0,0.000,P,"P:792,?:19,S:1",0.000,1.0,1.0,0.6696428571428571,-,0.6666666666666666
RNA-dependent_RNA_polymerase_NS5,109,G:G:2,neutral,1.0,0.589,G,"G:793,?:19",0.000,0.09009919060216565,0.14708976190286588,0.6696428571428571,-,0.6666666666666666
RNA-dependent_RNA_polymerase_NS5,110,H:H:11,negative,1.0,1.931,H,"H:792,?:20",0.000,0.0001468217191700205,0.0030031715284776915,0.6696428571428571,-,0.6666666666666666
RNA-dependent_RNA_polymerase_NS5,12,K:K:5,negative,1.0,1.610,K,K:812,0.000,0.007123053743050445,0.026043322887435088,0.6696428571428571,-,0.6666666666666666
RNA-dependent_RNA_polymerase_NS5,111,NA,neutral,1.0,0.000,E,"E:793,?:19",0.000,0.9999999524423742,1.0,0.6696428571428571,-,0.6666666666666666
RNA-dependent_RNA_polymerase_NS5,112,E:E:8,negative,1.0,3.270,E,"E:793,?:19",0.000,0.0002150728198124785,0.003280771827647977,0.6696428571428571,-,0.6666666666666666
RNA-dependent_RNA_polymerase_NS5,113,P:P:2,neutral,1.0,0.588,P,"P:794,?:18",0.000,0.03193775682940669,0.06741743198614926,0.6696428571428571,-,0.6666666666666666
RNA-dependent_RNA_polymerase_NS5,114,"V:V:11,I:V:2",negative,1.0,3.148,V,"V:776,I:18,?:18",0.196,0.000240995748485795,0.0033440607980455696,0.6696428571428571,-,0.6666666666666666
RNA-dependent_RNA_polymerase_NS5,115,"P:P:16,L:P:2,P:S:1",negative,1.0,2.186,P,"P:791,L:2,?:18,S:1",0.000,3.050384173142184e-06,0.00048124965973950223,0.6696428571428571,-,0.6666666666666666
RNA-dependent_RNA_polymerase_NS5,116,NA,neutral,1.0,0.153,M,"M:794,?:18",0.000,0.9999999370871746,1.0,0.6696428571428571,-,0.6666666666666666
RNA-dependent_RNA_polymerase_NS5,117,S:S:11,negative,1.0,2.009,S,"S:793,?:19",0.000,4.061888544915071e-05,0.00130560703229413,0.6696428571428571,-,0.6666666666666666
RNA-dependent_RNA_polymerase_NS5,118,T:T:1,neutral,1.0,0.292,T,"T:794,?:18",0.000,0.1645645706517345,0.2370275894081047,0.6696428571428571,-,0.6666666666666666
RNA-dependent_RNA_polymerase_NS5,119,"Y:Y:8,H:Y:5",neutral,1.0,1.433,Y,"Y:785,?:18,H:9",0.705,0.2834178973986373,0.36181008178549445,0.6696428571428571,-,0.2501111779463506
RNA-dependent_RNA_polymerase_NS5,120,G:G:1,neutral,1.0,0.293,G,"G:794,?:18",0.000,0.2312832745349743,0.30673469200592673,0.6696428571428571,-,0.6666666666666666
RNA-dependent_RNA_polymerase_NS5,13,NA,neutral,1.0,0.000,W,W:812,0.000,1.0,1.0,1.0,-,1.0
RNA-dependent_RNA_polymerase_NS5,121,NA,neutral,1.0,0.153,W,"W:794,?:18",0.000,1.0,1.0,0.6696428571428571,-,0.6666666666666666
RNA-dependent_RNA_polymerase_NS5,122,N:N:7,negative,1.0,1.360,N,"N:794,?:18",0.000,0.006340272186584839,0.02428189348053768,0.6696428571428571,-,0.6666666666666666
RNA-dependent_RNA_polymerase_NS5,123,"I:V:2,I:L:1,I:T:2",neutral,1.0,0.000,I,"I:788,V:3,?:18,L:1,T:2",0.271,0.5239377200919215,0.6346486515245348,0.6696428571428571,-,0.4441312769110768
RNA-dependent_RNA_polymerase_NS5,124,V:V:15,negative,1.0,2.152,V,"V:794,?:18",0.000,6.598147381764452e-05,0.0018436987843610405,0.6696428571428571,-,0.6666666666666666
RNA-dependent_RNA_polymerase_NS5,125,"K:K:2,K:R:1",neutral,1.0,0.579,K,"K:793,R:1,?:18",0.000,0.1029158578696046,0.16393676474804272,0.6696428571428571,-,0.6666666666666666
RNA-dependent_RNA_polymerase_NS5,126,L:L:11,negative,1.0,1.543,L,"L:794,?:18",0.000,0.002431822697068542,0.01416771177307507,0.6696428571428571,-,0.6666666666666666
RNA-dependent_RNA_polymerase_NS5,127,M:T:1,neutral,1.0,20.418,M,"M:792,T:2,?:18",0.145,0.03387661750770588,0.07072668836109741,0.6696428571428571,-,0.6666666666666666
RNA-dependent_RNA_polymerase_NS5,128,"S:S:4,S:T:1,G:S:1,N:S:1",neutral,1.0,0.602,S,"S:781,T:8,?:18,G:1,N:4",0.459,0.7550308416706669,0.8869860582650956,0.6696428571428571,-,0.654418401851789
RNA-dependent_RNA_polymerase_NS5,129,G:V:1,neutral,1.0,0.000,G,"G:793,?:18,V:1",0.000,1.0,1.0,0.6696428571428571,-,0.6666666666666666
RNA-dependent_RNA_polymerase_NS5,130,K:K:2,neutral,1.0,0.532,K,"K:794,?:18",0.000,0.1142613572254164,0.1774682432166332,0.6696428571428571,-,0.6666666666666666
RNA-dependent_RNA_polymerase_NS5,14,K:K:5,negative,1.0,1.904,K,K:812,0.000,0.004153468154714957,0.019248076628422667,0.6696428571428571,-,0.6666666666666666
RNA-dependent_RNA_polymerase_NS5,131,D:D:4,neutral,1.0,0.628,D,"D:794,?:18",0.000,0.05348783407777213,0.09925577457730911,0.6696428571428571,-,0.6666666666666666
RNA-dependent_RNA_polymerase_NS5,132,"V:V:5,A:V:1",negative,1.0,1.185,V,"V:793,A:1,?:18",0.000,0.005013547155056641,0.02179803110894192,0.6696428571428571,-,0.6666666666666666
RNA-dependent_RNA_polymerase_NS5,133,F:F:6,negative,1.0,0.933,F,"F:794,?:18",0.000,0.003374308842254981,0.01725498839789479,0.6696428571428571,-,0.6666666666666666
RNA-dependent_RNA_polymerase_NS5,134,Y:Y:2,neutral,1.0,0.301,Y,"Y:794,?:18",0.000,0.1561838752847572,0.22856176870940076,0.6696428571428571,-,0.6666666666666666
RNA-dependent_RNA_polymerase_NS5,135,L:L:7,negative,1.0,0.905,L,"L:793,?:19",0.000,0.002849150816681356,0.015520437251456656,0.6696428571428571,-,0.6666666666666666
RNA-dependent_RNA_polymerase_NS5,136,"P:P:8,P:S:1",negative,1.0,2.285,P,"P:790,?:19,S:3",0.136,0.0004498962150110142,0.00519111017320401,0.6696428571428571,-,0.1749431095372208
RNA-dependent_RNA_polymerase_NS5,137,"P:P:3,H:P:1",neutral,1.0,0.378,P,"P:792,?:18,H:2",0.136,0.3471706644194138,0.4340528575519894,0.6696428571428571,-,0.6220231375343663
RNA-dependent_RNA_polymerase_NS5,138,E:E:2,neutral,1.0,0.762,E,"E:794,?:18",0.000,0.06808906419468663,0.11775298973840656,0.6696428571428571,-,0.6666666666666666
RNA-dependent_RNA_polymerase_NS5,139,K:R:2,neutral,1.0,0.000,K,"K:775,R:18,?:19",0.309,0.2127919058572594,0.2862671379245642,0.6696428571428571,-,0.2283981926674592
RNA-dependent_RNA_polymerase_NS5,140,C:C:2,neutral,1.0,0.301,C,"C:793,?:19",0.000,0.1329559242496366,0.20043606670799488,0.6696428571428571,-,0.6666666666666666
RNA-dependent_RNA_polymerase_NS5,15,"K:K:3,K:M:1",neutral,1.0,0.792,K,"K:811,M:1",0.000,0.05328084661224308,0.09907595444425366,0.6696428571428571,-,0.6666666666666666
RNA-dependent_RNA_polymerase_NS5,141,D:D:13,negative,1.0,2.516,D,"D:792,?:20",0.000,0.0002213208301850011,0.0033152240701923657,0.6696428571428571,-,0.6666666666666666
RNA-dependent_RNA_polymerase_NS5,142,T:T:4,neutral,1.0,0.614,T,"T:793,?:19",0.000,0.02668257014628872,0.059294600325086044,0.6696428571428571,-,0.6666666666666666
RNA-dependent_RNA_polymerase_NS5,143,L:L:5,neutral,1.0,0.465,L,"L:790,?:22",0.000,0.08510596920495173,0.1402845646235468,0.6696428571428571,-,0.6666666666666666
RNA-dependent_RNA_polymerase_NS5,144,L:L:3,neutral,1.0,0.345,L,"L:792,?:20",0.000,0.1423467186563229,0.21281070895463558,0.6696428571428571,-,0.6666666666666666
RNA-dependent_RNA_polymerase_NS5,145,C:C:4,neutral,1.0,0.634,C,"C:788,?:24",0.000,0.03067767769299667,0.06589477308758235,0.6696428571428571,-,0.6666666666666666
RNA-dependent_RNA_polymerase_NS5,146,D:D:3,neutral,1.0,0.551,D,"D:791,?:21",0.000,0.080476283452532,0.13327665638329417,0.6696428571428571,-,0.6666666666666666
RNA-dependent_RNA_polymerase_NS5,147,NA,neutral,1.0,0.000,I,"I:791,?:21",0.000,0.9999999248047912,1.0,0.6696428571428571,-,0.6666666666666666
RNA-dependent_RNA_polymerase_NS5,148,G:G:1,neutral,1.0,0.293,G,"G:791,?:21",0.000,0.2310887677874806,0.30673469200592673,0.6696428571428571,-,0.6666666666666666
RNA-dependent_RNA_polymerase_NS5,149,NA,neutral,1.0,0.000,E,"E:791,?:21",0.000,0.9999999524423742,1.0,0.6696428571428571,-,0.6666666666666666
RNA-dependent_RNA_polymerase_NS5,150,"S:S:8,P:S:1",negative,1.0,1.033,S,"S:806,?:5,P:1",0.000,0.001718515106070684,0.011717148450481937,0.6696428571428571,-,0.6666666666666666
RNA-dependent_RNA_polymerase_NS5,16,"K:K:9,K:R:4",negative,1.0,3.413,K,"K:791,R:20,?:1",0.595,0.01120306469542187,0.03378608844078678,0.6696428571428571,-,0.6666666666666666
RNA-dependent_RNA_polymerase_NS5,151,S:S:3,negative,1.0,0.874,S,"S:808,?:4",0.000,0.01263389311786189,0.0354678687286994,0.6696428571428571,-,0.6666666666666666
RNA-dependent_RNA_polymerase_NS5,152,P:P:1,neutral,1.0,0.288,P,"P:808,?:4",0.000,0.1308184541903676,0.19804522402191826,0.6696428571428571,-,0.6666666666666666
RNA-dependent_RNA_polymerase_NS5,153,S:S:7,negative,1.0,1.274,S,"S:808,?:4",0.000,0.004874639892077037,0.02140085806277724,0.6696428571428571,-,0.6666666666666666
RNA-dependent_RNA_polymerase_NS5,154,"L:P:2,P:T:1",neutral,1.0,0.000,P,"P:804,L:4,?:3,T:1",0.136,0.3780782572841697,0.4680473611495911,0.6696428571428571,-,0.3289240992415013
RNA-dependent_RNA_polymerase_NS5,155,"T:T:2,A:T:1,I:T:2",neutral,1.0,0.583,T,"T:805,A:2,?:3,I:2",0.180,0.3207274171268916,0.4042782568826365,0.6696428571428571,-,0.6666666666666666
RNA-dependent_RNA_polymerase_NS5,156,V:V:2,neutral,1.0,0.461,V,"V:809,?:3",0.000,0.07694311800751596,0.12800149021583063,0.6696428571428571,-,0.6666666666666666
RNA-dependent_RNA_polymerase_NS5,157,E:E:1,neutral,1.0,0.392,E,"E:809,?:3",0.000,0.191291835757791,0.2702710395322008,0.6696428571428571,-,0.6666666666666666
RNA-dependent_RNA_polymerase_NS5,158,E:E:7,negative,1.0,2.655,E,"E:809,?:3",0.000,0.0007049936304538429,0.006773788668742278,0.6696428571428571,-,0.6666666666666666
RNA-dependent_RNA_polymerase_NS5,159,S:S:5,negative,1.0,0.926,S,"S:809,?:3",0.000,0.01675830633704756,0.04410080615012516,0.6696428571428571,-,0.6666666666666666
RNA-dependent_RNA_polymerase_NS5,160,R:R:4,negative,1.0,1.398,R,"R:809,?:3",0.000,0.009572963258004719,0.03083762092183758,0.6696428571428571,-,0.6666666666666666
RNA-dependent_RNA_polymerase_NS5,17,L:L:12,negative,1.0,1.461,L,"L:807,?:5",0.000,0.002940621701258306,0.015660115568831214,0.6696428571428571,-,0.6666666666666666
RNA-dependent_RNA_polymerase_NS5,161,T:T:12,negative,1.0,1.658,T,"T:807,?:5",0.000,0.0002415155020810689,0.0033440607980455696,0.6696428571428571,-,0.6666666666666666
RNA-dependent_RNA_polymerase_NS5,162,"I:I:2,I:V:1",negative,1.0,2.509,I,"I:796,?:15,V:1",0.000,0.003035165908738202,0.015881682080606873,0.6696428571428571,-,0.6666666666666666
RNA-dependent_RNA_polymerase_NS5,163,R:R:1,neutral,1.0,0.343,R,"R:799,?:13",0.000,0.1968238940411947,0.27243495086044106,0.6696428571428571,-,0.6666666666666666
RNA-dependent_RNA_polymerase_NS5,164,V:V:6,negative,1.0,0.806,V,"V:799,?:13",0.000,0.01239217922889591,0.035406226368274035,0.6696428571428571,-,0.6666666666666666
RNA-dependent_RNA_polymerase_NS5,165,L:L:6,neutral,1.0,0.685,L,"L:799,?:13",0.000,0.03869271401129637,0.07681796517165443,0.6696428571428571,-,0.6666666666666666
RNA-dependent_RNA_polymerase_NS5,166,K:K:2,neutral,1.0,0.544,K,"K:799,?:13",0.000,0.110551720491418,0.17364144579803872,0.6696428571428571,-,0.6666666666666666
RNA-dependent_RNA_polymerase_NS5,167,NA,neutral,1.0,0.153,M,"M:799,?:13",0.000,0.9999999370871746,1.0,0.6696428571428571,-,0.6666666666666666
RNA-dependent_RNA_polymerase_NS5,168,"V:V:5,I:V:1",neutral,1.0,0.625,V,"V:798,?:13,I:1",0.000,0.02622798660210157,0.0588658053413751,0.6696428571428571,-,0.6666666666666666
RNA-dependent_RNA_polymerase_NS5,169,E:E:3,neutral,1.0,1.063,E,"E:799,?:13",0.000,0.02953620463737627,0.06452083537290933,0.6696428571428571,-,0.6666666666666666
RNA-dependent_RNA_polymerase_NS5,170,NA,neutral,1.0,0.000,P,"P:799,?:13",0.000,0.9999999417540417,1.0,0.6696428571428571,-,0.6666666666666666
RNA-dependent_RNA_polymerase_NS5,18,N:N:3,neutral,1.0,0.448,N,N:812,0.000,0.09736725176040484,0.15648308318636492,0.6696428571428571,-,0.6666666666666666
RNA-dependent_RNA_polymerase_NS5,171,NA,neutral,1.0,0.153,W,"W:799,?:13",0.000,1.0,1.0,0.6696428571428571,-,0.6666666666666666
RNA-dependent_RNA_polymerase_NS5,172,L:L:14,negative,1.0,1.332,L,"L:798,?:14",0.000,0.003817634861485675,0.018472426749124235,0.6696428571428571,-,0.6666666666666666
RNA-dependent_RNA_polymerase_NS5,173,"K:R:3,K:K:4",neutral,1.0,1.496,K,"K:791,R:8,?:13",0.297,0.1047007228670555,0.1658104260324352,0.6696428571428571,-,0.4353148734519717
RNA-dependent_RNA_polymerase_NS5,174,"N:N:10,N:S:2",negative,1.0,1.952,N,"N:797,S:2,?:13",0.000,0.001034598365657002,0.008542555312764235,0.6696428571428571,-,0.6666666666666666
RNA-dependent_RNA_polymerase_NS5,175,N:N:5,neutral,1.0,0.923,N,"N:799,?:13",0.000,0.02308874124125981,0.055561142024422,0.6696428571428571,-,0.6666666666666666
RNA-dependent_RNA_polymerase_NS5,176,Q:Q:5,neutral,1.0,1.363,Q,"Q:799,?:13",0.000,0.03372867375409172,0.07072668836109741,0.6696428571428571,-,0.6666666666666666
RNA-dependent_RNA_polymerase_NS5,177,F:F:5,negative,1.0,0.755,F,"F:799,?:13",0.000,0.007863676543445774,0.027431429802717816,0.6696428571428571,-,0.6666666666666666
RNA-dependent_RNA_polymerase_NS5,178,C:C:4,neutral,1.0,0.729,C,"C:799,?:13",0.000,0.02328145722505981,0.05572689229402614,0.6696428571428571,-,0.6666666666666666
RNA-dependent_RNA_polymerase_NS5,179,"I:I:14,I:V:3",negative,1.0,2.072,I,"I:794,V:5,?:13",0.377,0.007699648901781431,0.027079962831149565,0.6696428571428571,-,0.6666666666666666
RNA-dependent_RNA_polymerase_NS5,180,K:K:1,neutral,1.0,0.376,K,"K:799,?:13",0.000,0.1988472558986736,0.27243495086044106,0.6696428571428571,-,0.6666666666666666
RNA-dependent_RNA_polymerase_NS5,19,"Q:Q:2,L:Q:1,H:Q:1",neutral,1.0,0.682,Q,"Q:810,L:1,H:1",0.000,0.1368236647465327,0.20557812733201908,0.6696428571428571,-,0.6666666666666666
RNA-dependent_RNA_polymerase_NS5,181,"I:V:3,V:V:4",negative,1.0,1.169,V,"V:796,I:3,?:13",0.000,0.006959287265787872,0.025989039581780435,0.6696428571428571,-,0.6666666666666666
RNA-dependent_RNA_polymerase_NS5,182,L:L:11,negative,1.0,1.280,L,"L:798,?:14",0.000,0.005080504057783153,0.021875967895502665,0.6696428571428571,-,0.6666666666666666
RNA-dependent_RNA_polymerase_NS5,183,N:N:2,neutral,1.0,0.355,N,"N:800,?:12",0.000,0.1551434975751962,0.22741305798538747,0.6696428571428571,-,0.6666666666666666
RNA-dependent_RNA_polymerase_NS5,184,P:P:9,negative,1.0,1.150,P,"P:800,?:12",0.000,0.0005767217636314381,0.006106465732568169,0.6696428571428571,-,0.6666666666666666
RNA-dependent_RNA_polymerase_NS5,185,Y:Y:1,neutral,1.0,0.179,Y,"Y:800,?:12",0.000,0.2820078862392381,0.36103427825791506,0.6696428571428571,-,0.6666666666666666
RNA-dependent_RNA_polymerase_NS5,186,NA,neutral,1.0,0.153,M,"M:800,?:12",0.000,0.9999999370871746,1.0,0.6696428571428571,-,0.6666666666666666
RNA-dependent_RNA_polymerase_NS5,187,"P:P:4,P:T:1",negative,1.0,1.173,P,"P:800,?:11,T:1",0.000,0.002455736707333012,0.01416771177307507,0.6696428571428571,-,0.6666666666666666
RNA-dependent_RNA_polymerase_NS5,188,"A:T:6,A:A:2,T:T:4",neutral,1.0,1.422,A,"A:485,T:316,?:11",0.743,0.2613380514595729,0.3408757192950951,0.6696428571428571,-,0.6666666666666666
RNA-dependent_RNA_polymerase_NS5,189,V:V:1,neutral,1.0,0.231,V,"V:801,?:11",0.000,0.2107706498103706,0.2843530037225554,0.6696428571428571,-,0.6666666666666666
RNA-dependent_RNA_polymerase_NS5,190,"I:V:1,I:I:5",negative,1.0,0.683,I,"I:799,V:1,?:12",0.000,0.01899353677582361,0.04748384193955903,0.6696428571428571,-,0.6666666666666666
RNA-dependent_RNA_polymerase_NS5,20,L:L:10,negative,1.0,1.309,L,L:812,0.000,0.005128699139945625,0.021875967895502665,0.6696428571428571,-,0.6666666666666666
RNA-dependent_RNA_polymerase_NS5,191,E:E:5,negative,1.0,1.339,E,"E:801,?:11",0.000,0.01195269866186111,0.03507105584434874,0.6696428571428571,-,0.6666666666666666
RNA-dependent_RNA_polymerase_NS5,192,"H:H:4,H:Y:1",neutral,1.0,0.736,H,"H:799,Y:3,?:10",0.182,0.1648631651745507,0.2370275894081047,0.6696428571428571,-,0.6236894040883447
RNA-dependent_RNA_polymerase_NS5,193,L:L:14,negative,1.0,1.373,L,"L:803,?:9",0.000,0.003397644897215057,0.01727616049431385,0.6696428571428571,-,0.6666666666666666
RNA-dependent_RNA_polymerase_NS5,194,E:E:4,negative,1.0,1.549,E,"E:803,?:9",0.000,0.009591839511546851,0.03083762092183758,0.6696428571428571,-,0.6666666666666666
RNA-dependent_RNA_polymerase_NS5,195,"K:R:3,G:R:1",neutral,1.0,0.000,R,"R:793,K:7,?:11,G:1",0.828,0.06051280593250274,0.10945773028371744,0.6696428571428571,-,0.02212971477032155
RNA-dependent_RNA_polymerase_NS5,196,L:L:8,neutral,1.0,0.761,L,"L:802,?:10",0.000,0.02791084097164631,0.0618713223509401,0.6696428571428571,-,0.6666666666666666
RNA-dependent_RNA_polymerase_NS5,197,Q:Q:1,neutral,1.0,0.376,Q,"Q:802,?:10",0.000,0.2705241911354525,0.3473206448244041,0.6696428571428571,-,0.6666666666666666
RNA-dependent_RNA_polymerase_NS5,198,R:R:4,negative,1.0,1.077,R,"R:801,?:11",0.000,0.01685519533805602,0.04421999436720538,0.6696428571428571,-,0.6666666666666666
RNA-dependent_RNA_polymerase_NS5,199,NA,neutral,1.0,0.000,K,"K:802,?:10",0.000,0.9999999468289579,1.0,0.6696428571428571,-,0.6666666666666666
RNA-dependent_RNA_polymerase_NS5,200,"H:H:8,H:Y:7",neutral,1.0,1.325,H,"H:632,Y:170,?:10",0.971,0.587966359019311,0.7074461539002406,0.6696428571428571,-,0.6666666666666666
RNA-dependent_RNA_polymerase_NS5,3,G:G:1,neutral,1.0,0.187,G,"G:810,?:2",0.000,0.3010863917401601,0.38327829217276393,0.6696428571428571,-,0.6666666666666666
RNA-dependent_RNA_polymerase_NS5,21,"S:S:8,S:T:1",negative,1.0,1.282,S,"S:811,T:1",0.000,0.0007150110261450182,0.006773788668742278,0.6696428571428571,-,0.6666666666666666
RNA-dependent_RNA_polymerase_NS5,201,NA,neutral,1.0,0.000,G,"G:802,?:10",0.000,0.9999999468289579,1.0,0.6696428571428571,-,0.6666666666666666
RNA-dependent_RNA_polymerase_NS5,202,G:G:3,neutral,1.0,0.878,G,"G:803,?:9",0.000,0.03808774778526514,0.07651556474718445,0.6696428571428571,-,0.6666666666666666
RNA-dependent_RNA_polymerase_NS5,203,NA,neutral,1.0,0.153,M,"M:803,?:9",0.000,0.9999999370871746,1.0,0.6696428571428571,-,0.6666666666666666
RNA-dependent_RNA_polymerase_NS5,204,L:L:2,neutral,1.0,0.248,L,"L:802,?:10",0.000,0.1135112702525726,0.1769353229575364,0.6696428571428571,-,0.6666666666666666
RNA-dependent_RNA_polymerase_NS5,205,NA,neutral,1.0,0.000,V,"V:801,?:11",0.000,0.9999999286635612,1.0,0.6696428571428571,-,0.6666666666666666
RNA-dependent_RNA_polymerase_NS5,206,R:R:1,neutral,1.0,0.343,R,"R:801,?:11",0.000,0.1965603940604194,0.27243495086044106,0.6696428571428571,-,0.6666666666666666
RNA-dependent_RNA_polymerase_NS5,207,N:N:8,negative,1.0,1.287,N,"N:802,?:10",0.000,0.005725420838300965,0.023316193459144204,0.6696428571428571,-,0.6666666666666666
RNA-dependent_RNA_polymerase_NS5,208,NA,neutral,1.0,0.000,P,"P:802,?:10",0.000,0.9999999417540417,1.0,0.6696428571428571,-,0.6666666666666666
RNA-dependent_RNA_polymerase_NS5,209,L:L:4,negative,1.0,0.561,L,"L:803,?:9",0.000,0.01948427006597941,0.048441555412656,0.6696428571428571,-,0.6666666666666666
RNA-dependent_RNA_polymerase_NS5,210,S:S:1,neutral,1.0,0.290,S,"S:803,?:9",0.000,0.1497602441927369,0.22315268174414438,0.6696428571428571,-,0.6666666666666666
RNA-dependent_RNA_polymerase_NS5,22,R:R:4,negative,1.0,0.825,R,R:812,0.000,0.0158716943566457,0.042768038685572246,0.6696428571428571,-,0.6666666666666666
RNA-dependent_RNA_polymerase_NS5,211,R:R:6,negative,1.0,1.500,R,"R:800,?:12",0.000,0.01766859468536552,0.045047408546257696,0.6696428571428571,-,0.6666666666666666
RNA-dependent_RNA_polymerase_NS5,212,N:N:2,neutral,1.0,0.362,N,"N:788,?:24",0.000,0.1530306843684127,0.22574568885676763,0.6696428571428571,-,0.6666666666666666
RNA-dependent_RNA_polymerase_NS5,213,S:S:3,neutral,1.0,0.470,S,"S:800,?:12",0.000,0.03863110425983574,0.07681796517165443,0.6696428571428571,-,0.6666666666666666
RNA-dependent_RNA_polymerase_NS5,214,T:T:5,negative,1.0,1.168,T,"T:800,?:12",0.000,0.003972043375210954,0.01878570153471431,0.6696428571428571,-,0.6666666666666666
RNA-dependent_RNA_polymerase_NS5,215,H:H:8,negative,1.0,1.425,H,"H:799,?:13",0.000,0.0009783534622268553,0.00826800132694858,0.6696428571428571,-,0.6666666666666666
RNA-dependent_RNA_polymerase_NS5,216,E:E:1,neutral,1.0,0.374,E,"E:799,?:13",0.000,0.1980665273969197,0.27243495086044106,0.6696428571428571,-,0.6666666666666666
RNA-dependent_RNA_polymerase_NS5,217,NA,neutral,1.0,0.153,M,"M:799,?:13",0.000,0.9999999370871746,1.0,0.6696428571428571,-,0.6666666666666666
RNA-dependent_RNA_polymerase_NS5,218,Y:Y:13,negative,1.0,2.586,Y,"Y:787,?:25",0.000,7.408151015941833e-05,0.0019609811512787205,0.6696428571428571,-,0.6666666666666666
RNA-dependent_RNA_polymerase_NS5,219,NA,neutral,1.0,0.153,W,"W:799,?:13",0.000,1.0,1.0,0.6696428571428571,-,0.6666666666666666
RNA-dependent_RNA_polymerase_NS5,220,NA,neutral,1.0,0.000,I,"I:799,?:13",0.000,0.9999999370871746,1.0,0.6696428571428571,-,0.6666666666666666
RNA-dependent_RNA_polymerase_NS5,23,K:R:3,neutral,1.0,0.000,K,"K:802,R:10",0.589,0.1275646228922191,0.19426084704398847,0.6696428571428571,-,0.1488597354923304
RNA-dependent_RNA_polymerase_NS5,221,S:S:14,negative,1.0,2.031,S,"S:799,?:13",0.000,1.722451620111976e-05,0.0008950491793324746,0.6696428571428571,-,0.6666666666666666
RNA-dependent_RNA_polymerase_NS5,222,"N:S:1,N:N:3",neutral,1.0,0.448,N,"N:798,S:1,?:13",0.000,0.09697687630597007,0.1561345056804527,0.6696428571428571,-,0.6666666666666666
RNA-dependent_RNA_polymerase_NS5,223,G:G:13,negative,1.0,1.818,G,"G:799,?:13",0.000,0.00102942197333078,0.008542555312764235,0.6696428571428571,-,0.6666666666666666
RNA-dependent_RNA_polymerase_NS5,224,T:T:7,negative,1.0,1.776,T,"T:801,?:11",0.000,0.0004692608631176043,0.005345649914750561,0.6696428571428571,-,0.6666666666666666
RNA-dependent_RNA_polymerase_NS5,225,G:G:10,negative,1.0,1.473,G,"G:801,?:11",0.000,0.003131465342581241,0.01629086016371744,0.6696428571428571,-,0.6666666666666666
RNA-dependent_RNA_polymerase_NS5,226,N:N:5,neutral,1.0,0.949,N,"N:800,?:12",0.000,0.02130936519531312,0.05169387783229598,0.6696428571428571,-,0.6666666666666666
RNA-dependent_RNA_polymerase_NS5,227,"I:I:11,I:V:1,I:L:1",negative,1.0,1.654,I,"I:795,V:2,L:1,?:14",0.187,0.006327379796815968,0.02428189348053768,0.6696428571428571,-,0.1646107346885138
RNA-dependent_RNA_polymerase_NS5,228,V:V:6,negative,1.0,0.940,V,"V:798,?:14",0.000,0.00802250025070983,0.027770193175534023,0.6696428571428571,-,0.6666666666666666
RNA-dependent_RNA_polymerase_NS5,229,"A:S:2,S:S:5,F:S:1",neutral,1.0,0.624,S,"S:762,A:33,?:14,F:3",0.308,0.3830725156007101,0.4729290316058149,0.6696428571428571,-,0.5803626276440511
RNA-dependent_RNA_polymerase_NS5,230,S:S:2,neutral,1.0,0.585,S,"S:798,?:14",0.000,0.04139984326275092,0.08099969334016484,0.6696428571428571,-,0.6666666666666666
RNA-dependent_RNA_polymerase_NS5,24,"E:E:3,D:E:2",neutral,1.0,0.852,E,"E:800,D:12",0.604,0.7057432229989185,0.8368496715402195,0.6696428571428571,-,0.6666666666666666
RNA-dependent_RNA_polymerase_NS5,231,V:V:6,negative,1.0,0.943,V,"V:799,?:13",0.000,0.007967515375393641,0.02768634686430223,0.6696428571428571,-,0.6666666666666666
RNA-dependent_RNA_polymerase_NS5,232,N:N:8,negative,1.0,1.504,N,"N:799,?:13",0.000,0.003870082605675229,0.018526991197381416,0.6696428571428571,-,0.6666666666666666
RNA-dependent_RNA_polymerase_NS5,233,"M:T:4,M:N:1",neutral,1.0,0.061,M,"M:793,T:5,?:13,N:1",0.304,0.93511127739738,1.0,0.6696428571428571,-,0.1089551247194748
RNA-dependent_RNA_polymerase_NS5,234,"I:V:4,V:V:4,A:V:1,H:V:1,I:T:4",neutral,0.07176132530746226,1.647,V,"I:376,V:416,A:1,?:14,H:1,T:4",0.841,0.3668158803356377,0.4559865915774502,0.06937153518746797,-,7.707948354163108e-05
RNA-dependent_RNA_polymerase_NS5,235,S:S:11,negative,1.0,1.760,S,"S:799,?:13",0.000,7.728560572628496e-05,0.0019873441472473274,0.6696428571428571,-,0.6666666666666666
RNA-dependent_RNA_polymerase_NS5,236,"R:R:4,R:V:1",neutral,1.0,1.396,R,"R:798,?:13,V:1",0.533,0.2539314414629605,0.3326612770257124,0.6696428571428571,-,0.006665962891777899
RNA-dependent_RNA_polymerase_NS5,237,"L:L:9,L:M:1",neutral,1.0,0.966,L,"L:797,M:2,?:13",0.267,0.1585806164711024,0.2309426453462656,0.6696428571428571,-,0.6149601750408363
RNA-dependent_RNA_polymerase_NS5,238,L:L:15,negative,1.0,1.639,L,"L:799,?:13",0.000,0.001533556234450284,0.010953973103216314,0.6696428571428571,-,0.6666666666666666
RNA-dependent_RNA_polymerase_NS5,239,L:L:10,negative,1.0,0.892,L,"L:799,?:13",0.000,0.01674305355940398,0.04410080615012516,0.6696428571428571,-,0.6666666666666666
RNA-dependent_RNA_polymerase_NS5,240,"N:N:4,N:S:1",neutral,1.0,0.723,N,"N:798,?:13,S:1",0.000,0.04327795878029672,0.08320457399378262,0.6696428571428571,-,0.6666666666666666
RNA-dependent_RNA_polymerase_NS5,25,F:F:3,neutral,1.0,0.448,F,F:812,0.000,0.03991649903461592,0.07843853522086099,0.6696428571428571,-,0.6666666666666666
RNA-dependent_RNA_polymerase_NS5,241,R:R:4,negative,1.0,1.218,R,"R:799,?:13",0.000,0.0129450564760708,0.036069816806389224,0.6696428571428571,-,0.6666666666666666
RNA-dependent_RNA_polymerase_NS5,242,"F:F:8,F:L:1",negative,1.0,1.470,F,"F:797,?:14,L:1",0.000,0.0003852549897082058,0.004749719051197058,0.6696428571428571,-,0.6666666666666666
RNA-dependent_RNA_polymerase_NS5,243,T:T:10,negative,1.0,2.652,T,"T:798,?:14",0.000,2.293623814553225e-05,0.000982981634808525,0.6696428571428571,-,0.6666666666666666
RNA-dependent_RNA_polymerase_NS5,244,NA,neutral,1.0,0.153,M,"M:798,?:14",0.000,0.9999999370871746,1.0,0.6696428571428571,-,0.6666666666666666
RNA-dependent_RNA_polymerase_NS5,245,"T:T:1,A:T:2",neutral,1.0,0.291,T,"T:796,?:14,A:2",0.000,0.1646287890721403,0.2370275894081047,0.6696428571428571,-,0.6666666666666666
RNA-dependent_RNA_polymerase_NS5,246,"H:H:6,H:Y:4,Y:Y:1,H:R:1",neutral,1.0,1.301,H,"H:708,Y:89,?:14,R:1",0.186,0.02558562642376572,0.0581038519371106,0.6696428571428571,-,0.6666666666666666
RNA-dependent_RNA_polymerase_NS5,247,R:R:4,negative,1.0,1.021,R,"R:797,?:15",0.000,0.01886351483999771,0.047290148623949695,0.6696428571428571,-,0.6666666666666666
RNA-dependent_RNA_polymerase_NS5,248,"R:R:2,K:R:2",neutral,1.0,0.690,R,"R:795,K:3,?:14",0.266,0.420474798141043,0.5155685535789355,0.6696428571428571,-,0.6666666666666666
RNA-dependent_RNA_polymerase_NS5,249,"P:P:14,H:P:1",negative,1.0,2.092,P,"P:793,H:1,?:18",0.000,6.230275610086267e-06,0.0006190933670613408,0.6696428571428571,-,0.6666666666666666
RNA-dependent_RNA_polymerase_NS5,250,T:T:4,neutral,1.0,0.631,T,"T:798,?:14",0.000,0.02488725603530062,0.0577991721353007,0.6696428571428571,-,0.6666666666666666
RNA-dependent_RNA_polymerase_NS5,26,"D:D:4,D:E:2,D:G:1",neutral,1.0,0.718,D,"D:801,E:8,G:2,?:1",0.550,0.7559092296548092,0.8869860582650956,0.6696428571428571,-,0.6563627262193519
RNA-dependent_RNA_polymerase_NS5,251,"I:T:1,I:M:4,I:V:1,I:I:2",neutral,1.0,1.554,I,"I:788,T:1,M:7,V:1,?:15",0.319,0.1314203298945028,0.198453518297068,0.6696428571428571,-,0.6666666666666666
RNA-dependent_RNA_polymerase_NS5,252,"E:E:5,E:G:1",neutral,1.0,1.346,E,"E:779,G:19,?:14",0.303,0.1194313405453953,0.18374052391599274,0.6696428571428571,-,0.1815707786038656
RNA-dependent_RNA_polymerase_NS5,253,K:K:4,negative,1.0,1.548,K,"K:798,?:14",0.000,0.00988808618644954,0.031102804759038198,0.6696428571428571,-,0.6666666666666666
RNA-dependent_RNA_polymerase_NS5,254,D:D:4,neutral,1.0,0.603,D,"D:808,?:4",0.000,0.05571415605278895,0.10212370763240336,0.6696428571428571,-,0.6666666666666666
RNA-dependent_RNA_polymerase_NS5,255,V:V:3,neutral,1.0,0.695,V,"V:808,?:4",0.000,0.03024234883958676,0.0655858167605496,0.6696428571428571,-,0.6666666666666666
RNA-dependent_RNA_polymerase_NS5,256,"D:D:10,D:N:1",negative,1.0,1.567,D,"D:807,?:4,N:1",0.000,0.002237681186289642,0.013818395014565344,0.6696428571428571,-,0.6666666666666666
RNA-dependent_RNA_polymerase_NS5,257,L:L:15,negative,1.0,2.039,L,"L:808,?:4",0.000,0.0005333211835308882,0.005783000785274692,0.6696428571428571,-,0.6666666666666666
RNA-dependent_RNA_polymerase_NS5,258,G:G:2,neutral,1.0,0.589,G,"G:808,?:4",0.000,0.08938214912105225,0.14662384427775155,0.6696428571428571,-,0.6666666666666666
RNA-dependent_RNA_polymerase_NS5,259,"A:A:5,A:V:2",negative,1.0,1.448,A,"A:806,?:4,V:2",0.000,0.002068886102937317,0.013299982090311323,0.6696428571428571,-,0.6666666666666666
RNA-dependent_RNA_polymerase_NS5,260,G:G:4,negative,1.0,1.138,G,"G:807,?:5",0.000,0.01746089329785006,0.044644329454730264,0.6696428571428571,-,0.6666666666666666
RNA-dependent_RNA_polymerase_NS5,27,"L:L:5,F:L:3,L:R:2",neutral,1.0,0.643,L,"L:803,F:6,R:3",0.435,0.590623273124002,0.7096941866643548,0.6696428571428571,-,0.6666666666666666
RNA-dependent_RNA_polymerase_NS5,261,T:T:6,negative,1.0,0.841,T,"T:808,?:4",0.000,0.008534268809076373,0.029094098212760364,0.6696428571428571,-,0.6666666666666666
RNA-dependent_RNA_polymerase_NS5,262,R:R:4,neutral,1.0,1.038,R,"R:808,?:4",0.000,0.06056661075699032,0.10945773028371744,0.6696428571428571,-,0.6666666666666666
RNA-dependent_RNA_polymerase_NS5,263,"H:H:4,H:R:1",neutral,1.0,0.607,H,"H:807,R:1,?:4",0.000,0.02569481452330002,0.0581038519371106,0.6696428571428571,-,0.6666666666666666
RNA-dependent_RNA_polymerase_NS5,264,"V:V:18,I:V:1",negative,1.0,2.762,V,"V:805,I:1,?:6",0.000,6.878815189570453e-06,0.0006190933670613408,0.6696428571428571,-,0.6666666666666666
RNA-dependent_RNA_polymerase_NS5,265,"N:N:6,N:S:1",negative,1.0,0.915,N,"N:807,S:1,?:4",0.000,0.01826439553447556,0.04630410135500846,0.6696428571428571,-,0.6666666666666666
RNA-dependent_RNA_polymerase_NS5,266,"A:V:3,A:T:2,A:A:1",neutral,1.0,0.230,A,"A:800,V:5,T:3,?:4",0.364,0.7019411692989206,0.8345403598005661,0.6696428571428571,-,0.4396250827224303
RNA-dependent_RNA_polymerase_NS5,267,NA,neutral,1.0,0.000,E,"E:806,?:6",0.000,0.9999999524423742,1.0,0.6696428571428571,-,0.6666666666666666
RNA-dependent_RNA_polymerase_NS5,268,P:S:1,neutral,1.0,0.000,P,"P:804,S:1,?:7",0.000,1.0,1.0,0.6696428571428571,-,0.6666666666666666
RNA-dependent_RNA_polymerase_NS5,269,NA,neutral,1.0,0.000,E,"E:806,?:6",0.000,0.9999999524423742,1.0,0.6696428571428571,-,0.6666666666666666
RNA-dependent_RNA_polymerase_NS5,270,NA,neutral,1.0,0.000,T,"T:807,?:5",0.000,0.9999999211345997,1.0,0.6696428571428571,-,0.6666666666666666
RNA-dependent_RNA_polymerase_NS5,28,"Y:Y:1,S:Y:1",neutral,1.0,0.179,Y,"Y:811,S:1",0.000,0.2825192683385979,0.36117520100104844,0.6696428571428571,-,0.6666666666666666
RNA-dependent_RNA_polymerase_NS5,271,P:P:6,negative,1.0,0.953,P,"P:807,?:5",0.000,0.002359221045991733,0.01406158239332821,0.6696428571428571,-,0.6666666666666666
RNA-dependent_RNA_polymerase_NS5,272,"N:N:6,D:N:1,N:S:1",negative,1.0,1.142,N,"N:801,?:9,D:1,S:1",0.000,0.01212392988517097,0.03507105584434874,0.6696428571428571,-,0.6666666666666666
RNA-dependent_RNA_polymerase_NS5,273,NA,neutral,1.0,0.153,M,"M:807,?:5",0.000,0.9999999370871746,1.0,0.6696428571428571,-,0.6666666666666666
RNA-dependent_RNA_polymerase_NS5,274,"D:E:2,D:D:6,D:G:1",neutral,1.0,1.002,D,"D:774,E:30,G:2,?:6",0.800,0.7513167699207312,0.8839020822596837,0.6696428571428571,-,0.635745534102808
RNA-dependent_RNA_polymerase_NS5,275,"V:V:3,I:V:2",neutral,1.0,0.465,V,"V:804,I:2,?:6",0.000,0.06088507244937735,0.10958031379956132,0.6696428571428571,-,0.6666666666666666
RNA-dependent_RNA_polymerase_NS5,276,I:I:3,neutral,1.0,0.394,I,"I:806,?:6",0.000,0.0733517131275454,0.1238584274198703,0.6696428571428571,-,0.6666666666666666
RNA-dependent_RNA_polymerase_NS5,277,G:G:6,negative,1.0,1.538,G,"G:807,?:5",0.000,0.004772036354309228,0.021156811423045842,0.6696428571428571,-,0.6666666666666666
RNA-dependent_RNA_polymerase_NS5,278,"E:E:2,D:E:2",neutral,1.0,0.758,E,"E:802,D:5,?:5",0.292,0.4199867910678901,0.5155685535789355,0.6696428571428571,-,0.6432012241932655
RNA-dependent_RNA_polymerase_NS5,279,R:R:5,negative,1.0,1.768,R,"R:807,?:5",0.000,0.003688859385369447,0.017945802415310824,0.6696428571428571,-,0.6666666666666666
RNA-dependent_RNA_polymerase_NS5,280,I:L:1,neutral,1.0,0.000,I,"I:806,L:1,?:5",0.000,1.0,1.0,0.6696428571428571,-,0.6666666666666666
RNA-dependent_RNA_polymerase_NS5,29,"K:K:2,K:R:2",neutral,1.0,0.525,K,"K:809,R:3",0.306,0.6548821631438733,0.7816895846544906,0.6696428571428571,-,0.4693077065197945
RNA-dependent_RNA_polymerase_NS5,281,"K:R:6,E:K:1",neutral,1.0,0.000,K,"K:693,R:109,E:2,?:8",1.194,0.02969649480274206,0.06455759739726535,0.6696428571428571,-,0.04108942505825153
RNA-dependent_RNA_polymerase_NS5,282,"R:R:3,K:R:4",neutral,1.0,0.765,R,"R:802,?:5,K:5",0.256,0.3104596303445991,0.39409544049384937,0.6696428571428571,-,0.3453412056577598
RNA-dependent_RNA_polymerase_NS5,283,I:I:2,neutral,1.0,0.326,I,"I:808,?:4",0.000,0.1143903912023565,0.1774682432166332,0.6696428571428571,-,0.6666666666666666
RNA-dependent_RNA_polymerase_NS5,284,K:K:3,neutral,1.0,0.789,K,"K:808,?:4",0.000,0.05384736959328484,0.09939417254113371,0.6696428571428571,-,0.6666666666666666
RNA-dependent_RNA_polymerase_NS5,285,E:E:2,neutral,1.0,0.531,E,"E:808,?:4",0.000,0.1121166160669647,0.17579260358931748,0.6696428571428571,-,0.6666666666666666
RNA-dependent_RNA_polymerase_NS5,286,E:E:1,neutral,1.0,0.263,E,"E:808,?:4",0.000,0.262761329979544,0.3422361750818952,0.6696428571428571,-,0.6666666666666666
RNA-dependent_RNA_polymerase_NS5,287,H:H:14,negative,1.0,2.201,H,"H:807,?:5",0.000,2.778853461815611e-05,0.001042070048180854,0.6696428571428571,-,0.6666666666666666
RNA-dependent_RNA_polymerase_NS5,288,"N:N:4,N:S:4,S:S:3,G:S:1,R:S:1",neutral,1.0,1.075,N,"N:518,S:287,G:1,R:2,?:4",0.987,0.8947525654132719,1.0,0.6696428571428571,-,0.6666666666666666
RNA-dependent_RNA_polymerase_NS5,289,S:S:3,negative,1.0,0.884,S,"S:808,?:4",0.000,0.01234461968724077,0.03538266789336527,0.6696428571428571,-,0.6666666666666666
RNA-dependent_RNA_polymerase_NS5,290,T:T:2,neutral,1.0,0.577,T,"T:808,?:4",0.000,0.05016678909627681,0.09406272955551902,0.6696428571428571,-,0.6666666666666666
RNA-dependent_RNA_polymerase_NS5,30,K:K:5,negative,1.0,1.639,K,"K:807,?:5",0.000,0.00665227604276708,0.02515683610903643,0.6696428571428571,-,0.6666666666666666
RNA-dependent_RNA_polymerase_NS5,291,NA,neutral,1.0,0.153,W,"W:808,?:4",0.000,1.0,1.0,0.6696428571428571,-,0.6666666666666666
RNA-dependent_RNA_polymerase_NS5,292,H:H:3,neutral,1.0,0.541,H,"H:808,?:4",0.000,0.04234641143749052,0.08231483864738978,0.6696428571428571,-,0.6666666666666666
RNA-dependent_RNA_polymerase_NS5,293,"Y:Y:1,H:Y:3",neutral,1.0,0.296,Y,"Y:798,H:10,?:4",0.230,0.8326388247953759,0.9681846799946232,0.6696428571428571,-,0.6666666666666666
RNA-dependent_RNA_polymerase_NS5,294,D:D:2,neutral,1.0,0.297,D,"D:808,?:4",0.000,0.1780054537869969,0.2522911943437751,0.6696428571428571,-,0.6666666666666666
RNA-dependent_RNA_polymerase_NS5,295,"D:D:2,D:E:1",neutral,1.0,0.326,D,"D:807,?:4,E:1",0.000,0.1658150288727207,0.23752562514636544,0.6696428571428571,-,0.6666666666666666
RNA-dependent_RNA_polymerase_NS5,296,"E:E:4,D:E:1",negative,1.0,1.561,E,"E:807,D:1,?:4",0.000,0.009348795540129462,0.03083762092183758,0.6696428571428571,-,0.6666666666666666
RNA-dependent_RNA_polymerase_NS5,297,N:N:8,negative,1.0,1.382,N,"N:808,?:4",0.000,0.004682113714555403,0.02086090268861318,0.6696428571428571,-,0.6666666666666666
RNA-dependent_RNA_polymerase_NS5,298,P:P:9,negative,1.0,1.271,P,"P:808,?:4",0.000,0.000358451855594244,0.00448064819492805,0.6696428571428571,-,0.6666666666666666
RNA-dependent_RNA_polymerase_NS5,299,Y:Y:7,negative,1.0,1.306,Y,"Y:808,?:4",0.000,0.004150053138973986,0.019248076628422667,0.6696428571428571,-,0.6666666666666666
RNA-dependent_RNA_polymerase_NS5,300,"K:R:1,K:K:2",neutral,1.0,0.759,K,"K:807,R:1,?:4",0.000,0.0689588056341679,0.11775298973840656,0.6696428571428571,-,0.6666666666666666
RNA-dependent_RNA_polymerase_NS5,4,"S:S:7,P:S:1",negative,1.0,1.434,S,"S:802,P:3,?:7",0.157,0.009983889405575819,0.031199654392424434,0.6696428571428571,-,0.6666666666666666
RNA-dependent_RNA_polymerase_NS5,31,"S:S:6,S:T:1",negative,1.0,0.795,S,"S:806,T:1,?:5",0.000,0.00607713469548965,0.023780092286698633,0.6696428571428571,-,0.6666666666666666
RNA-dependent_RNA_polymerase_NS5,301,T:T:2,neutral,1.0,0.464,T,"T:807,?:5",0.000,0.06841791211795845,0.11775298973840656,0.6696428571428571,-,0.6666666666666666
RNA-dependent_RNA_polymerase_NS5,302,NA,neutral,1.0,0.153,W,"W:808,?:4",0.000,1.0,1.0,0.6696428571428571,-,0.6666666666666666
RNA-dependent_RNA_polymerase_NS5,303,A:A:1,neutral,1.0,0.123,A,"A:808,?:4",0.000,0.3069991112105418,0.3902531074710277,0.6696428571428571,-,0.6666666666666666
RNA-dependent_RNA_polymerase_NS5,304,Y:Y:2,neutral,1.0,0.373,Y,"Y:808,?:4",0.000,0.1229583948530379,0.18820162477505803,0.6696428571428571,-,0.6666666666666666
RNA-dependent_RNA_polymerase_NS5,305,H:H:5,negative,1.0,0.808,H,"H:808,?:4",0.000,0.01111114718197548,0.033702396162234756,0.6696428571428571,-,0.6666666666666666
RNA-dependent_RNA_polymerase_NS5,306,G:G:1,neutral,1.0,0.289,G,"G:808,?:4",0.000,0.2320959169511512,0.30673469200592673,0.6696428571428571,-,0.6666666666666666
RNA-dependent_RNA_polymerase_NS5,307,S:S:9,negative,1.0,1.259,S,"S:808,?:4",0.000,0.0006253305017632771,0.0064689362251373495,0.6696428571428571,-,0.6666666666666666
RNA-dependent_RNA_polymerase_NS5,308,Y:Y:1,neutral,1.0,0.148,Y,"Y:808,?:4",0.000,0.3173473194781606,0.40114127462127036,0.6696428571428571,-,0.6666666666666666
RNA-dependent_RNA_polymerase_NS5,309,E:E:2,neutral,1.0,0.757,E,"E:808,?:4",0.000,0.0680420751246843,0.11775298973840656,0.6696428571428571,-,0.6666666666666666
RNA-dependent_RNA_polymerase_NS5,310,V:V:7,negative,1.0,0.971,V,"V:808,?:4",0.000,0.007056192421864171,0.026043322887435088,0.6696428571428571,-,0.6666666666666666
RNA-dependent_RNA_polymerase_NS5,32,NA,neutral,1.0,0.000,G,G:812,0.000,1.0,1.0,1.0,-,1.0
RNA-dependent_RNA_polymerase_NS5,311,K:K:11,negative,1.0,3.701,K,"K:808,?:4",0.000,5.358601850424805e-05,0.0016075805551274416,0.6696428571428571,-,0.6666666666666666
RNA-dependent_RNA_polymerase_NS5,312,A:A:3,neutral,1.0,0.465,A,"A:808,?:4",0.000,0.0538937291111925,0.09939417254113371,0.6696428571428571,-,0.6666666666666666
RNA-dependent_RNA_polymerase_NS5,313,I:T:1,neutral,1.0,0.000,T,"T:807,?:4,I:1",0.000,1.0,1.0,0.6696428571428571,-,0.6666666666666666
RNA-dependent_RNA_polymerase_NS5,314,G:G:5,neutral,1.0,0.792,G,"G:808,?:4",0.000,0.03081240867809654,0.06602659002449258,0.6696428571428571,-,0.6666666666666666
RNA-dependent_RNA_polymerase_NS5,315,S:S:2,neutral,1.0,0.581,S,"S:808,?:4",0.000,0.04167610355580098,0.08136332581392816,0.6696428571428571,-,0.6666666666666666
RNA-dependent_RNA_polymerase_NS5,316,A:A:5,negative,1.0,0.800,A,"A:808,?:4",0.000,0.01199076915750763,0.03507105584434874,0.6696428571428571,-,0.6666666666666666
RNA-dependent_RNA_polymerase_NS5,317,S:S:4,negative,1.0,0.629,S,"S:808,?:4",0.000,0.01693890795535302,0.04421999436720538,0.6696428571428571,-,0.6666666666666666
RNA-dependent_RNA_polymerase_NS5,318,S:S:3,neutral,1.0,0.472,S,"S:808,?:4",0.000,0.0384084259908869,0.07681796517165443,0.6696428571428571,-,0.6666666666666666
RNA-dependent_RNA_polymerase_NS5,319,NA,neutral,1.0,0.153,M,"M:808,?:4",0.000,0.9999999370871746,1.0,0.6696428571428571,-,0.6666666666666666
RNA-dependent_RNA_polymerase_NS5,320,NA,neutral,1.0,0.000,I,"I:808,?:4",0.000,0.9999999370871746,1.0,0.6696428571428571,-,0.6666666666666666
RNA-dependent_RNA_polymerase_NS5,33,I:I:5,negative,1.0,0.824,I,I:812,0.000,0.01254872173785937,0.03541744252006691,0.6696428571428571,-,0.6666666666666666
RNA-dependent_RNA_polymerase_NS5,321,N:N:6,negative,1.0,0.959,N,"N:808,?:4",0.000,0.01662497843432231,0.04410080615012516,0.6696428571428571,-,0.6666666666666666
RNA-dependent_RNA_polymerase_NS5,322,G:G:4,negative,1.0,1.157,G,"G:808,?:4",0.000,0.0170374565917667,0.04421999436720538,0.6696428571428571,-,0.6666666666666666
RNA-dependent_RNA_polymerase_NS5,323,"V:V:6,L:V:1,I:V:1",negative,1.0,0.955,V,"V:806,?:4,L:1,I:1",0.000,0.007702744983082543,0.027079962831149565,0.6696428571428571,-,0.6666666666666666
RNA-dependent_RNA_polymerase_NS5,324,G:V:1,neutral,1.0,0.230,V,"V:807,G:1,?:4",0.000,0.2110531183185189,0.2843530037225554,0.6696428571428571,-,0.6666666666666666
RNA-dependent_RNA_polymerase_NS5,325,K:K:4,negative,1.0,1.522,K,"K:808,?:4",0.000,0.01035274114928175,0.031692064742699234,0.6696428571428571,-,0.6666666666666666
RNA-dependent_RNA_polymerase_NS5,326,L:L:10,negative,1.0,1.457,L,"L:807,?:5",0.000,0.0001987616062015807,0.0031383411505512744,0.6696428571428571,-,0.6666666666666666
RNA-dependent_RNA_polymerase_NS5,327,L:L:3,neutral,1.0,0.463,L,"L:808,?:4",0.000,0.03608439861836121,0.07380899717392066,0.6696428571428571,-,0.6666666666666666
RNA-dependent_RNA_polymerase_NS5,328,T:T:13,negative,1.0,2.438,T,"T:807,?:5",0.000,1.900300213641959e-05,0.0008950491793324746,0.6696428571428571,-,0.6666666666666666
RNA-dependent_RNA_polymerase_NS5,329,K:K:2,neutral,1.0,0.744,K,"K:808,?:4",0.000,0.07086217205165424,0.120105376358736,0.6696428571428571,-,0.6666666666666666
RNA-dependent_RNA_polymerase_NS5,330,P:P:1,neutral,1.0,0.288,P,"P:807,?:5",0.000,0.1307750121967844,0.19804522402191826,0.6696428571428571,-,0.6666666666666666
RNA-dependent_RNA_polymerase_NS5,34,T:T:4,neutral,1.0,0.514,T,T:812,0.000,0.03767269041995425,0.07605984931982301,0.6696428571428571,-,0.6666666666666666
RNA-dependent_RNA_polymerase_NS5,331,NA,neutral,1.0,0.153,W,"W:807,?:5",0.000,1.0,1.0,0.6696428571428571,-,0.6666666666666666
RNA-dependent_RNA_polymerase_NS5,332,D:D:9,negative,1.0,1.438,D,"D:807,?:5",0.000,0.003467192223827187,0.017447245451511623,0.6696428571428571,-,0.6666666666666666
RNA-dependent_RNA_polymerase_NS5,333,"V:V:5,M:V:1,A:V:1",negative,1.0,1.240,V,"V:805,?:5,M:1,A:1",0.000,0.00429939561881898,0.019641908918462344,0.6696428571428571,-,0.6666666666666666
RNA-dependent_RNA_polymerase_NS5,334,V:V:5,negative,1.0,1.031,V,"V:808,?:4",0.000,0.007336995423071868,0.026413183523058728,0.6696428571428571,-,0.6666666666666666
RNA-dependent_RNA_polymerase_NS5,335,"P:P:2,P:S:1",neutral,1.0,0.308,P,"P:806,?:4,S:2",0.135,0.4885444430797818,0.5941756740159508,0.6696428571428571,-,0.6109060443087347
RNA-dependent_RNA_polymerase_NS5,336,M:T:4,neutral,1.0,0.000,M,"M:705,T:103,?:4",0.447,0.421146179761839,0.5156891997083742,0.6696428571428571,-,0.2410708675592377
RNA-dependent_RNA_polymerase_NS5,337,V:V:5,negative,1.0,1.202,V,"V:808,?:4",0.000,0.004662249501063087,0.02086090268861318,0.6696428571428571,-,0.6666666666666666
RNA-dependent_RNA_polymerase_NS5,338,T:T:3,negative,1.0,0.873,T,"T:808,?:4",0.000,0.01625165668816375,0.04340205050251447,0.6696428571428571,-,0.6666666666666666
RNA-dependent_RNA_polymerase_NS5,339,Q:Q:1,neutral,1.0,0.260,Q,"Q:808,?:4",0.000,0.3510613639260309,0.4382180687010094,0.6696428571428571,-,0.6666666666666666
RNA-dependent_RNA_polymerase_NS5,340,NA,neutral,1.0,0.153,M,"M:808,?:4",0.000,0.9999999370871746,1.0,0.6696428571428571,-,0.6666666666666666
RNA-dependent_RNA_polymerase_NS5,35,E:E:4,negative,1.0,1.542,E,E:812,0.000,0.00963449392119009,0.030857809711996732,0.6696428571428571,-,0.6666666666666666
RNA-dependent_RNA_polymerase_NS5,341,A:A:5,negative,1.0,1.489,A,"A:807,?:5",0.000,0.001876520881406663,0.012510139209377753,0.6696428571428571,-,0.6666666666666666
RNA-dependent_RNA_polymerase_NS5,342,NA,neutral,1.0,0.153,M,"M:808,?:4",0.000,0.9999999370871746,1.0,0.6696428571428571,-,0.6666666666666666
RNA-dependent_RNA_polymerase_NS5,343,T:T:4,negative,1.0,1.142,T,"T:808,?:4",0.000,0.00589212390510041,0.023360843676609556,0.6696428571428571,-,0.6666666666666666
RNA-dependent_RNA_polymerase_NS5,344,D:D:21,negative,1.0,3.682,D,"D:807,?:5",0.000,4.842677864935752e-06,0.000544801259805272,0.6696428571428571,-,0.6666666666666666
RNA-dependent_RNA_polymerase_NS5,345,T:T:3,negative,1.0,0.906,T,"T:808,?:4",0.000,0.01507274907767697,0.04123244428543852,0.6696428571428571,-,0.6666666666666666
RNA-dependent_RNA_polymerase_NS5,346,T:T:7,negative,1.0,0.953,T,"T:808,?:4",0.000,0.005092152128956751,0.021875967895502665,0.6696428571428571,-,0.6666666666666666
RNA-dependent_RNA_polymerase_NS5,347,P:P:16,negative,1.0,4.410,P,"P:806,?:6",0.000,4.173300149901138e-09,3.755970134911024e-06,0.6696428571428571,-,0.6666666666666666
RNA-dependent_RNA_polymerase_NS5,348,"F:F:6,F:L:1",negative,1.0,0.965,F,"F:804,L:1,?:7",0.000,0.00301131067349103,0.01584900354468963,0.6696428571428571,-,0.6666666666666666
RNA-dependent_RNA_polymerase_NS5,349,G:G:5,neutral,1.0,0.880,G,"G:805,?:7",0.000,0.02478707405170988,0.0577991721353007,0.6696428571428571,-,0.6666666666666666
RNA-dependent_RNA_polymerase_NS5,350,Q:Q:3,neutral,1.0,0.793,Q,"Q:804,?:8",0.000,0.105220382130304,0.16613744546890105,0.6696428571428571,-,0.6666666666666666
RNA-dependent_RNA_polymerase_NS5,36,V:V:5,negative,1.0,1.193,V,V:812,0.000,0.004805123124052457,0.021199072606113784,0.6696428571428571,-,0.6666666666666666
RNA-dependent_RNA_polymerase_NS5,351,Q:Q:4,neutral,1.0,1.280,Q,"Q:801,?:11",0.000,0.04120315628108384,0.0807905025119291,0.6696428571428571,-,0.6666666666666666
RNA-dependent_RNA_polymerase_NS5,352,R:R:6,negative,1.0,2.384,R,"R:804,?:8",0.000,0.000704917203922184,0.006773788668742278,0.6696428571428571,-,0.6666666666666666
RNA-dependent_RNA_polymerase_NS5,353,V:V:17,negative,1.0,2.467,V,"V:800,?:12",0.000,1.89600952595903e-05,0.0008950491793324746,0.6696428571428571,-,0.6666666666666666
RNA-dependent_RNA_polymerase_NS5,354,F:F:14,negative,1.0,2.534,F,"F:803,?:9",0.000,3.208331064930015e-06,0.00048124965973950223,0.6696428571428571,-,0.6666666666666666
RNA-dependent_RNA_polymerase_NS5,355,K:K:1,neutral,1.0,0.375,K,"K:803,?:9",0.000,0.2010969897586561,0.27422316785271283,0.6696428571428571,-,0.6666666666666666
RNA-dependent_RNA_polymerase_NS5,356,E:E:5,negative,1.0,1.339,E,"E:804,?:8",0.000,0.01219693386586795,0.03507105584434874,0.6696428571428571,-,0.6666666666666666
RNA-dependent_RNA_polymerase_NS5,357,K:K:3,neutral,1.0,1.042,K,"K:802,?:10",0.000,0.03148982119534172,0.06684160159388573,0.6696428571428571,-,0.6666666666666666
RNA-dependent_RNA_polymerase_NS5,358,V:V:9,negative,1.0,2.162,V,"V:805,?:7",0.000,0.00016623072601607,0.0031383411505512744,0.6696428571428571,-,0.6666666666666666
RNA-dependent_RNA_polymerase_NS5,359,D:D:5,neutral,1.0,0.932,D,"D:805,?:7",0.000,0.0235312634917757,0.05617543008646719,0.6696428571428571,-,0.6666666666666666
RNA-dependent_RNA_polymerase_NS5,360,T:T:3,neutral,1.0,0.473,T,"T:805,?:7",0.000,0.0522352478628243,0.09753469517954745,0.6696428571428571,-,0.6666666666666666
RNA-dependent_RNA_polymerase_NS5,37,"D:E:1,D:D:2",neutral,1.0,0.300,D,"D:811,E:1",0.000,0.1761636663715513,0.25086598059239895,0.6696428571428571,-,0.6666666666666666
RNA-dependent_RNA_polymerase_NS5,361,NA,neutral,1.0,0.000,R,"R:805,?:7",0.000,0.9999999468289579,1.0,0.6696428571428571,-,0.6666666666666666
RNA-dependent_RNA_polymerase_NS5,362,"T:T:1,I:T:1",neutral,1.0,0.293,T,"T:803,?:8,I:1",0.000,0.1643043510002569,0.2370275894081047,0.6696428571428571,-,0.6666666666666666
RNA-dependent_RNA_polymerase_NS5,363,"P:P:3,P:S:1",neutral,1.0,0.474,P,"P:804,?:7,S:1",0.136,0.2446539697084539,0.3219131180374394,0.6696428571428571,-,0.6425218901160734
RNA-dependent_RNA_polymerase_NS5,364,"R:R:5,K:R:1",neutral,1.0,1.359,R,"R:720,K:86,?:6",0.260,0.0813795491424042,0.13438824629020876,0.6696428571428571,-,0.6666666666666666
RNA-dependent_RNA_polymerase_NS5,365,"P:P:11,P:S:2,S:S:1",negative,1.0,1.849,P,"P:775,S:31,?:6",0.137,0.0005426073990407732,0.005813650704008284,0.6696428571428571,-,0.6666666666666666
RNA-dependent_RNA_polymerase_NS5,366,L:M:1,neutral,1.0,0.000,M,"M:805,?:6,L:1",0.000,1.0,1.0,0.6696428571428571,-,0.6666666666666666
RNA-dependent_RNA_polymerase_NS5,367,"L:P:2,P:P:1",neutral,1.0,0.289,P,"P:803,L:2,?:7",0.000,0.1309298981033793,0.19804522402191826,0.6696428571428571,-,0.6666666666666666
RNA-dependent_RNA_polymerase_NS5,368,G:G:7,negative,1.0,1.781,G,"G:806,?:6",0.000,0.002405640789155949,0.01416771177307507,0.6696428571428571,-,0.6666666666666666
RNA-dependent_RNA_polymerase_NS5,369,NA,neutral,1.0,0.000,T,"T:805,?:7",0.000,0.9999999211345997,1.0,0.6696428571428571,-,0.6666666666666666
RNA-dependent_RNA_polymerase_NS5,370,"G:R:1,R:R:1",neutral,1.0,0.344,R,"R:806,G:1,?:5",0.000,0.1969649416264838,0.27243495086044106,0.6696428571428571,-,0.6666666666666666
RNA-dependent_RNA_polymerase_NS5,38,NA,neutral,1.0,0.000,R,R:812,0.000,1.0,1.0,1.0,-,1.0
RNA-dependent_RNA_polymerase_NS5,371,"K:R:5,K:K:4,R:R:3",neutral,1.0,1.881,K,"K:775,R:29,?:8",0.922,0.2900101828724809,0.3697013662680352,0.6696428571428571,-,0.5105264571206747
RNA-dependent_RNA_polymerase_NS5,372,"V:V:10,I:V:2,A:V:3",neutral,1.0,1.365,V,"V:787,I:2,?:11,A:12",0.394,0.07411855332999506,0.12491891010673326,0.6696428571428571,-,0.2755780833005178
RNA-dependent_RNA_polymerase_NS5,373,NA,neutral,1.0,0.153,M,"M:807,?:5",0.000,0.9999999370871746,1.0,0.6696428571428571,-,0.6666666666666666
RNA-dependent_RNA_polymerase_NS5,374,"E:E:5,E:G:4,G:G:1",neutral,1.0,1.599,E,"E:772,?:8,G:32",0.938,0.4454607226844762,0.5445900084528902,0.6696428571428571,-,0.4549331848078767
RNA-dependent_RNA_polymerase_NS5,375,"I:I:5,I:T:2,I:V:1",neutral,1.0,0.797,I,"I:796,T:3,?:11,V:2",0.380,0.3574130810151417,0.4449125489815042,0.6696428571428571,-,0.6666666666666666
RNA-dependent_RNA_polymerase_NS5,376,T:T:3,negative,1.0,0.867,T,"T:807,?:5",0.000,0.01650295983706407,0.043942792465555214,0.6696428571428571,-,0.6666666666666666
RNA-dependent_RNA_polymerase_NS5,377,A:A:7,negative,1.0,1.663,A,"A:807,?:5",0.000,0.000646680774095354,0.0066137806441570295,0.6696428571428571,-,0.6666666666666666
RNA-dependent_RNA_polymerase_NS5,378,E:E:3,neutral,1.0,0.927,E,"E:807,?:5",0.000,0.0387503957643679,0.07681796517165443,0.6696428571428571,-,0.6666666666666666
RNA-dependent_RNA_polymerase_NS5,379,NA,neutral,1.0,0.153,W,"W:807,?:5",0.000,1.0,1.0,0.6696428571428571,-,0.6666666666666666
RNA-dependent_RNA_polymerase_NS5,380,L:L:2,neutral,1.0,0.276,L,"L:807,?:5",0.000,0.1001120736358775,0.16003706265060347,0.6696428571428571,-,0.6666666666666666
RNA-dependent_RNA_polymerase_NS5,39,"I:T:1,P:T:1",neutral,1.0,0.000,T,"T:810,I:1,P:1",0.000,1.0,1.0,0.6696428571428571,-,0.6666666666666666
RNA-dependent_RNA_polymerase_NS5,381,NA,neutral,1.0,0.153,W,"W:807,?:5",0.000,1.0,1.0,0.6696428571428571,-,0.6666666666666666
RNA-dependent_RNA_polymerase_NS5,382,"R:R:3,K:R:1",neutral,1.0,1.040,R,"R:807,?:4,K:1",0.000,0.02503969790782457,0.0577991721353007,0.6696428571428571,-,0.6666666666666666
RNA-dependent_RNA_polymerase_NS5,383,"T:T:5,N:T:1,A:T:1",neutral,1.0,0.950,T,"T:805,N:1,A:2,?:4",0.180,0.06921259063513008,0.11775298973840656,0.6696428571428571,-,0.6666666666666666
RNA-dependent_RNA_polymerase_NS5,384,L:L:12,negative,1.0,1.077,L,"L:808,?:4",0.000,0.008830228300934717,0.029876712296395658,0.6696428571428571,-,0.6666666666666666
RNA-dependent_RNA_polymerase_NS5,385,G:G:1,neutral,1.0,0.291,G,"G:808,?:4",0.000,0.2313031791376796,0.30673469200592673,0.6696428571428571,-,0.6666666666666666
RNA-dependent_RNA_polymerase_NS5,386,R:R:4,negative,1.0,0.991,R,"R:808,?:4",0.000,0.0199745637993568,0.04911203121817514,0.6696428571428571,-,0.6666666666666666
RNA-dependent_RNA_polymerase_NS5,387,"N:N:12,N:S:1,K:N:1",negative,1.0,2.336,N,"N:806,?:4,S:1,K:1",0.000,0.0003446783395898434,0.00436916205113886,0.6696428571428571,-,0.6666666666666666
RNA-dependent_RNA_polymerase_NS5,388,K:K:5,negative,1.0,1.903,K,"K:808,?:4",0.000,0.004170416602824911,0.019248076628422667,0.6696428571428571,-,0.6666666666666666
RNA-dependent_RNA_polymerase_NS5,389,"R:R:1,K:R:3,K:K:2",neutral,1.0,1.066,R,"R:644,K:164,?:4",0.547,0.4626835388760029,0.5634846887529128,0.6696428571428571,-,0.6026453196045569
RNA-dependent_RNA_polymerase_NS5,390,P:P:5,negative,1.0,0.789,P,"P:808,?:4",0.000,0.005567230478868535,0.023095308125286998,0.6696428571428571,-,0.6666666666666666
RNA-dependent_RNA_polymerase_NS5,40,"E:G:1,E:E:3,D:E:1",neutral,1.0,1.125,E,"E:809,G:1,D:2",0.291,0.2076781016365269,0.2810681074780063,0.6696428571428571,-,0.6666666666666666
RNA-dependent_RNA_polymerase_NS5,391,R:R:5,negative,1.0,1.490,R,"R:808,?:4",0.000,0.005875838619315954,0.023360843676609556,0.6696428571428571,-,0.6666666666666666
RNA-dependent_RNA_polymerase_NS5,392,L:L:8,negative,1.0,1.016,L,"L:808,?:4",0.000,0.01309057515795975,0.0361837968312584,0.6696428571428571,-,0.6666666666666666
RNA-dependent_RNA_polymerase_NS5,393,C:C:8,negative,1.0,1.459,C,"C:808,?:4",0.000,0.001393024830635525,0.010535481912369518,0.6696428571428571,-,0.6666666666666666
RNA-dependent_RNA_polymerase_NS5,394,T:T:3,negative,1.0,0.849,T,"T:808,?:4",0.000,0.017224115935634,0.04441749095149169,0.6696428571428571,-,0.6666666666666666
RNA-dependent_RNA_polymerase_NS5,395,"R:R:7,K:R:1",negative,1.0,1.885,R,"R:807,?:4,K:1",0.000,0.001606487841788184,0.011208054710150121,0.6696428571428571,-,0.6666666666666666
RNA-dependent_RNA_polymerase_NS5,396,"E:E:2,A:E:1",neutral,1.0,0.774,E,"E:807,?:4,A:1",0.000,0.06576958024001256,0.11629198863656444,0.6696428571428571,-,0.6666666666666666
RNA-dependent_RNA_polymerase_NS5,397,E:E:5,negative,1.0,1.336,E,"E:808,?:4",0.000,0.01206478347316919,0.03507105584434874,0.6696428571428571,-,0.6666666666666666
RNA-dependent_RNA_polymerase_NS5,398,F:F:11,negative,1.0,2.010,F,"F:807,?:5",0.000,3.414646376853625e-05,0.0011382154589512083,0.6696428571428571,-,0.6666666666666666
RNA-dependent_RNA_polymerase_NS5,399,"I:T:5,T:T:3,K:T:1",neutral,1.0,0.888,T,"T:801,I:6,?:4,K:1",0.178,0.1300350812429971,0.19768846810590773,0.6696428571428571,-,0.6666666666666666
RNA-dependent_RNA_polymerase_NS5,400,K:K:1,neutral,1.0,0.370,K,"K:808,?:4",0.000,0.2018063187978901,0.2743590436829321,0.6696428571428571,-,0.6666666666666666
RNA-dependent_RNA_polymerase_NS5,5,Q:Q:3,neutral,1.0,1.130,Q,"Q:806,?:6",0.000,0.05708787742573196,0.10421722045265469,0.6696428571428571,-,0.6666666666666666
RNA-dependent_RNA_polymerase_NS5,41,"A:A:8,A:V:1",negative,1.0,1.290,A,"A:811,V:1",0.000,0.0015035033417794,0.010912524254850484,0.6696428571428571,-,0.6666666666666666
RNA-dependent_RNA_polymerase_NS5,401,K:K:6,negative,1.0,1.602,K,"K:808,?:4",0.000,0.006266089160287369,0.024203777872354643,0.6696428571428571,-,0.6666666666666666
RNA-dependent_RNA_polymerase_NS5,402,"V:V:7,I:V:1",neutral,1.0,1.272,V,"V:806,I:2,?:4",0.195,0.02912162992283895,0.06413101617589904,0.6696428571428571,-,0.6666666666666666
RNA-dependent_RNA_polymerase_NS5,403,R:R:4,negative,1.0,1.384,R,"R:808,?:4",0.000,0.009770231351636127,0.0309335558611993,0.6696428571428571,-,0.6666666666666666
RNA-dependent_RNA_polymerase_NS5,404,"S:T:1,T:T:3,A:T:1",neutral,1.0,0.458,T,"T:790,S:1,A:17,?:4",0.180,0.389809095851071,0.47992911937888355,0.6696428571428571,-,0.6666666666666666
RNA-dependent_RNA_polymerase_NS5,405,N:N:3,neutral,1.0,0.545,N,"N:808,?:4",0.000,0.07945608917907088,0.13193815546340182,0.6696428571428571,-,0.6666666666666666
RNA-dependent_RNA_polymerase_NS5,406,A:A:7,negative,1.0,1.953,A,"A:808,?:4",0.000,0.0003229448701520532,0.004290845634787615,0.6696428571428571,-,0.6666666666666666
RNA-dependent_RNA_polymerase_NS5,407,A:A:8,negative,1.0,1.156,A,"A:808,?:4",0.000,0.002299432534299428,0.013983035681550576,0.6696428571428571,-,0.6666666666666666
RNA-dependent_RNA_polymerase_NS5,408,"L:M:2,I:M:1",neutral,1.0,0.000,M,"M:803,L:3,I:2,?:4",0.282,0.920035045565402,1.0,0.6696428571428571,-,0.648540943016374
RNA-dependent_RNA_polymerase_NS5,409,G:G:8,negative,1.0,1.521,G,"G:808,?:4",0.000,0.003628492839384378,0.017801230541566654,0.6696428571428571,-,0.6666666666666666
RNA-dependent_RNA_polymerase_NS5,410,A:A:7,negative,1.0,1.063,A,"A:808,?:4",0.000,0.003639362688498071,0.017801230541566654,0.6696428571428571,-,0.6666666666666666
RNA-dependent_RNA_polymerase_NS5,42,K:K:1,neutral,1.0,0.377,K,K:812,0.000,0.1992215463661013,0.27249147679253977,0.6696428571428571,-,0.6666666666666666
RNA-dependent_RNA_polymerase_NS5,411,V:V:6,negative,1.0,0.815,V,"V:808,?:4",0.000,0.01196155393004605,0.03507105584434874,0.6696428571428571,-,0.6666666666666666
RNA-dependent_RNA_polymerase_NS5,412,F:F:7,negative,1.0,1.308,F,"F:808,?:4",0.000,0.0008462852866584214,0.007587885142738191,0.6696428571428571,-,0.6666666666666666
RNA-dependent_RNA_polymerase_NS5,413,"T:T:1,S:T:1",neutral,1.0,0.284,T,"T:806,S:2,?:4",0.179,0.7479855559003602,0.8811348171601101,0.6696428571428571,-,0.6575687234104829
RNA-dependent_RNA_polymerase_NS5,414,E:E:4,neutral,1.0,1.056,E,"E:808,?:4",0.000,0.02523897183241464,0.0577991721353007,0.6696428571428571,-,0.6666666666666666
RNA-dependent_RNA_polymerase_NS5,415,NA,neutral,1.0,0.000,E,"E:808,?:4",0.000,0.9999999468289579,1.0,0.6696428571428571,-,0.6666666666666666
RNA-dependent_RNA_polymerase_NS5,416,N:N:3,neutral,1.0,0.539,N,"N:807,?:5",0.000,0.08055833452501338,0.13327665638329417,0.6696428571428571,-,0.6666666666666666
RNA-dependent_RNA_polymerase_NS5,417,"Q:Q:3,Q:R:1",neutral,1.0,1.132,Q,"Q:807,?:4,R:1",0.000,0.05724308686076285,0.10428902464511451,0.6696428571428571,-,0.6666666666666666
RNA-dependent_RNA_polymerase_NS5,418,NA,neutral,1.0,0.153,W,"W:808,?:4",0.000,1.0,1.0,0.6696428571428571,-,0.6666666666666666
RNA-dependent_RNA_polymerase_NS5,419,"D:D:4,D:E:1",neutral,1.0,0.717,D,"D:798,?:4,E:10",0.271,0.3472422860415916,0.4340528575519894,0.6696428571428571,-,0.6310761442960189
RNA-dependent_RNA_polymerase_NS5,420,"S:S:7,N:S:1",neutral,1.0,1.123,S,"S:805,N:3,?:4",0.228,0.07661935748088422,0.12769892913480702,0.6696428571428571,-,0.6666666666666666
RNA-dependent_RNA_polymerase_NS5,43,E:E:2,neutral,1.0,0.754,E,E:812,0.000,0.06836251773500812,0.11775298973840656,0.6696428571428571,-,0.6666666666666666
RNA-dependent_RNA_polymerase_NS5,421,A:A:8,negative,1.0,1.642,A,"A:808,?:4",0.000,0.0005266636070140329,0.005780454223324752,0.6696428571428571,-,0.6666666666666666
RNA-dependent_RNA_polymerase_NS5,422,"K:R:2,K:K:1",neutral,1.0,0.358,K,"K:524,R:284,?:4",0.276,0.8551005677799896,0.99046397812354,0.6696428571428571,-,0.6666666666666666
RNA-dependent_RNA_polymerase_NS5,423,A:A:2,neutral,1.0,0.262,A,"A:808,?:4",0.000,0.1396328365386627,0.20944925480799406,0.6696428571428571,-,0.6666666666666666
RNA-dependent_RNA_polymerase_NS5,424,A:A:5,negative,1.0,0.661,A,"A:808,?:4",0.000,0.01927311773266371,0.048049323987250245,0.6696428571428571,-,0.6666666666666666
RNA-dependent_RNA_polymerase_NS5,425,V:V:5,neutral,1.0,0.652,V,"V:808,?:4",0.000,0.02377682623607236,0.05661149103826753,0.6696428571428571,-,0.6666666666666666
RNA-dependent_RNA_polymerase_NS5,426,E:E:1,neutral,1.0,0.281,E,"E:808,?:4",0.000,0.2498717200397805,0.3278200408685167,0.6696428571428571,-,0.6666666666666666
RNA-dependent_RNA_polymerase_NS5,427,D:D:3,neutral,1.0,0.475,D,"D:808,?:4",0.000,0.09283065066698493,0.15026544172713388,0.6696428571428571,-,0.6666666666666666
RNA-dependent_RNA_polymerase_NS5,428,"E:E:6,E:K:1",negative,1.0,2.082,E,"E:807,?:4,K:1",0.000,0.002444029918037716,0.01416771177307507,0.6696428571428571,-,0.6666666666666666
RNA-dependent_RNA_polymerase_NS5,429,"D:E:2,E:E:2,E:K:1,D:D:1,D:N:1,D:G:1",neutral,1.0,0.781,D,"D:411,E:394,?:4,K:1,N:1,G:1",0.574,0.7370095098872662,0.8693428032746259,0.6696428571428571,-,0.6666666666666666
RNA-dependent_RNA_polymerase_NS5,430,F:F:3,neutral,1.0,0.512,F,"F:807,?:5",0.000,0.03194100572171354,0.06741743198614926,0.6696428571428571,-,0.6666666666666666
RNA-dependent_RNA_polymerase_NS5,44,G:G:4,neutral,1.0,0.935,G,G:812,0.000,0.02496114115191261,0.0577991721353007,0.6696428571428571,-,0.6666666666666666
RNA-dependent_RNA_polymerase_NS5,431,NA,neutral,1.0,0.153,W,"W:807,?:5",0.000,1.0,1.0,0.6696428571428571,-,0.6666666666666666
RNA-dependent_RNA_polymerase_NS5,432,"K:R:4,K:K:1",neutral,1.0,0.377,K,"K:803,R:4,?:5",0.000,0.198877514128122,0.27243495086044106,0.6696428571428571,-,0.6666666666666666
RNA-dependent_RNA_polymerase_NS5,433,L:L:5,negative,1.0,0.721,L,"L:807,?:5",0.000,0.00815241275952705,0.02800447131135246,0.6696428571428571,-,0.6666666666666666
RNA-dependent_RNA_polymerase_NS5,434,V:V:2,neutral,1.0,0.463,V,"V:807,?:5",0.000,0.07645224997552047,0.12765681814094326,0.6696428571428571,-,0.6666666666666666
RNA-dependent_RNA_polymerase_NS5,435,"D:D:5,D:G:2,D:N:2",neutral,1.0,0.917,D,"D:798,G:4,?:5,N:5",0.553,0.5363324258140462,0.6487892247750559,0.6696428571428571,-,0.2941662481899948
RNA-dependent_RNA_polymerase_NS5,436,"K:R:1,R:R:1",neutral,1.0,0.343,R,"R:804,K:2,?:6",0.264,0.8521279802286686,0.9882927605744868,0.6696428571428571,-,0.6567071440260067
RNA-dependent_RNA_polymerase_NS5,437,E:E:4,negative,1.0,1.550,E,"E:806,?:6",0.000,0.009543550721525795,0.03083762092183758,0.6696428571428571,-,0.6666666666666666
RNA-dependent_RNA_polymerase_NS5,438,R:R:5,neutral,1.0,0.627,R,"R:807,?:5",0.000,0.02110364346873617,0.05147230114325895,0.6696428571428571,-,0.6666666666666666
RNA-dependent_RNA_polymerase_NS5,439,E:E:1,neutral,1.0,0.378,E,"E:807,?:5",0.000,0.1967585158871794,0.27243495086044106,0.6696428571428571,-,0.6666666666666666
RNA-dependent_RNA_polymerase_NS5,440,L:L:5,negative,1.0,0.793,L,"L:807,?:5",0.000,0.006529385464480564,0.024900198805222488,0.6696428571428571,-,0.6666666666666666
RNA-dependent_RNA_polymerase_NS5,45,L:L:9,negative,1.0,1.041,L,"L:811,?:1",0.000,0.01112179073353747,0.033702396162234756,0.6696428571428571,-,0.6666666666666666
RNA-dependent_RNA_polymerase_NS5,441,H:H:1,neutral,1.0,0.179,H,"H:807,?:5",0.000,0.2409739967024291,0.3175352811598627,0.6696428571428571,-,0.6666666666666666
RNA-dependent_RNA_polymerase_NS5,442,"E:K:1,K:K:4,K:R:1",neutral,1.0,1.523,K,"K:802,E:1,R:4,?:5",0.295,0.09946249954437936,0.15928158290025166,0.6696428571428571,-,0.4301099610259032
RNA-dependent_RNA_polymerase_NS5,443,"L:L:13,L:S:1",neutral,1.0,1.468,L,"L:805,S:2,?:5",0.267,0.03979784025467548,0.07837649065472195,0.6696428571428571,-,0.6666666666666666
RNA-dependent_RNA_polymerase_NS5,444,G:G:11,negative,1.0,1.744,G,"G:807,?:5",0.000,0.001439191079344204,0.010704727036444492,0.6696428571428571,-,0.6666666666666666
RNA-dependent_RNA_polymerase_NS5,445,K:K:3,neutral,1.0,0.825,K,"K:807,?:5",0.000,0.0498977253227505,0.09375355488617004,0.6696428571428571,-,0.6666666666666666
RNA-dependent_RNA_polymerase_NS5,446,"C:C:6,C:R:1",negative,1.0,0.916,C,"C:806,?:5,R:1",0.000,0.008981867048787673,0.03027595634422811,0.6696428571428571,-,0.6666666666666666
RNA-dependent_RNA_polymerase_NS5,447,NA,neutral,1.0,0.000,G,"G:807,?:5",0.000,0.9999999468289579,1.0,0.6696428571428571,-,0.6666666666666666
RNA-dependent_RNA_polymerase_NS5,448,S:S:3,neutral,1.0,0.547,S,"S:807,?:5",0.000,0.06492135371027374,0.11524500658628475,0.6696428571428571,-,0.6666666666666666
RNA-dependent_RNA_polymerase_NS5,449,C:C:13,negative,1.0,2.309,C,"C:807,?:5",0.000,5.567733702271926e-05,0.0016164388167886235,0.6696428571428571,-,0.6666666666666666
RNA-dependent_RNA_polymerase_NS5,450,"V:V:7,I:V:1",negative,1.0,0.930,V,"V:806,?:5,I:1",0.000,0.00715345789040478,0.026043322887435088,0.6696428571428571,-,0.6666666666666666
RNA-dependent_RNA_polymerase_NS5,46,NA,neutral,1.0,0.000,K,"K:811,?:1",0.000,0.9999999468289579,1.0,0.6696428571428571,-,0.6666666666666666
RNA-dependent_RNA_polymerase_NS5,451,Y:Y:7,negative,1.0,1.290,Y,"Y:807,?:5",0.000,0.004327453597083308,0.019645009337919007,0.6696428571428571,-,0.6666666666666666
RNA-dependent_RNA_polymerase_NS5,452,N:N:6,negative,1.0,1.107,N,"N:807,?:5",0.000,0.01282296858376308,0.03584059542045581,0.6696428571428571,-,0.6666666666666666
RNA-dependent_RNA_polymerase_NS5,453,NA,neutral,1.0,0.153,M,"M:808,?:4",0.000,0.9999999370871746,1.0,0.6696428571428571,-,0.6666666666666666
RNA-dependent_RNA_polymerase_NS5,454,NA,neutral,1.0,0.153,M,"M:808,?:4",0.000,0.9999999370871746,1.0,0.6696428571428571,-,0.6666666666666666
RNA-dependent_RNA_polymerase_NS5,455,G:G:7,negative,1.0,1.130,G,"G:806,?:6",0.000,0.010240141203819,0.031586818812830014,0.6696428571428571,-,0.6666666666666666
RNA-dependent_RNA_polymerase_NS5,456,K:K:3,neutral,1.0,0.791,K,"K:808,?:4",0.000,0.05371264218225935,0.09939417254113371,0.6696428571428571,-,0.6666666666666666
RNA-dependent_RNA_polymerase_NS5,457,R:R:2,neutral,1.0,0.682,R,"R:808,?:4",0.000,0.0684842134085526,0.11775298973840656,0.6696428571428571,-,0.6666666666666666
RNA-dependent_RNA_polymerase_NS5,458,E:E:2,neutral,1.0,0.526,E,"E:808,?:4",0.000,0.1136317962993956,0.1769353229575364,0.6696428571428571,-,0.6666666666666666
RNA-dependent_RNA_polymerase_NS5,459,K:K:5,negative,1.0,1.338,K,"K:808,?:4",0.000,0.01246593281108543,0.03541744252006691,0.6696428571428571,-,0.6666666666666666
RNA-dependent_RNA_polymerase_NS5,460,NA,neutral,1.0,0.000,K,"K:811,?:1",0.000,0.9999999468289579,1.0,0.6696428571428571,-,0.6666666666666666
RNA-dependent_RNA_polymerase_NS5,47,K:R:5,neutral,1.0,0.342,R,"R:783,K:28,?:1",0.531,0.7154557978862863,0.8472502869706022,0.6696428571428571,-,0.261328506152666
RNA-dependent_RNA_polymerase_NS5,461,L:L:8,negative,1.0,1.012,L,"L:811,?:1",0.000,0.001516688478339412,0.010920157044043765,0.6696428571428571,-,0.6666666666666666
RNA-dependent_RNA_polymerase_NS5,462,NA,neutral,1.0,0.000,G,"G:811,?:1",0.000,0.9999999468289579,1.0,0.6696428571428571,-,0.6666666666666666
RNA-dependent_RNA_polymerase_NS5,463,E:E:4,neutral,1.0,1.057,E,"E:811,?:1",0.000,0.02506075182376688,0.0577991721353007,0.6696428571428571,-,0.6666666666666666
RNA-dependent_RNA_polymerase_NS5,464,NA,neutral,1.0,0.000,F,"F:811,?:1",0.000,0.9999999417540417,1.0,0.6696428571428571,-,0.6666666666666666
RNA-dependent_RNA_polymerase_NS5,465,G:G:4,neutral,1.0,0.626,G,"G:811,?:1",0.000,0.05456429846887167,0.10022014004486633,0.6696428571428571,-,0.6666666666666666
RNA-dependent_RNA_polymerase_NS5,466,K:K:2,neutral,1.0,0.759,K,"K:811,?:1",0.000,0.06904267457989888,0.11775298973840656,0.6696428571428571,-,0.6666666666666666
RNA-dependent_RNA_polymerase_NS5,467,A:A:1,neutral,1.0,0.285,A,"A:811,?:1",0.000,0.1684513983312241,0.24026348414913104,0.6696428571428571,-,0.6666666666666666
RNA-dependent_RNA_polymerase_NS5,468,"K:K:2,K:R:4",neutral,1.0,0.758,K,"K:798,?:1,R:13",0.595,0.8090468307661671,0.9431893104786921,0.6696428571428571,-,0.6502881315392693
RNA-dependent_RNA_polymerase_NS5,469,G:G:7,negative,1.0,1.128,G,"G:810,?:2",0.000,0.01024816788149596,0.031586818812830014,0.6696428571428571,-,0.6666666666666666
RNA-dependent_RNA_polymerase_NS5,470,S:S:8,negative,1.0,1.241,S,"S:798,?:14",0.000,0.003986743325700481,0.01878570153471431,0.6696428571428571,-,0.6666666666666666
RNA-dependent_RNA_polymerase_NS5,48,G:G:1,neutral,1.0,0.287,G,"G:811,?:1",0.000,0.2329873439532607,0.3074613043371475,0.6696428571428571,-,0.6666666666666666
RNA-dependent_RNA_polymerase_NS5,471,R:R:1,neutral,1.0,0.335,R,"R:811,?:1",0.000,0.2003115112962214,0.27356655563975607,0.6696428571428571,-,0.6666666666666666
RNA-dependent_RNA_polymerase_NS5,472,A:A:17,negative,1.0,2.429,A,"A:811,?:1",0.000,1.121188178276888e-05,0.0007762072003455378,0.6696428571428571,-,0.6666666666666666
RNA-dependent_RNA_polymerase_NS5,473,NA,neutral,1.0,0.000,I,"I:804,?:8",0.000,0.9999999370871746,1.0,0.6696428571428571,-,0.6666666666666666
RNA-dependent_RNA_polymerase_NS5,474,NA,neutral,1.0,0.153,W,"W:805,?:7",0.000,1.0,1.0,0.6696428571428571,-,0.6666666666666666
RNA-dependent_RNA_polymerase_NS5,475,Y:Y:4,neutral,1.0,0.729,Y,"Y:805,?:7",0.000,0.03106572747327085,0.06613169837947318,0.6696428571428571,-,0.6666666666666666
RNA-dependent_RNA_polymerase_NS5,476,NA,neutral,1.0,0.153,M,"M:805,?:7",0.000,0.9999999370871746,1.0,0.6696428571428571,-,0.6666666666666666
RNA-dependent_RNA_polymerase_NS5,477,NA,neutral,1.0,0.153,W,"W:805,?:7",0.000,1.0,1.0,0.6696428571428571,-,0.6666666666666666
RNA-dependent_RNA_polymerase_NS5,478,L:L:7,neutral,1.0,0.794,L,"L:804,?:8",0.000,0.02603105296473274,0.058569869170648665,0.6696428571428571,-,0.6666666666666666
RNA-dependent_RNA_polymerase_NS5,479,G:G:3,neutral,1.0,0.882,G,"G:805,?:7",0.000,0.03769188088515674,0.07605984931982301,0.6696428571428571,-,0.6666666666666666
RNA-dependent_RNA_polymerase_NS5,480,A:A:6,negative,1.0,0.949,A,"A:805,?:7",0.000,0.00619274626748989,0.024023584658365956,0.6696428571428571,-,0.6666666666666666
RNA-dependent_RNA_polymerase_NS5,49,E:E:3,neutral,1.0,1.144,E,"E:806,?:6",0.000,0.02532593472369704,0.057851119927226746,0.6696428571428571,-,0.6666666666666666
RNA-dependent_RNA_polymerase_NS5,481,R:R:4,negative,1.0,0.994,R,"R:805,?:7",0.000,0.01987753686507421,0.04911203121817514,0.6696428571428571,-,0.6666666666666666
RNA-dependent_RNA_polymerase_NS5,482,"Y:Y:3,F:Y:3",neutral,1.0,0.548,Y,"Y:784,F:21,?:7",0.702,0.7639942517104628,0.8941415169563283,0.6696428571428571,-,0.5675486666642533
RNA-dependent_RNA_polymerase_NS5,483,L:L:1,neutral,1.0,0.124,L,"L:805,?:7",0.000,0.263966278823445,0.3423193817595108,0.6696428571428571,-,0.6666666666666666
RNA-dependent_RNA_polymerase_NS5,484,E:E:1,neutral,1.0,0.257,E,"E:805,?:7",0.000,0.2637717533581558,0.3423193817595108,0.6696428571428571,-,0.6666666666666666
RNA-dependent_RNA_polymerase_NS5,485,F:F:6,negative,1.0,1.087,F,"F:805,?:7",0.000,0.002154241188931594,0.013653641338298836,0.6696428571428571,-,0.6666666666666666
RNA-dependent_RNA_polymerase_NS5,486,E:E:3,neutral,1.0,1.075,E,"E:805,?:7",0.000,0.02914398401771412,0.06413101617589904,0.6696428571428571,-,0.6666666666666666
RNA-dependent_RNA_polymerase_NS5,487,A:A:5,negative,1.0,1.035,A,"A:805,?:7",0.000,0.005829161307946862,0.023338156998173872,0.6696428571428571,-,0.6666666666666666
RNA-dependent_RNA_polymerase_NS5,488,L:L:5,negative,1.0,0.704,L,"L:805,?:7",0.000,0.009019610819331558,0.03028973782611344,0.6696428571428571,-,0.6666666666666666
RNA-dependent_RNA_polymerase_NS5,489,G:G:4,negative,1.0,1.155,G,"G:805,?:7",0.000,0.01709839782198608,0.04421999436720538,0.6696428571428571,-,0.6666666666666666
RNA-dependent_RNA_polymerase_NS5,490,F:F:10,negative,1.0,1.797,F,"F:805,?:7",0.000,8.106161527920985e-05,0.0020265403819802463,0.6696428571428571,-,0.6666666666666666
RNA-dependent_RNA_polymerase_NS5,50,"I:T:8,T:T:2,I:I:1",neutral,1.0,0.963,T,"T:697,I:114,?:1",1.422,0.5939784474181322,0.7127741369017587,0.6696428571428571,-,0.4790095199127623
RNA-dependent_RNA_polymerase_NS5,491,L:L:8,negative,1.0,1.061,L,"L:805,?:7",0.000,0.0117069344895232,0.03477307274115802,0.6696428571428571,-,0.6666666666666666
RNA-dependent_RNA_polymerase_NS5,492,NA,neutral,1.0,0.000,N,"N:805,?:7",0.000,0.9999999370871746,1.0,0.6696428571428571,-,0.6666666666666666
RNA-dependent_RNA_polymerase_NS5,493,E:E:4,negative,1.0,1.548,E,"E:805,?:7",0.000,0.009593926509016137,0.03083762092183758,0.6696428571428571,-,0.6666666666666666
RNA-dependent_RNA_polymerase_NS5,494,D:D:8,negative,1.0,1.457,D,"D:804,?:8",0.000,0.004437358804145752,0.019968114618655886,0.6696428571428571,-,0.6666666666666666
RNA-dependent_RNA_polymerase_NS5,495,H:H:7,negative,1.0,1.186,H,"H:804,?:8",0.000,0.002862658426379783,0.015520437251456656,0.6696428571428571,-,0.6666666666666666
RNA-dependent_RNA_polymerase_NS5,496,NA,neutral,1.0,0.153,W,"W:804,?:8",0.000,1.0,1.0,0.6696428571428571,-,0.6666666666666666
RNA-dependent_RNA_polymerase_NS5,497,F:F:5,negative,1.0,0.912,F,"F:804,?:8",0.000,0.004964002936976297,0.02168739147222654,0.6696428571428571,-,0.6666666666666666
RNA-dependent_RNA_polymerase_NS5,498,S:S:4,negative,1.0,0.940,S,"S:804,?:8",0.000,0.006914470758884961,0.0259292653458186,0.6696428571428571,-,0.6666666666666666
RNA-dependent_RNA_polymerase_NS5,499,NA,neutral,1.0,0.000,R,"R:803,?:9",0.000,1.0,1.0,0.6696428571428571,-,0.6666666666666666
RNA-dependent_RNA_polymerase_NS5,500,E:E:2,neutral,1.0,0.737,E,"E:804,?:8",0.000,0.07103627670741175,0.12017415232456875,0.6696428571428571,-,0.6666666666666666
RNA-dependent_RNA_polymerase_NS5,6,G:G:9,negative,1.0,1.208,G,"G:811,?:1",0.000,0.006868135345175275,0.0258632711743002,0.6696428571428571,-,0.6666666666666666
RNA-dependent_RNA_polymerase_NS5,51,"T:T:2,I:T:1,A:T:1",neutral,1.0,0.581,T,"T:808,I:1,?:1,A:2",0.180,0.3205205913600256,0.4042782568826365,0.6696428571428571,-,0.276420913170564
RNA-dependent_RNA_polymerase_NS5,501,N:N:2,neutral,1.0,0.359,N,"N:802,?:10",0.000,0.1531859875956728,0.22574568885676763,0.6696428571428571,-,0.6666666666666666
RNA-dependent_RNA_polymerase_NS5,502,S:S:5,negative,1.0,0.653,S,"S:803,?:9",0.000,0.01265020651323612,0.0354678687286994,0.6696428571428571,-,0.6666666666666666
RNA-dependent_RNA_polymerase_NS5,503,"Y:Y:5,H:Y:1",neutral,1.0,0.924,Y,"Y:787,H:17,?:8",0.230,0.1513454777591056,0.22514203303007443,0.6696428571428571,-,0.6666666666666666
RNA-dependent_RNA_polymerase_NS5,504,S:S:1,neutral,1.0,0.148,S,"S:805,?:7",0.000,0.3148763760679256,0.3986880298055317,0.6696428571428571,-,0.6666666666666666
RNA-dependent_RNA_polymerase_NS5,505,G:G:1,neutral,1.0,0.290,G,"G:804,?:8",0.000,0.2316856096555354,0.30673469200592673,0.6696428571428571,-,0.6666666666666666
RNA-dependent_RNA_polymerase_NS5,506,V:V:5,negative,1.0,1.455,V,"V:805,?:7",0.000,0.002617638186539262,0.01472421479928335,0.6696428571428571,-,0.6666666666666666
RNA-dependent_RNA_polymerase_NS5,507,E:E:1,neutral,1.0,0.377,E,"E:805,?:7",0.000,0.1968297608654165,0.27243495086044106,0.6696428571428571,-,0.6666666666666666
RNA-dependent_RNA_polymerase_NS5,508,G:G:4,negative,1.0,1.159,G,"G:805,?:7",0.000,0.01696326856877506,0.04421999436720538,0.6696428571428571,-,0.6666666666666666
RNA-dependent_RNA_polymerase_NS5,509,D:E:2,neutral,1.0,0.000,E,"E:803,D:2,?:7",0.000,1.0,1.0,0.6696428571428571,-,0.6666666666666666
RNA-dependent_RNA_polymerase_NS5,510,G:G:2,neutral,1.0,0.582,G,"G:804,?:8",0.000,0.09058424790352937,0.14742463492436966,0.6696428571428571,-,0.6666666666666666
RNA-dependent_RNA_polymerase_NS5,52,"H:H:8,H:R:2",negative,1.0,1.304,H,"H:788,R:18,?:6",0.177,0.01872842040969425,0.04708262114168946,0.6696428571428571,-,0.6666666666666666
RNA-dependent_RNA_polymerase_NS5,511,L:L:6,neutral,1.0,0.533,L,"L:804,?:8",0.000,0.06341166773605189,0.11301089299494396,0.6696428571428571,-,0.6666666666666666
RNA-dependent_RNA_polymerase_NS5,512,H:H:6,negative,1.0,0.976,H,"H:804,?:8",0.000,0.006652585548834078,0.02515683610903643,0.6696428571428571,-,0.6666666666666666
RNA-dependent_RNA_polymerase_NS5,513,K:K:6,negative,1.0,1.659,K,"K:804,?:8",0.000,0.005589627563527988,0.023095308125286998,0.6696428571428571,-,0.6666666666666666
RNA-dependent_RNA_polymerase_NS5,514,L:L:10,negative,1.0,0.932,L,"L:804,?:8",0.000,0.01495296692600923,0.04102948241892776,0.6696428571428571,-,0.6666666666666666
RNA-dependent_RNA_polymerase_NS5,515,G:G:3,neutral,1.0,0.618,G,"G:804,?:8",0.000,0.06609423641888834,0.11663688779803824,0.6696428571428571,-,0.6666666666666666
RNA-dependent_RNA_polymerase_NS5,516,Y:Y:5,negative,1.0,0.911,Y,"Y:804,?:8",0.000,0.01609662263403244,0.04311595348401546,0.6696428571428571,-,0.6666666666666666
RNA-dependent_RNA_polymerase_NS5,517,I:I:5,negative,1.0,1.458,I,"I:805,?:7",0.000,0.001858098283348597,0.012479764589654756,0.6696428571428571,-,0.6666666666666666
RNA-dependent_RNA_polymerase_NS5,518,L:L:6,neutral,1.0,0.783,L,"L:805,?:7",0.000,0.02962760418549315,0.06455759739726535,0.6696428571428571,-,0.6666666666666666
RNA-dependent_RNA_polymerase_NS5,519,"R:R:3,K:R:1",neutral,1.0,0.870,R,"R:804,K:1,?:7",0.000,0.03425562058206744,0.07103700120705231,0.6696428571428571,-,0.6666666666666666
RNA-dependent_RNA_polymerase_NS5,520,"D:D:9,D:G:1",negative,1.0,1.734,D,"D:804,?:7,G:1",0.000,0.002015899823985645,0.013070104730762587,0.6696428571428571,-,0.6666666666666666
RNA-dependent_RNA_polymerase_NS5,53,"H:H:3,H:Y:1",neutral,1.0,0.456,H,"H:810,?:1,Y:1",0.000,0.05321186793635391,0.09907595444425366,0.6696428571428571,-,0.6666666666666666
RNA-dependent_RNA_polymerase_NS5,521,I:I:5,negative,1.0,0.666,I,"I:805,?:7",0.000,0.02032331776063157,0.04970376626241416,0.6696428571428571,-,0.6666666666666666
RNA-dependent_RNA_polymerase_NS5,522,S:S:6,negative,1.0,0.919,S,"S:805,?:7",0.000,0.003839074498392825,0.01847682913664996,0.6696428571428571,-,0.6666666666666666
RNA-dependent_RNA_polymerase_NS5,523,"K:K:5,K:N:1",negative,1.0,1.335,K,"K:804,?:7,N:1",0.000,0.01247701467077023,0.03541744252006691,0.6696428571428571,-,0.6666666666666666
RNA-dependent_RNA_polymerase_NS5,524,"I:T:3,I:V:1",neutral,1.0,0.000,I,"I:797,T:4,?:10,V:1",0.157,0.6251249316638374,0.748154838427465,0.6696428571428571,-,0.5095033845724327
RNA-dependent_RNA_polymerase_NS5,525,"P:S:3,P:P:12",negative,1.0,1.968,P,"P:797,S:3,?:12",0.000,1.548368037651571e-05,0.0008950491793324746,0.6696428571428571,-,0.6666666666666666
RNA-dependent_RNA_polymerase_NS5,526,NA,neutral,1.0,0.000,G,"G:802,?:10",0.000,0.9999999468289579,1.0,0.6696428571428571,-,0.6666666666666666
RNA-dependent_RNA_polymerase_NS5,527,G:G:1,neutral,1.0,0.290,G,"G:805,?:7",0.000,0.2319073269435301,0.30673469200592673,0.6696428571428571,-,0.6666666666666666
RNA-dependent_RNA_polymerase_NS5,528,"A:A:14,A:V:2,A:N:1,A:T:2,A:S:1",negative,1.0,2.408,A,"A:799,V:2,N:1,T:2,?:7,S:1",0.000,1.66315170037068e-05,0.0008950491793324746,0.6696428571428571,-,0.6666666666666666
RNA-dependent_RNA_polymerase_NS5,529,I:M:1,neutral,1.0,10000.000,M,"M:804,?:7,I:1",0.000,0.06316677564709794,0.11279781365553203,0.6696428571428571,-,0.6666666666666666
RNA-dependent_RNA_polymerase_NS5,530,Y:Y:2,neutral,1.0,0.297,Y,"Y:805,?:7",0.000,0.1569485909595703,0.22930800627209946,0.6696428571428571,-,0.6666666666666666
RNA-dependent_RNA_polymerase_NS5,54,A:A:11,negative,1.0,1.814,A,"A:811,?:1",0.000,0.0001839782101038523,0.0031383411505512744,0.6696428571428571,-,0.6666666666666666
RNA-dependent_RNA_polymerase_NS5,531,A:A:4,neutral,1.0,0.511,A,"A:805,?:7",0.000,0.03863794353525429,0.07681796517165443,0.6696428571428571,-,0.6666666666666666
RNA-dependent_RNA_polymerase_NS5,532,D:D:2,neutral,1.0,0.299,D,"D:805,?:7",0.000,0.1771160994232229,0.25182383804249703,0.6696428571428571,-,0.6666666666666666
RNA-dependent_RNA_polymerase_NS5,533,D:D:4,neutral,1.0,0.736,D,"D:804,?:8",0.000,0.04329312183533174,0.08320457399378262,0.6696428571428571,-,0.6666666666666666
RNA-dependent_RNA_polymerase_NS5,534,NA,neutral,1.0,0.000,T,"T:803,?:9",0.000,0.9999999211345997,1.0,0.6696428571428571,-,0.6666666666666666
RNA-dependent_RNA_polymerase_NS5,535,A:A:3,neutral,1.0,0.377,A,"A:802,?:10",0.000,0.07500945684460703,0.12578413039508826,0.6696428571428571,-,0.6666666666666666
RNA-dependent_RNA_polymerase_NS5,536,G:G:13,negative,1.0,1.816,G,"G:802,?:10",0.000,0.0009829734910927757,0.00826800132694858,0.6696428571428571,-,0.6666666666666666
RNA-dependent_RNA_polymerase_NS5,537,NA,neutral,1.0,0.153,W,"W:802,?:10",0.000,1.0,1.0,0.6696428571428571,-,0.6666666666666666
RNA-dependent_RNA_polymerase_NS5,538,D:D:2,neutral,1.0,0.363,D,"D:801,?:11",0.000,0.1542710710154148,0.22686922208149235,0.6696428571428571,-,0.6666666666666666
RNA-dependent_RNA_polymerase_NS5,539,T:T:1,neutral,1.0,0.292,T,"T:801,?:11",0.000,0.1647561235454866,0.2370275894081047,0.6696428571428571,-,0.6666666666666666
RNA-dependent_RNA_polymerase_NS5,540,R:R:1,neutral,1.0,0.343,R,"R:801,?:11",0.000,0.1964144958164901,0.27243495086044106,0.6696428571428571,-,0.6666666666666666
RNA-dependent_RNA_polymerase_NS5,55,V:V:7,negative,1.0,1.750,V,"V:811,?:1",0.000,0.0007260142478304754,0.006806383573410707,0.6696428571428571,-,0.6666666666666666
RNA-dependent_RNA_polymerase_NS5,541,I:I:1,neutral,1.0,1.271,I,"I:802,?:10",0.000,0.035465187268374,0.07312998639049631,0.6696428571428571,-,0.6666666666666666
RNA-dependent_RNA_polymerase_NS5,542,T:T:1,neutral,1.0,0.292,T,"T:802,?:10",0.000,0.1646772581859081,0.2370275894081047,0.6696428571428571,-,0.6666666666666666
RNA-dependent_RNA_polymerase_NS5,543,E:E:6,negative,1.0,2.254,E,"E:802,?:10",0.000,0.001732916493999093,0.011726502590971306,0.6696428571428571,-,0.6666666666666666
RNA-dependent_RNA_polymerase_NS5,544,"D:D:3,D:E:1,D:N:1",neutral,1.0,0.450,D,"D:798,?:12,E:1,N:1",0.000,0.09760875586875306,0.1565915869552188,0.6696428571428571,-,0.6666666666666666
RNA-dependent_RNA_polymerase_NS5,545,D:D:4,neutral,1.0,0.726,D,"D:802,?:10",0.000,0.04389041364542445,0.08351241497015224,0.6696428571428571,-,0.6666666666666666
RNA-dependent_RNA_polymerase_NS5,546,"L:L:14,?:L:1",negative,1.0,1.282,L,"L:800,?:12",0.000,0.004343729842495425,0.019645009337919007,0.6696428571428571,-,0.6666666666666666
RNA-dependent_RNA_polymerase_NS5,547,"H:H:6,H:R:3,H:Y:2,H:Q:1,H:N:1,H:L:1",neutral,1.0,1.141,H,"H:768,R:3,Y:5,Q:1,N:1,?:11,L:23",0.367,0.140340069976127,0.21015983856657952,0.6696428571428571,-,0.4315231513660556
RNA-dependent_RNA_polymerase_NS5,548,N:N:7,negative,1.0,1.091,N,"N:801,?:11",0.000,0.01031847749966186,0.031692064742699234,0.6696428571428571,-,0.6666666666666666
RNA-dependent_RNA_polymerase_NS5,549,E:E:4,neutral,1.0,1.064,E,"E:801,?:11",0.000,0.02466135831791827,0.0577991721353007,0.6696428571428571,-,0.6666666666666666
RNA-dependent_RNA_polymerase_NS5,550,"A:E:1,E:E:3",negative,1.0,1.514,E,"E:800,A:1,?:11",0.000,0.01158144919933279,0.03451425258079308,0.6696428571428571,-,0.6666666666666666
RNA-dependent_RNA_polymerase_NS5,56,S:S:10,negative,1.0,1.648,S,"S:806,?:6",0.000,0.0001412354331111754,0.002956090460466462,0.6696428571428571,-,0.6666666666666666
RNA-dependent_RNA_polymerase_NS5,551,"K:K:3,K:R:1",neutral,1.0,0.949,K,"K:800,?:11,R:1",0.000,0.03788115153107741,0.07627077489478674,0.6696428571428571,-,0.6666666666666666
RNA-dependent_RNA_polymerase_NS5,552,I:I:1,neutral,1.0,0.159,I,"I:802,?:10",0.000,0.2675712891910994,0.34500596027505653,0.6696428571428571,-,0.6666666666666666
RNA-dependent_RNA_polymerase_NS5,553,"I:T:5,T:T:1,K:T:1",neutral,1.0,0.303,T,"T:757,I:44,?:10,K:1",0.545,0.5962117016181049,0.7145013734438007,0.6696428571428571,-,0.4433121598111283
RNA-dependent_RNA_polymerase_NS5,554,"K:Q:2,Q:R:3,Q:Q:3",neutral,1.0,1.056,Q,"Q:797,K:2,R:7,?:6",1.419,0.7050963339309408,0.8368496715402195,0.6696428571428571,-,0.5398957582718187
RNA-dependent_RNA_polymerase_NS5,555,Q:Q:1,neutral,1.0,0.372,Q,"Q:805,?:7",0.000,0.2724404448841966,0.3492826216464059,0.6696428571428571,-,0.6666666666666666
RNA-dependent_RNA_polymerase_NS5,556,NA,neutral,1.0,0.153,M,"M:806,?:6",0.000,0.9999999370871746,1.0,0.6696428571428571,-,0.6666666666666666
RNA-dependent_RNA_polymerase_NS5,557,"D:D:4,D:E:1,D:N:2,N:N:1",neutral,1.0,0.940,D,"D:794,?:5,E:6,N:7",0.552,0.5165863962398963,0.6274328699269995,0.6696428571428571,-,0.4770734279110878
RNA-dependent_RNA_polymerase_NS5,558,"P:P:4,L:P:1,P:S:2",neutral,1.0,0.499,P,"P:805,L:1,?:4,S:2",0.000,0.02238015224851364,0.05400036735566294,0.6696428571428571,-,0.6666666666666666
RNA-dependent_RNA_polymerase_NS5,559,NA,neutral,1.0,0.000,E,"E:808,?:4",0.000,0.9999999524423742,1.0,0.6696428571428571,-,0.6666666666666666
RNA-dependent_RNA_polymerase_NS5,560,H:H:9,negative,1.0,1.679,H,"H:807,?:5",0.000,0.0003938847904194631,0.004790490694290768,0.6696428571428571,-,0.6666666666666666
RNA-dependent_RNA_polymerase_NS5,57,R:R:11,negative,1.0,4.603,R,"R:806,?:6",0.000,2.783673542783305e-06,0.00048124965973950223,0.6696428571428571,-,0.6666666666666666
RNA-dependent_RNA_polymerase_NS5,561,"R:R:1,K:R:3",neutral,1.0,0.264,R,"R:802,?:5,K:5",0.516,0.574497803322148,0.6930938645977657,0.6696428571428571,-,0.04601970096119035
RNA-dependent_RNA_polymerase_NS5,562,"L:Q:1,Q:R:7,Q:Q:2,L:L:1",neutral,1.0,0.469,L,"L:485,Q:314,R:12,?:1",1.617,0.1078807129826537,0.1697940743197673,0.6696428571428571,-,0.1188254758380247
RNA-dependent_RNA_polymerase_NS5,563,L:L:9,negative,1.0,1.192,L,"L:811,?:1",0.000,0.007562470355333195,0.026974948515158453,0.6696428571428571,-,0.6666666666666666
RNA-dependent_RNA_polymerase_NS5,564,A:A:6,negative,1.0,1.597,A,"A:811,?:1",0.000,0.0009546898211388877,0.008183055609761894,0.6696428571428571,-,0.6666666666666666
RNA-dependent_RNA_polymerase_NS5,565,"N:N:6,N:S:3",neutral,1.0,1.085,N,"N:783,S:28,?:1",0.269,0.1367430862075437,0.20557812733201908,0.6696428571428571,-,0.6509116251213348
RNA-dependent_RNA_polymerase_NS5,566,A:A:9,negative,1.0,1.227,A,"A:811,?:1",0.000,0.001549466449867754,0.0109721834348076,0.6696428571428571,-,0.6666666666666666
RNA-dependent_RNA_polymerase_NS5,567,"I:V:1,I:I:1",neutral,1.0,1.239,I,"I:810,V:1,?:1",0.000,0.03644780511246137,0.07421498778555483,0.6696428571428571,-,0.6666666666666666
RNA-dependent_RNA_polymerase_NS5,568,F:F:12,negative,1.0,2.073,F,"F:811,?:1",0.000,1.988998176294388e-05,0.0008950491793324746,0.6696428571428571,-,0.6666666666666666
RNA-dependent_RNA_polymerase_NS5,569,"K:R:1,E:K:1",neutral,1.0,0.260,K,"K:809,R:1,?:1,E:1",0.000,0.2668511071697237,0.34457101356205355,0.6696428571428571,-,0.6666666666666666
RNA-dependent_RNA_polymerase_NS5,570,L:L:5,negative,1.0,0.951,L,"L:811,?:1",0.000,0.002902596683342251,0.015642736616814527,0.6696428571428571,-,0.6666666666666666
RNA-dependent_RNA_polymerase_NS5,58,G:G:6,neutral,1.0,0.852,G,"G:806,?:6",0.000,0.02384902534420708,0.0566335694189614,0.6696428571428571,-,0.6666666666666666
RNA-dependent_RNA_polymerase_NS5,571,T:T:4,negative,1.0,1.182,T,"T:811,?:1",0.000,0.005374904207747111,0.02252112049767132,0.6696428571428571,-,0.6666666666666666
RNA-dependent_RNA_polymerase_NS5,572,Y:Y:5,negative,1.0,0.934,Y,"Y:811,?:1",0.000,0.01513333355257795,0.04127272787066713,0.6696428571428571,-,0.6666666666666666
RNA-dependent_RNA_polymerase_NS5,573,Q:Q:2,neutral,1.0,0.742,Q,"Q:811,?:1",0.000,0.1217706172919815,0.18670111680201593,0.6696428571428571,-,0.6666666666666666
RNA-dependent_RNA_polymerase_NS5,574,N:N:2,neutral,1.0,0.361,N,"N:811,?:1",0.000,0.1526799453130847,0.22574568885676763,0.6696428571428571,-,0.6666666666666666
RNA-dependent_RNA_polymerase_NS5,575,K:K:3,neutral,1.0,1.147,K,"K:809,?:3",0.000,0.02579380092294503,0.05818150584122939,0.6696428571428571,-,0.6666666666666666
RNA-dependent_RNA_polymerase_NS5,576,V:V:1,neutral,1.0,0.230,V,"V:809,?:3",0.000,0.2109626756758005,0.2843530037225554,0.6696428571428571,-,0.6666666666666666
RNA-dependent_RNA_polymerase_NS5,577,V:V:3,neutral,1.0,0.469,V,"V:809,?:3",0.000,0.06017936527919432,0.10919642893402196,0.6696428571428571,-,0.6666666666666666
RNA-dependent_RNA_polymerase_NS5,578,K:K:2,neutral,1.0,0.757,K,"K:809,?:3",0.000,0.06916611847140242,0.11775298973840656,0.6696428571428571,-,0.6666666666666666
RNA-dependent_RNA_polymerase_NS5,579,V:V:5,neutral,1.0,0.636,V,"V:808,?:4",0.000,0.02507654305124263,0.0577991721353007,0.6696428571428571,-,0.6666666666666666
RNA-dependent_RNA_polymerase_NS5,580,Q:Q:1,neutral,1.0,0.376,Q,"Q:810,?:2",0.000,0.2704690301187512,0.3473206448244041,0.6696428571428571,-,0.6666666666666666
RNA-dependent_RNA_polymerase_NS5,59,S:S:12,negative,1.0,2.187,S,"S:806,?:6",0.000,0.00023424367264957,0.0033440607980455696,0.6696428571428571,-,0.6666666666666666
RNA-dependent_RNA_polymerase_NS5,581,R:R:1,neutral,1.0,0.249,R,"R:810,?:2",0.000,0.3551313415253724,0.4426844977463091,0.6696428571428571,-,0.6666666666666666
RNA-dependent_RNA_polymerase_NS5,582,P:P:8,negative,1.0,2.239,P,"P:809,?:3",0.000,2.585214914474498e-05,0.0010116058360987166,0.6696428571428571,-,0.6666666666666666
RNA-dependent_RNA_polymerase_NS5,583,T:T:5,neutral,1.0,0.627,T,"T:810,?:2",0.000,0.02138749738379364,0.051743945283371715,0.6696428571428571,-,0.6666666666666666
RNA-dependent_RNA_polymerase_NS5,584,"P:Q:1,P:P:2,P:S:2",neutral,1.0,0.583,P,"P:802,Q:1,S:7,?:2",0.276,0.4623067263081179,0.5634846887529128,0.6696428571428571,-,0.2345507568821754
RNA-dependent_RNA_polymerase_NS5,585,"T:T:6,K:T:2,K:K:3",negative,1.0,2.671,T,"T:521,K:288,?:3",0.237,0.002572429174019675,0.014624572945491864,0.6696428571428571,-,0.6666666666666666
RNA-dependent_RNA_polymerase_NS5,586,G:G:10,negative,1.0,1.631,G,"G:810,?:2",0.000,0.002099030488608489,0.013398066948564824,0.6696428571428571,-,0.6666666666666666
RNA-dependent_RNA_polymerase_NS5,587,T:T:6,negative,1.0,1.416,T,"T:810,?:2",0.000,0.001560488310728192,0.0109721834348076,0.6696428571428571,-,0.6666666666666666
RNA-dependent_RNA_polymerase_NS5,588,V:V:2,neutral,1.0,0.581,V,"V:810,?:2",0.000,0.05597341364201514,0.10239039080856428,0.6696428571428571,-,0.6666666666666666
RNA-dependent_RNA_polymerase_NS5,589,NA,neutral,1.0,0.153,M,"M:809,?:3",0.000,0.9999999370871746,1.0,0.6696428571428571,-,0.6666666666666666
RNA-dependent_RNA_polymerase_NS5,590,D:D:13,negative,1.0,2.584,D,"D:810,?:2",0.000,0.0001962417265557459,0.0031383411505512744,0.6696428571428571,-,0.6666666666666666
RNA-dependent_RNA_polymerase_NS5,60,"A:A:2,A:S:1",neutral,1.0,0.585,A,"A:792,?:18,S:2",0.182,0.3228482587171123,0.40638242356000154,0.6696428571428571,-,0.6581084303839996
RNA-dependent_RNA_polymerase_NS5,591,"I:I:11,I:V:1",negative,1.0,1.824,I,"I:807,V:1,?:4",0.000,0.0002246985203130381,0.0033152240701923657,0.6696428571428571,-,0.6666666666666666
RNA-dependent_RNA_polymerase_NS5,592,I:I:1,neutral,1.0,1.255,I,"I:810,?:2",0.000,0.03590887005894949,0.07361727346937252,0.6696428571428571,-,0.6666666666666666
RNA-dependent_RNA_polymerase_NS5,593,S:S:8,negative,1.0,1.112,S,"S:810,?:2",0.000,0.001307090879526962,0.010156672246660368,0.6696428571428571,-,0.6666666666666666
RNA-dependent_RNA_polymerase_NS5,594,R:R:4,negative,1.0,1.000,R,"R:810,?:2",0.000,0.01967302804067383,0.04877610258018305,0.6696428571428571,-,0.6666666666666666
RNA-dependent_RNA_polymerase_NS5,595,"K:R:3,K:K:3",negative,1.0,1.837,K,"K:807,R:3,?:2",0.000,0.005777394070135,0.023316837054356502,0.6696428571428571,-,0.6666666666666666
RNA-dependent_RNA_polymerase_NS5,596,D:D:2,neutral,1.0,0.360,D,"D:809,?:3",0.000,0.1551462417811421,0.22741305798538747,0.6696428571428571,-,0.6666666666666666
RNA-dependent_RNA_polymerase_NS5,597,Q:Q:1,neutral,1.0,0.379,Q,"Q:810,?:2",0.000,0.2691785025021154,0.34658176287826015,0.6696428571428571,-,0.6666666666666666
RNA-dependent_RNA_polymerase_NS5,598,R:R:8,negative,1.0,2.862,R,"R:809,?:3",0.000,0.0002385306182332014,0.0033440607980455696,0.6696428571428571,-,0.6666666666666666
RNA-dependent_RNA_polymerase_NS5,599,G:G:13,negative,1.0,2.186,G,"G:807,?:5",0.000,0.0003992783699823255,0.0047913404397879064,0.6696428571428571,-,0.6666666666666666
RNA-dependent_RNA_polymerase_NS5,600,S:S:12,negative,1.0,1.972,S,"S:809,?:3",0.000,0.0003365584425535362,0.004327179975688322,0.6696428571428571,-,0.6666666666666666
RNA-dependent_RNA_polymerase_NS5,7,E:E:2,neutral,1.0,0.760,E,"E:811,?:1",0.000,0.0678521154890035,0.11775298973840656,0.6696428571428571,-,0.6666666666666666
RNA-dependent_RNA_polymerase_NS5,61,K:K:1,neutral,1.0,0.379,K,"K:800,?:12",0.000,0.1981522301747374,0.27243495086044106,0.6696428571428571,-,0.6666666666666666
RNA-dependent_RNA_polymerase_NS5,601,G:G:2,neutral,1.0,0.575,G,"G:810,?:2",0.000,0.09141573642947942,0.14824173475050717,0.6696428571428571,-,0.6666666666666666
RNA-dependent_RNA_polymerase_NS5,602,Q:Q:12,negative,1.0,3.426,Q,"Q:809,?:3",0.000,0.0008951652986800562,0.007898307317964638,0.6696428571428571,-,0.6666666666666666
RNA-dependent_RNA_polymerase_NS5,603,"V:V:4,L:V:2",neutral,1.0,0.907,V,"V:774,?:3,L:35",0.196,0.1249966455743117,0.19068761875380683,0.6696428571428571,-,0.6586928712435866
RNA-dependent_RNA_polymerase_NS5,604,G:G:4,negative,1.0,1.106,G,"G:809,?:3",0.000,0.01833154559641625,0.04634379504711973,0.6696428571428571,-,0.6666666666666666
RNA-dependent_RNA_polymerase_NS5,605,T:T:5,neutral,1.0,0.628,T,"T:809,?:3",0.000,0.02127022499430964,0.05169387783229598,0.6696428571428571,-,0.6666666666666666
RNA-dependent_RNA_polymerase_NS5,606,NA,neutral,1.0,0.000,Y,"Y:809,?:3",0.000,0.9999999663716803,1.0,0.6696428571428571,-,0.6666666666666666
RNA-dependent_RNA_polymerase_NS5,607,G:G:14,negative,1.0,1.897,G,"G:809,?:3",0.000,0.0007515185738956598,0.006972852747485503,0.6696428571428571,-,0.6666666666666666
RNA-dependent_RNA_polymerase_NS5,608,L:L:10,negative,1.0,0.909,L,"L:809,?:3",0.000,0.01598897775328267,0.042955462620759416,0.6696428571428571,-,0.6666666666666666
RNA-dependent_RNA_polymerase_NS5,609,N:N:14,negative,1.0,2.510,N,"N:809,?:3",0.000,0.0001566803071404443,0.0031336061428088855,0.6696428571428571,-,0.6666666666666666
RNA-dependent_RNA_polymerase_NS5,610,T:T:1,neutral,1.0,0.290,T,"T:810,?:2",0.000,0.1648658566327484,0.2370275894081047,0.6696428571428571,-,0.6666666666666666
RNA-dependent_RNA_polymerase_NS5,62,"L:L:12,F:L:1",negative,1.0,1.542,L,"L:799,?:12,F:1",0.000,9.962411951480732e-05,0.0022990181426493996,0.6696428571428571,-,0.6666666666666666
RNA-dependent_RNA_polymerase_NS5,611,F:F:12,negative,1.0,2.169,F,"F:810,?:2",0.000,1.642313138083829e-05,0.0008950491793324746,0.6696428571428571,-,0.6666666666666666
RNA-dependent_RNA_polymerase_NS5,612,T:T:8,negative,1.0,1.204,T,"T:810,?:2",0.000,0.002003662298265652,0.013070104730762587,0.6696428571428571,-,0.6666666666666666
RNA-dependent_RNA_polymerase_NS5,613,N:N:4,neutral,1.0,0.728,N,"N:810,?:2",0.000,0.04300913363417069,0.08320457399378262,0.6696428571428571,-,0.6666666666666666
RNA-dependent_RNA_polymerase_NS5,614,I:M:1,neutral,1.0,0.030,M,"M:808,I:1,?:3",0.000,1.0,1.0,0.6696428571428571,-,0.6666666666666666
RNA-dependent_RNA_polymerase_NS5,615,E:E:2,neutral,1.0,0.744,E,"E:810,?:2",0.000,0.06970349463893033,0.11836442485856093,0.6696428571428571,-,0.6666666666666666
RNA-dependent_RNA_polymerase_NS5,616,"A:V:3,A:A:7",negative,1.0,1.096,A,"A:807,V:3,?:2",0.000,0.003298352139315286,0.016962953859335755,0.6696428571428571,-,0.6666666666666666
RNA-dependent_RNA_polymerase_NS5,617,Q:Q:3,neutral,1.0,0.792,Q,"Q:810,?:2",0.000,0.1044051356307009,0.16572243750904905,0.6696428571428571,-,0.6666666666666666
RNA-dependent_RNA_polymerase_NS5,618,L:L:16,negative,1.0,2.061,L,"L:810,?:2",0.000,0.000475168881311161,0.005345649914750561,0.6696428571428571,-,0.6666666666666666
RNA-dependent_RNA_polymerase_NS5,619,"L:V:1,I:V:8,I:I:4,V:V:3",neutral,1.0,1.112,V,"V:668,L:1,I:141,?:2",0.856,0.674754795226026,0.8032795181262214,0.6696428571428571,-,0.6666666666666666
RNA-dependent_RNA_polymerase_NS5,620,R:R:3,neutral,1.0,1.006,R,"R:810,?:2",0.000,0.02663517746980371,0.059294600325086044,0.6696428571428571,-,0.6666666666666666
RNA-dependent_RNA_polymerase_NS5,63,H:Q:1,neutral,1.0,0.000,Q,"Q:799,H:1,?:12",0.000,1.0,1.0,0.6696428571428571,-,0.6666666666666666
RNA-dependent_RNA_polymerase_NS5,621,Q:Q:4,neutral,1.0,1.371,Q,"Q:810,?:2",0.000,0.03550867116960765,0.07312998639049631,0.6696428571428571,-,0.6666666666666666
RNA-dependent_RNA_polymerase_NS5,622,NA,neutral,1.0,0.153,M,"M:810,?:2",0.000,0.9999999370871746,1.0,0.6696428571428571,-,0.6666666666666666
RNA-dependent_RNA_polymerase_NS5,623,E:E:1,neutral,1.0,0.374,E,"E:810,?:2",0.000,0.1981717947861911,0.27243495086044106,0.6696428571428571,-,0.6666666666666666
RNA-dependent_RNA_polymerase_NS5,624,G:G:1,neutral,1.0,0.290,G,"G:810,?:2",0.000,0.2319034756201198,0.30673469200592673,0.6696428571428571,-,0.6666666666666666
RNA-dependent_RNA_polymerase_NS5,625,E:E:2,neutral,1.0,0.760,E,"E:810,?:2",0.000,0.06776064002417104,0.11775298973840656,0.6696428571428571,-,0.6666666666666666
RNA-dependent_RNA_polymerase_NS5,626,"G:G:5,A:G:1",neutral,1.0,0.671,G,"G:809,?:2,A:1",0.000,0.04322486519798496,0.08320457399378262,0.6696428571428571,-,0.6666666666666666
RNA-dependent_RNA_polymerase_NS5,627,NA,neutral,1.0,0.000,V,"V:810,?:2",0.000,0.9999999286635612,1.0,0.6696428571428571,-,0.6666666666666666
RNA-dependent_RNA_polymerase_NS5,628,L:L:5,neutral,1.0,0.498,L,"L:810,?:2",0.000,0.07505119780240266,0.12578413039508826,0.6696428571428571,-,0.6666666666666666
RNA-dependent_RNA_polymerase_NS5,629,"S:S:4,S:T:4,L:S:1,?:S:1",neutral,1.0,1.158,S,"S:763,T:45,L:1,?:3",0.671,0.4459587069219779,0.5445900084528902,0.6696428571428571,-,0.6666666666666666
RNA-dependent_RNA_polymerase_NS5,630,"K:M:1,K:K:1",neutral,1.0,0.261,K,"K:808,M:1,?:3",0.000,0.2665783456225348,0.34457101356205355,0.6696428571428571,-,0.6666666666666666
RNA-dependent_RNA_polymerase_NS5,64,NA,neutral,1.0,0.153,W,"W:800,?:12",0.000,1.0,1.0,0.6696428571428571,-,0.6666666666666666
RNA-dependent_RNA_polymerase_NS5,631,"A:A:1,A:T:3,A:V:3",neutral,1.0,0.289,A,"A:716,T:88,V:5,?:3",0.364,0.8480063396657912,0.9847815557409189,0.6696428571428571,-,0.6051612629128689
RNA-dependent_RNA_polymerase_NS5,632,"D:D:4,D:N:1",neutral,1.0,0.730,D,"D:808,N:1,?:3",0.000,0.0437834956905343,0.08348547907093404,0.6696428571428571,-,0.6666666666666666
RNA-dependent_RNA_polymerase_NS5,633,L:L:10,negative,1.0,1.615,L,"L:809,?:3",0.000,0.0001125589760947454,0.0024708067923236796,0.6696428571428571,-,0.6666666666666666
RNA-dependent_RNA_polymerase_NS5,634,E:E:2,neutral,1.0,0.526,E,"E:809,?:3",0.000,0.1134339759057201,0.1769353229575364,0.6696428571428571,-,0.6666666666666666
RNA-dependent_RNA_polymerase_NS5,635,"N:N:3,N:Q:1,D:N:2",neutral,1.0,0.554,N,"N:793,Q:1,D:15,?:3",0.271,0.517420976201856,0.6275995668216582,0.6696428571428571,-,0.6209413231835811
RNA-dependent_RNA_polymerase_NS5,636,"P:P:9,P:S:1,L:P:1",negative,1.0,1.137,P,"P:808,S:1,L:1,?:2",0.000,0.0006098601669286552,0.006382257560881275,0.6696428571428571,-,0.6666666666666666
RNA-dependent_RNA_polymerase_NS5,637,"H:H:8,H:Y:2,H:R:2",neutral,1.0,1.215,H,"H:803,Y:3,?:3,R:3",0.356,0.08944054500942844,0.14662384427775155,0.6696428571428571,-,0.5981960807817661
RNA-dependent_RNA_polymerase_NS5,638,"L:P:1,L:L:4,L:Q:1",neutral,1.0,0.363,L,"L:791,P:1,Q:17,?:3",0.271,0.7912345732798405,0.9236201244511756,0.6696428571428571,-,0.6591422523403481
RNA-dependent_RNA_polymerase_NS5,639,"P:S:7,L:P:8,L:L:8,I:L:1",neutral,1.0,1.341,P,"P:545,S:26,L:236,I:2,?:3",2.029,0.3890073369625111,0.47959808666610954,0.6696428571428571,-,0.3467529974757684
RNA-dependent_RNA_polymerase_NS5,640,"E:G:1,E:E:7,D:E:3",neutral,1.0,2.176,E,"E:805,G:1,D:4,?:2",0.300,0.02321971491170793,0.05572689229402614,0.6696428571428571,-,0.6666666666666666
RNA-dependent_RNA_polymerase_NS5,65,F:F:5,negative,1.0,0.847,F,"F:800,?:12",0.000,0.005992015473147427,0.02354940578966238,0.6696428571428571,-,0.6666666666666666
RNA-dependent_RNA_polymerase_NS5,641,K:R:2,neutral,1.0,0.000,K,"K:807,R:2,?:3",0.000,1.0,1.0,0.6696428571428571,-,0.6666666666666666
RNA-dependent_RNA_polymerase_NS5,642,K:K:2,neutral,1.0,0.757,K,"K:809,?:3",0.000,0.0691424404085843,0.11775298973840656,0.6696428571428571,-,0.6666666666666666
RNA-dependent_RNA_polymerase_NS5,643,"I:I:18,I:V:2,I:T:3",negative,1.0,2.791,I,"I:803,V:2,T:3,?:4",0.000,4.624263962416109e-06,0.000544801259805272,0.6696428571428571,-,0.6666666666666666
RNA-dependent_RNA_polymerase_NS5,644,"I:T:5,T:T:2,S:T:1",neutral,1.0,0.583,T,"T:783,I:26,S:1,?:2",0.737,0.7875219189652414,0.9204801650243081,0.6696428571428571,-,0.5778856778353756
RNA-dependent_RNA_polymerase_NS5,645,"K:Q:1,Q:Q:4,L:Q:1",neutral,1.0,1.540,Q,"Q:807,K:2,?:2,L:1",0.448,0.2268909047732303,0.3043246114693104,0.6696428571428571,-,0.6666666666666666
RNA-dependent_RNA_polymerase_NS5,646,NA,neutral,1.0,0.153,W,"W:810,?:2",0.000,1.0,1.0,0.6696428571428571,-,0.6666666666666666
RNA-dependent_RNA_polymerase_NS5,647,L:L:14,negative,1.0,1.517,L,"L:808,?:4",0.000,0.002182528066647649,0.013726697115007399,0.6696428571428571,-,0.6666666666666666
RNA-dependent_RNA_polymerase_NS5,648,E:E:2,neutral,1.0,0.759,E,"E:809,?:3",0.000,0.06788269559311233,0.11775298973840656,0.6696428571428571,-,0.6666666666666666
RNA-dependent_RNA_polymerase_NS5,649,"T:T:11,N:T:4,I:T:1,A:T:1",negative,1.0,1.851,T,"T:740,N:65,I:1,A:3,?:3",0.369,0.01548550751683031,0.0419787854371906,0.6696428571428571,-,0.2849945029089587
RNA-dependent_RNA_polymerase_NS5,650,"E:K:3,K:R:2,R:R:1",neutral,1.0,0.374,K,"K:794,E:8,R:7,?:3",1.197,0.2544902735303142,0.33290878804837615,0.6696428571428571,-,0.2572965552021034
RNA-dependent_RNA_polymerase_NS5,66,V:V:3,neutral,1.0,0.707,V,"V:799,?:13",0.000,0.02942402397361921,0.06443216928529755,0.6696428571428571,-,0.6666666666666666
RNA-dependent_RNA_polymerase_NS5,651,G:G:4,negative,1.0,1.157,G,"G:807,?:5",0.000,0.0170870218811382,0.04421999436720538,0.6696428571428571,-,0.6666666666666666
RNA-dependent_RNA_polymerase_NS5,652,"V:V:4,G:V:1,M:V:1",negative,1.0,0.942,V,"V:807,G:1,?:3,M:1",0.000,0.01193696123363774,0.03507105584434874,0.6696428571428571,-,0.6666666666666666
RNA-dependent_RNA_polymerase_NS5,653,D:E:2,neutral,1.0,0.000,E,"E:806,?:4,D:2",0.000,1.0,1.0,0.6696428571428571,-,0.6666666666666666
RNA-dependent_RNA_polymerase_NS5,654,R:R:3,neutral,1.0,0.796,R,"R:810,?:2",0.000,0.03939509863431279,0.07775348414666998,0.6696428571428571,-,0.6666666666666666
RNA-dependent_RNA_polymerase_NS5,655,L:L:13,negative,1.0,1.779,L,"L:809,?:3",0.000,0.001212228826468764,0.009570227577384979,0.6696428571428571,-,0.6666666666666666
RNA-dependent_RNA_polymerase_NS5,656,"K:Q:2,K:K:2,K:R:1",neutral,1.0,0.745,K,"K:777,Q:30,R:3,?:2",0.907,0.8302935203934209,0.966706556732314,0.6696428571428571,-,0.1703294609342398
RNA-dependent_RNA_polymerase_NS5,657,R:R:1,neutral,1.0,0.343,R,"R:810,?:2",0.000,0.1968155163224703,0.27243495086044106,0.6696428571428571,-,0.6666666666666666
RNA-dependent_RNA_polymerase_NS5,658,NA,neutral,1.0,0.153,M,"M:809,?:3",0.000,0.9999999370871746,1.0,0.6696428571428571,-,0.6666666666666666
RNA-dependent_RNA_polymerase_NS5,659,A:A:2,neutral,1.0,0.312,A,"A:782,?:30",0.000,0.1145656103431821,0.1774682432166332,0.6696428571428571,-,0.6666666666666666
RNA-dependent_RNA_polymerase_NS5,660,I:I:9,negative,1.0,1.383,I,"I:807,?:5",0.000,0.00111806401861525,0.008984443006729686,0.6696428571428571,-,0.6666666666666666
RNA-dependent_RNA_polymerase_NS5,67,E:E:2,neutral,1.0,0.574,E,"E:800,?:12",0.000,0.1012240334398036,0.1615277129358568,0.6696428571428571,-,0.6666666666666666
RNA-dependent_RNA_polymerase_NS5,661,S:S:5,negative,1.0,0.906,S,"S:809,?:3",0.000,0.01741746786006804,0.044644329454730264,0.6696428571428571,-,0.6666666666666666
RNA-dependent_RNA_polymerase_NS5,662,G:G:4,neutral,1.0,0.938,G,"G:810,?:2",0.000,0.0247947525730442,0.0577991721353007,0.6696428571428571,-,0.6666666666666666
RNA-dependent_RNA_polymerase_NS5,663,D:D:2,neutral,1.0,0.297,D,"D:810,?:2",0.000,0.1774639864662751,0.25192048551994883,0.6696428571428571,-,0.6666666666666666
RNA-dependent_RNA_polymerase_NS5,664,D:D:12,negative,1.0,1.947,D,"D:810,?:2",0.000,0.0007114848467738577,0.006773788668742278,0.6696428571428571,-,0.6666666666666666
RNA-dependent_RNA_polymerase_NS5,665,C:C:9,negative,1.0,1.653,C,"C:810,?:2",0.000,0.000675293747181227,0.006773788668742278,0.6696428571428571,-,0.6666666666666666
RNA-dependent_RNA_polymerase_NS5,666,V:V:8,negative,1.0,2.223,V,"V:810,?:2",0.000,0.0001765723681660392,0.0031383411505512744,0.6696428571428571,-,0.6666666666666666
RNA-dependent_RNA_polymerase_NS5,667,V:V:5,negative,1.0,1.168,V,"V:808,?:4",0.000,0.005127617661488948,0.021875967895502665,0.6696428571428571,-,0.6666666666666666
RNA-dependent_RNA_polymerase_NS5,668,K:K:1,neutral,1.0,0.371,K,"K:810,?:2",0.000,0.2015846974384773,0.2743590436829321,0.6696428571428571,-,0.6666666666666666
RNA-dependent_RNA_polymerase_NS5,669,P:P:3,negative,1.0,0.836,P,"P:810,?:2",0.000,0.009727009099155248,0.0309335558611993,0.6696428571428571,-,0.6666666666666666
RNA-dependent_RNA_polymerase_NS5,670,"I:I:11,I:M:1,I:T:1",negative,1.0,1.872,I,"I:807,?:3,M:1,T:1",0.000,0.0001982532444569918,0.0031383411505512744,0.6696428571428571,-,0.6666666666666666
RNA-dependent_RNA_polymerase_NS5,68,R:R:9,negative,1.0,2.788,R,"R:795,?:17",0.000,0.0001923680180471177,0.0031383411505512744,0.6696428571428571,-,0.6666666666666666
RNA-dependent_RNA_polymerase_NS5,671,D:D:7,negative,1.0,1.125,D,"D:810,?:2",0.000,0.009695206286282065,0.0309335558611993,0.6696428571428571,-,0.6666666666666666
RNA-dependent_RNA_polymerase_NS5,672,D:D:7,negative,1.0,1.325,D,"D:809,?:3",0.000,0.007052457085702568,0.026043322887435088,0.6696428571428571,-,0.6666666666666666
RNA-dependent_RNA_polymerase_NS5,673,R:R:1,neutral,1.0,0.244,R,"R:810,?:2",0.000,0.2466184344457346,0.3240242204396513,0.6696428571428571,-,0.6666666666666666
RNA-dependent_RNA_polymerase_NS5,674,F:F:8,negative,1.0,1.411,F,"F:811,?:1",0.000,0.0004458926233669169,0.00519111017320401,0.6696428571428571,-,0.6666666666666666
RNA-dependent_RNA_polymerase_NS5,675,A:A:9,negative,1.0,1.276,A,"A:811,?:1",0.000,0.001329125487552152,0.010156672246660368,0.6696428571428571,-,0.6666666666666666
RNA-dependent_RNA_polymerase_NS5,676,"N:N:5,D:N:2,N:S:1,N:Y:1",neutral,1.0,0.840,N,"N:802,D:6,S:1,?:1,Y:2",0.792,0.9341023830324084,1.0,0.6696428571428571,-,0.3920725032072896
RNA-dependent_RNA_polymerase_NS5,677,"A:S:1,A:A:5",negative,1.0,0.797,A,"A:810,S:1,?:1",0.000,0.01218657249440869,0.03507105584434874,0.6696428571428571,-,0.6666666666666666
RNA-dependent_RNA_polymerase_NS5,678,L:L:13,negative,1.0,1.208,L,"L:811,?:1",0.000,0.005689420482053564,0.023274901972037305,0.6696428571428571,-,0.6666666666666666
RNA-dependent_RNA_polymerase_NS5,679,"F:L:3,L:L:7",neutral,1.0,0.903,L,"L:803,F:8,?:1",0.144,0.03703468309315494,0.0752397624917369,0.6696428571428571,-,0.6666666666666666
RNA-dependent_RNA_polymerase_NS5,680,"A:A:15,A:V:1",negative,1.0,2.163,A,"A:810,?:1,V:1",0.000,3.323217625550434e-05,0.0011382154589512083,0.6696428571428571,-,0.6666666666666666
RNA-dependent_RNA_polymerase_NS5,69,"N:N:4,N:S:1",neutral,1.0,0.739,N,"N:798,?:13,S:1",0.271,0.3319648650868194,0.41727427175717524,0.6696428571428571,-,0.3073742496707235
RNA-dependent_RNA_polymerase_NS5,681,L:L:12,negative,1.0,1.106,L,"L:811,?:1",0.000,0.008073619009178357,0.027840065548890885,0.6696428571428571,-,0.6666666666666666
RNA-dependent_RNA_polymerase_NS5,682,N:N:9,negative,1.0,1.661,N,"N:809,?:3",0.000,0.002281117962674384,0.01396602834290439,0.6696428571428571,-,0.6666666666666666
RNA-dependent_RNA_polymerase_NS5,683,D:D:7,negative,1.0,1.081,D,"D:810,?:2",0.000,0.01255351573766816,0.03541744252006691,0.6696428571428571,-,0.6666666666666666
RNA-dependent_RNA_polymerase_NS5,684,NA,neutral,1.0,0.153,M,"M:811,?:1",0.000,0.9999999370871746,1.0,0.6696428571428571,-,0.6666666666666666
RNA-dependent_RNA_polymerase_NS5,685,NA,neutral,1.0,0.000,G,"G:811,?:1",0.000,0.9999999468289579,1.0,0.6696428571428571,-,0.6666666666666666
RNA-dependent_RNA_polymerase_NS5,686,"K:K:5,K:N:1",negative,1.0,1.436,K,"K:810,N:1,?:1",0.000,0.01010563036003931,0.03147082119043384,0.6696428571428571,-,0.6666666666666666
RNA-dependent_RNA_polymerase_NS5,687,"V:V:4,A:V:2",neutral,1.0,0.520,V,"V:808,A:2,?:2",0.000,0.04335882800342672,0.08320457399378262,0.6696428571428571,-,0.6666666666666666
RNA-dependent_RNA_polymerase_NS5,688,R:R:2,neutral,1.0,0.448,R,"R:810,?:2",0.000,0.09632350993433503,0.15536049989408876,0.6696428571428571,-,0.6666666666666666
RNA-dependent_RNA_polymerase_NS5,689,K:K:4,negative,1.0,1.271,K,"K:810,?:2",0.000,0.01669415209223013,0.04410080615012516,0.6696428571428571,-,0.6666666666666666
RNA-dependent_RNA_polymerase_NS5,690,D:D:4,neutral,1.0,0.732,D,"D:810,?:2",0.000,0.04361491296757936,0.08334059802722171,0.6696428571428571,-,0.6666666666666666
RNA-dependent_RNA_polymerase_NS5,70,NA,neutral,1.0,0.153,M,"M:794,?:18",0.000,0.9999999370871746,1.0,0.6696428571428571,-,0.6666666666666666
RNA-dependent_RNA_polymerase_NS5,691,"I:T:2,I:V:1",neutral,1.0,0.000,I,"I:808,T:2,?:1,V:1",0.000,1.0,1.0,0.6696428571428571,-,0.6666666666666666
RNA-dependent_RNA_polymerase_NS5,692,"P:P:9,A:P:1,H:P:1",negative,1.0,1.183,P,"P:809,A:1,?:1,H:1",0.000,0.0005087097756723002,0.005652330840803336,0.6696428571428571,-,0.6666666666666666
RNA-dependent_RNA_polymerase_NS5,693,Q:Q:2,neutral,1.0,0.746,Q,"Q:811,?:1",0.000,0.1212504274633449,0.18622079303244096,0.6696428571428571,-,0.6666666666666666
RNA-dependent_RNA_polymerase_NS5,694,NA,neutral,1.0,0.153,W,"W:811,?:1",0.000,1.0,1.0,0.6696428571428571,-,0.6666666666666666
RNA-dependent_RNA_polymerase_NS5,695,"Q:Q:7,E:Q:1",negative,1.0,2.154,Q,"Q:810,?:1,E:1",0.000,0.007785523159401286,0.027264477990121237,0.6696428571428571,-,0.6666666666666666
RNA-dependent_RNA_polymerase_NS5,696,P:P:2,neutral,1.0,0.585,P,"P:811,?:1",0.000,0.0319858260645397,0.06741743198614926,0.6696428571428571,-,0.6666666666666666
RNA-dependent_RNA_polymerase_NS5,697,S:S:1,neutral,1.0,0.281,S,"S:811,?:1",0.000,0.1532562398794278,0.22574568885676763,0.6696428571428571,-,0.6666666666666666
RNA-dependent_RNA_polymerase_NS5,698,"K:K:15,K:R:4",negative,1.0,4.707,K,"K:803,R:5,?:4",0.300,0.0001362515207916637,0.0029196754455356505,0.6696428571428571,-,0.6666666666666666
RNA-dependent_RNA_polymerase_NS5,699,G:G:5,negative,1.0,1.350,G,"G:811,?:1",0.000,0.009121796212917532,0.03051902078671293,0.6696428571428571,-,0.6666666666666666
RNA-dependent_RNA_polymerase_NS5,700,NA,neutral,1.0,0.153,W,"W:811,?:1",0.000,1.0,1.0,0.6696428571428571,-,0.6666666666666666
RNA-dependent_RNA_polymerase_NS5,8,T:T:5,negative,1.0,0.686,T,T:812,0.000,0.01740557357368566,0.044644329454730264,0.6696428571428571,-,0.6666666666666666
RNA-dependent_RNA_polymerase_NS5,71,"I:V:2,V:V:2",neutral,1.0,0.331,V,"V:791,I:3,?:18",0.198,0.6692826009708825,0.7978203190381381,0.6696428571428571,-,0.5438531671821182
RNA-dependent_RNA_polymerase_NS5,701,"H:Q:1,H:N:1",neutral,1.0,0.148,H,"H:808,Q:2,?:1,N:1",0.175,0.9087643721968791,1.0,0.6696428571428571,-,0.6303651808676569
RNA-dependent_RNA_polymerase_NS5,702,D:D:7,negative,1.0,1.154,D,"D:801,?:11",0.000,0.009343435988894644,0.03083762092183758,0.6696428571428571,-,0.6666666666666666
RNA-dependent_RNA_polymerase_NS5,703,NA,neutral,1.0,0.153,W,"W:811,?:1",0.000,1.0,1.0,0.6696428571428571,-,0.6666666666666666
RNA-dependent_RNA_polymerase_NS5,704,"Q:Q:12,P:Q:1,Q:T:1",negative,1.0,4.397,Q,"Q:809,P:1,?:1,T:1",0.000,0.0001825072216431467,0.0031383411505512744,0.6696428571428571,-,0.6666666666666666
RNA-dependent_RNA_polymerase_NS5,705,"L:Q:1,Q:Q:6",neutral,1.0,1.555,Q,"Q:809,L:2,?:1",0.493,0.2296812497396244,0.30673469200592673,0.6696428571428571,-,0.6666666666666666
RNA-dependent_RNA_polymerase_NS5,706,"V:V:4,A:V:1",neutral,1.0,0.572,V,"V:810,A:1,?:1",0.000,0.03629288502823425,0.07406711230251888,0.6696428571428571,-,0.6666666666666666
RNA-dependent_RNA_polymerase_NS5,707,P:P:5,negative,1.0,0.637,P,"P:811,?:1",0.000,0.01015682154884001,0.031521170323986235,0.6696428571428571,-,0.6666666666666666
RNA-dependent_RNA_polymerase_NS5,708,F:F:6,negative,1.0,1.112,F,"F:811,?:1",0.000,0.002007178312102065,0.013070104730762587,0.6696428571428571,-,0.6666666666666666
RNA-dependent_RNA_polymerase_NS5,709,C:C:8,negative,1.0,1.471,C,"C:810,?:2",0.000,0.001331652583451026,0.010156672246660368,0.6696428571428571,-,0.6666666666666666
RNA-dependent_RNA_polymerase_NS5,710,S:S:5,negative,1.0,0.801,S,"S:809,?:3",0.000,0.007189808036651923,0.026043322887435088,0.6696428571428571,-,0.6666666666666666
RNA-dependent_RNA_polymerase_NS5,72,"I:I:5,I:N:2,I:V:7",neutral,1.0,0.690,I,"I:734,?:22,N:2,V:54",0.230,0.255088035788548,0.3332064328152296,0.6696428571428571,-,0.611545516650117
RNA-dependent_RNA_polymerase_NS5,711,H:H:5,negative,1.0,0.918,H,"H:810,?:2",0.000,0.008482795797662979,0.02902857877527255,0.6696428571428571,-,0.6666666666666666
RNA-dependent_RNA_polymerase_NS5,712,H:H:10,negative,1.0,1.915,H,"H:810,?:2",0.000,0.0001714738237320601,0.0031383411505512744,0.6696428571428571,-,0.6666666666666666
RNA-dependent_RNA_polymerase_NS5,713,F:F:8,negative,1.0,1.246,F,"F:810,?:2",0.000,0.0007026562363959821,0.006773788668742278,0.6696428571428571,-,0.6666666666666666
RNA-dependent_RNA_polymerase_NS5,714,H:H:1,neutral,1.0,0.149,H,"H:810,?:2",0.000,0.2656719824794748,0.34403566076478753,0.6696428571428571,-,0.6666666666666666
RNA-dependent_RNA_polymerase_NS5,715,E:E:2,neutral,1.0,0.758,E,"E:810,?:2",0.000,0.06792618840908671,0.11775298973840656,0.6696428571428571,-,0.6666666666666666
RNA-dependent_RNA_polymerase_NS5,716,L:L:8,negative,1.0,0.971,L,"L:810,?:2",0.000,0.0137600795964764,0.03787177870589835,0.6696428571428571,-,0.6666666666666666
RNA-dependent_RNA_polymerase_NS5,717,"I:I:7,I:V:1,I:L:1",neutral,1.0,1.145,I,"I:802,?:2,V:7,L:1",0.189,0.04192455643513537,0.08167121383467929,0.6696428571428571,-,0.4206229408941114
RNA-dependent_RNA_polymerase_NS5,718,NA,neutral,1.0,0.153,M,"M:810,?:2",0.000,0.9999999370871746,1.0,0.6696428571428571,-,0.6666666666666666
RNA-dependent_RNA_polymerase_NS5,719,K:K:4,negative,1.0,1.543,K,"K:810,?:2",0.000,0.009918338850937736,0.031102804759038198,0.6696428571428571,-,0.6666666666666666
RNA-dependent_RNA_polymerase_NS5,720,D:D:1,neutral,1.0,0.148,D,"D:810,?:2",0.000,0.340360386103741,0.4266355814670848,0.6696428571428571,-,0.6666666666666666
RNA-dependent_RNA_polymerase_NS5,73,P:P:11,negative,1.0,1.835,P,"P:794,?:18",0.000,3.03269837040876e-05,0.0010917714133471537,0.6696428571428571,-,0.6666666666666666
RNA-dependent_RNA_polymerase_NS5,721,G:G:2,neutral,1.0,0.587,G,"G:810,?:2",0.000,0.0896282185038858,0.14666435755181315,0.6696428571428571,-,0.6666666666666666
RNA-dependent_RNA_polymerase_NS5,722,R:R:3,neutral,1.0,1.043,R,"R:810,?:2",0.000,0.0250016134849792,0.0577991721353007,0.6696428571428571,-,0.6666666666666666
RNA-dependent_RNA_polymerase_NS5,723,"K:R:3,K:K:3",neutral,1.0,0.796,K,"K:802,R:8,?:2",0.305,0.3796053024396545,0.4692922694995729,0.6696428571428571,-,0.4286792359118232
RNA-dependent_RNA_polymerase_NS5,724,L:L:11,negative,1.0,1.255,L,"L:809,?:3",0.000,0.005380045452221482,0.02252112049767132,0.6696428571428571,-,0.6666666666666666
RNA-dependent_RNA_polymerase_NS5,725,V:V:6,negative,1.0,1.624,V,"V:808,?:4",0.000,0.001209086930335279,0.009570227577384979,0.6696428571428571,-,0.6666666666666666
RNA-dependent_RNA_polymerase_NS5,726,V:V:7,negative,1.0,0.917,V,"V:807,?:5",0.000,0.00758295774926121,0.026974948515158453,0.6696428571428571,-,0.6666666666666666
RNA-dependent_RNA_polymerase_NS5,727,P:P:5,negative,1.0,0.808,P,"P:807,?:5",0.000,0.005245598260020801,0.022164499690228736,0.6696428571428571,-,0.6666666666666666
RNA-dependent_RNA_polymerase_NS5,728,C:C:7,negative,1.0,1.286,C,"C:807,?:5",0.000,0.002709679700656165,0.015053776114756473,0.6696428571428571,-,0.6666666666666666
RNA-dependent_RNA_polymerase_NS5,729,NA,neutral,1.0,0.000,R,"R:805,?:7",0.000,0.9999999663716803,1.0,0.6696428571428571,-,0.6666666666666666
RNA-dependent_RNA_polymerase_NS5,730,"P:P:7,N:P:1",negative,1.0,1.172,P,"P:804,?:7,N:1",0.000,0.0008515293326850637,0.007587885142738191,0.6696428571428571,-,0.6666666666666666
RNA-dependent_RNA_polymerase_NS5,74,E:E:3,neutral,1.0,1.055,E,"E:790,?:22",0.000,0.03032223340871043,0.06560098573999852,0.6696428571428571,-,0.6666666666666666
RNA-dependent_RNA_polymerase_NS5,731,Q:Q:5,neutral,1.0,1.355,Q,"Q:805,?:7",0.000,0.03496256461879954,0.07233634059061975,0.6696428571428571,-,0.6666666666666666
RNA-dependent_RNA_polymerase_NS5,732,D:D:7,negative,1.0,1.283,D,"D:804,?:8",0.000,0.007205319332190374,0.026043322887435088,0.6696428571428571,-,0.6666666666666666
RNA-dependent_RNA_polymerase_NS5,733,E:E:1,neutral,1.0,0.382,E,"E:805,?:7",0.000,0.196196343161512,0.27243495086044106,0.6696428571428571,-,0.6666666666666666
RNA-dependent_RNA_polymerase_NS5,734,L:L:7,neutral,1.0,0.714,L,"L:808,?:4",0.000,0.03388285266073787,0.07072668836109741,0.6696428571428571,-,0.6666666666666666
RNA-dependent_RNA_polymerase_NS5,735,I:I:2,negative,1.0,2.663,I,"I:808,?:4",0.000,0.002643684591826734,0.01477836107232336,0.6696428571428571,-,0.6666666666666666
RNA-dependent_RNA_polymerase_NS5,736,G:G:5,negative,1.0,1.449,G,"G:808,?:4",0.000,0.007547581939809422,0.026974948515158453,0.6696428571428571,-,0.6666666666666666
RNA-dependent_RNA_polymerase_NS5,737,R:R:1,neutral,1.0,0.325,R,"R:806,?:6",0.000,0.2040207848950927,0.27695129171279553,0.6696428571428571,-,0.6666666666666666
RNA-dependent_RNA_polymerase_NS5,738,A:A:5,negative,1.0,1.349,A,"A:807,?:5",0.000,0.002556767698225437,0.014624572945491864,0.6696428571428571,-,0.6666666666666666
RNA-dependent_RNA_polymerase_NS5,739,R:R:3,neutral,1.0,1.034,R,"R:807,?:5",0.000,0.02522800712549533,0.0577991721353007,0.6696428571428571,-,0.6666666666666666
RNA-dependent_RNA_polymerase_NS5,740,I:I:7,negative,1.0,1.122,I,"I:806,?:6",0.000,0.00347531066132889,0.017447245451511623,0.6696428571428571,-,0.6666666666666666
RNA-dependent_RNA_polymerase_NS5,75,G:G:2,neutral,1.0,0.588,G,"G:793,?:19",0.000,0.09021505396709106,0.14708976190286588,0.6696428571428571,-,0.6666666666666666
RNA-dependent_RNA_polymerase_NS5,741,S:S:7,negative,1.0,0.890,S,"S:808,?:4",0.000,0.003508834918581782,0.017447245451511623,0.6696428571428571,-,0.6666666666666666
RNA-dependent_RNA_polymerase_NS5,742,Q:Q:4,neutral,1.0,1.481,Q,"Q:807,?:5",0.000,0.02941547814111878,0.06443216928529755,0.6696428571428571,-,0.6666666666666666
RNA-dependent_RNA_polymerase_NS5,743,G:G:3,neutral,1.0,0.883,G,"G:808,?:4",0.000,0.0375791225330544,0.07605984931982301,0.6696428571428571,-,0.6666666666666666
RNA-dependent_RNA_polymerase_NS5,744,A:A:7,negative,1.0,1.939,A,"A:808,?:4",0.000,0.000330670781299891,0.0043130971473898825,0.6696428571428571,-,0.6666666666666666
RNA-dependent_RNA_polymerase_NS5,745,G:G:5,negative,1.0,1.487,G,"G:808,?:4",0.000,0.007200276907119108,0.026043322887435088,0.6696428571428571,-,0.6666666666666666
RNA-dependent_RNA_polymerase_NS5,746,NA,neutral,1.0,0.153,W,"W:808,?:4",0.000,1.0,1.0,0.6696428571428571,-,0.6666666666666666
RNA-dependent_RNA_polymerase_NS5,747,S:S:4,neutral,1.0,0.734,S,"S:807,?:5",0.000,0.03263970873497013,0.06863490154549794,0.6696428571428571,-,0.6666666666666666
RNA-dependent_RNA_polymerase_NS5,748,L:L:12,negative,1.0,1.572,L,"L:808,?:4",0.000,8.830082691513308e-05,0.0021478579519897236,0.6696428571428571,-,0.6666666666666666
RNA-dependent_RNA_polymerase_NS5,749,"K:R:5,R:R:1",neutral,1.0,0.358,R,"R:515,K:293,?:4",0.871,0.4169061595342847,0.5125895404110058,0.6696428571428571,-,0.3528574745846428
RNA-dependent_RNA_polymerase_NS5,750,"E:E:2,A:E:1",neutral,1.0,0.766,E,"E:807,A:1,?:4",0.000,0.06708401411712761,0.11775298973840656,0.6696428571428571,-,0.6666666666666666
RNA-dependent_RNA_polymerase_NS5,76,R:R:1,neutral,1.0,0.346,R,"R:794,?:18",0.000,0.1960070683332983,0.27243495086044106,0.6696428571428571,-,0.6666666666666666
RNA-dependent_RNA_polymerase_NS5,751,T:T:4,neutral,1.0,0.567,T,"T:808,?:4",0.000,0.03105982632060655,0.06613169837947318,0.6696428571428571,-,0.6666666666666666
RNA-dependent_RNA_polymerase_NS5,752,A:A:2,neutral,1.0,0.600,A,"A:808,?:4",0.000,0.04780198395425406,0.0905721801238498,0.6696428571428571,-,0.6666666666666666
RNA-dependent_RNA_polymerase_NS5,753,"C:C:5,C:W:1",negative,1.0,0.798,C,"C:808,W:1,?:3",0.000,0.01534165258127662,0.04171446321193039,0.6696428571428571,-,0.6666666666666666
RNA-dependent_RNA_polymerase_NS5,754,L:L:14,negative,1.0,1.598,L,"L:808,?:4",0.000,0.001708215121779877,0.011717148450481937,0.6696428571428571,-,0.6666666666666666
RNA-dependent_RNA_polymerase_NS5,755,G:G:1,neutral,1.0,0.230,G,"G:810,?:2",0.000,0.2633975366264354,0.3423193817595108,0.6696428571428571,-,0.6666666666666666
RNA-dependent_RNA_polymerase_NS5,756,K:K:2,neutral,1.0,0.760,K,"K:809,?:3",0.000,0.06885526413484,0.11775298973840656,0.6696428571428571,-,0.6666666666666666
RNA-dependent_RNA_polymerase_NS5,757,"A:A:2,A:S:1",neutral,1.0,0.310,A,"A:809,S:1,?:2",0.000,0.1151451550255158,0.17805951808069453,0.6696428571428571,-,0.6666666666666666
RNA-dependent_RNA_polymerase_NS5,758,Y:Y:9,negative,1.0,1.709,Y,"Y:810,?:2",0.000,0.001107765630609658,0.008981883491429659,0.6696428571428571,-,0.6666666666666666
RNA-dependent_RNA_polymerase_NS5,759,A:A:16,negative,1.0,2.497,A,"A:810,?:2",0.000,1.038209654025124e-05,0.0007762072003455378,0.6696428571428571,-,0.6666666666666666
RNA-dependent_RNA_polymerase_NS5,760,NA,neutral,1.0,0.000,Q,"Q:810,?:2",0.000,1.0,1.0,0.6696428571428571,-,0.6666666666666666
RNA-dependent_RNA_polymerase_NS5,77,V:V:2,neutral,1.0,0.313,V,"V:793,?:19",0.000,0.1250063278497178,0.19068761875380683,0.6696428571428571,-,0.6666666666666666
RNA-dependent_RNA_polymerase_NS5,761,I:M:1,neutral,1.0,0.034,M,"M:809,?:2,I:1",0.000,1.0,1.0,0.6696428571428571,-,0.6666666666666666
RNA-dependent_RNA_polymerase_NS5,762,NA,neutral,1.0,0.153,W,"W:810,?:2",0.000,1.0,1.0,0.6696428571428571,-,0.6666666666666666
RNA-dependent_RNA_polymerase_NS5,763,"A:S:2,A:A:2,A:T:1,I:S:1,S:S:4,N:S:1",neutral,1.0,0.869,S,"S:706,A:92,T:8,I:2,?:2,N:2",1.167,0.6351735341527034,0.7591715547641873,0.6696428571428571,-,0.500392783897396
RNA-dependent_RNA_polymerase_NS5,764,L:L:3,neutral,1.0,0.480,L,"L:810,?:2",0.000,0.03394881041332676,0.07072668836109741,0.6696428571428571,-,0.6666666666666666
RNA-dependent_RNA_polymerase_NS5,765,I:M:1,neutral,1.0,0.033,M,"M:809,I:1,?:2",0.000,1.0,1.0,0.6696428571428571,-,0.6666666666666666
RNA-dependent_RNA_polymerase_NS5,766,Y:Y:9,negative,1.0,1.397,Y,"Y:810,?:2",0.000,0.002443431857621081,0.01416771177307507,0.6696428571428571,-,0.6666666666666666
RNA-dependent_RNA_polymerase_NS5,767,F:F:9,negative,1.0,1.410,F,"F:809,?:3",0.000,0.0003241972257395087,0.004290845634787615,0.6696428571428571,-,0.6666666666666666
RNA-dependent_RNA_polymerase_NS5,768,H:H:6,negative,1.0,1.145,H,"H:809,?:3",0.000,0.00350091866289215,0.017447245451511623,0.6696428571428571,-,0.6666666666666666
RNA-dependent_RNA_polymerase_NS5,769,"R:R:4,K:R:2",negative,1.0,1.397,R,"R:808,K:2,?:2",0.000,0.009588080322449066,0.03083762092183758,0.6696428571428571,-,0.6666666666666666
RNA-dependent_RNA_polymerase_NS5,770,R:R:1,neutral,1.0,0.693,R,"R:810,?:2",0.000,0.066994966453641,0.11775298973840656,0.6696428571428571,-,0.6666666666666666
RNA-dependent_RNA_polymerase_NS5,78,I:M:1,neutral,1.0,0.000,I,"I:793,?:18,M:1",0.000,1.0,1.0,0.6696428571428571,-,0.6666666666666666
RNA-dependent_RNA_polymerase_NS5,771,D:D:6,negative,1.0,0.925,D,"D:810,?:2",0.000,0.01844637113090852,0.04650345663254248,0.6696428571428571,-,0.6666666666666666
RNA-dependent_RNA_polymerase_NS5,772,L:L:8,negative,1.0,1.181,L,"L:810,?:2",0.000,0.0008101200964769628,0.007364728149790571,0.6696428571428571,-,0.6666666666666666
RNA-dependent_RNA_polymerase_NS5,773,R:R:1,neutral,1.0,0.342,R,"R:810,?:2",0.000,0.1973619062504263,0.27243495086044106,0.6696428571428571,-,0.6666666666666666
RNA-dependent_RNA_polymerase_NS5,774,"L:L:17,I:L:1,L:V:1",negative,1.0,1.751,L,"L:806,I:2,?:3,V:1",0.262,0.01582992818044537,0.042768038685572246,0.6696428571428571,-,0.6666666666666666
RNA-dependent_RNA_polymerase_NS5,775,A:A:2,neutral,1.0,0.525,A,"A:810,?:2",0.000,0.05778246744017479,0.10505903170940871,0.6696428571428571,-,0.6666666666666666
RNA-dependent_RNA_polymerase_NS5,776,"S:S:5,A:S:1",negative,1.0,0.970,S,"S:809,?:2,A:1",0.000,0.00319731391555822,0.016537830597714933,0.6696428571428571,-,0.6666666666666666
RNA-dependent_RNA_polymerase_NS5,777,"N:N:6,K:N:1",negative,1.0,1.082,N,"N:808,?:3,K:1",0.000,0.01310657529665582,0.0361837968312584,0.6696428571428571,-,0.6666666666666666
RNA-dependent_RNA_polymerase_NS5,778,A:A:6,negative,1.0,0.951,A,"A:810,?:2",0.000,0.006171181785559199,0.024023584658365956,0.6696428571428571,-,0.6666666666666666
RNA-dependent_RNA_polymerase_NS5,779,I:I:4,negative,1.0,1.724,I,"I:809,?:3",0.000,0.00132742639093153,0.010156672246660368,0.6696428571428571,-,0.6666666666666666
RNA-dependent_RNA_polymerase_NS5,780,C:C:13,negative,1.0,2.046,C,"C:810,?:2",0.000,0.0001100895515392386,0.0024708067923236796,0.6696428571428571,-,0.6666666666666666
RNA-dependent_RNA_polymerase_NS5,79,D:D:6,negative,1.0,1.156,D,"D:794,?:18",0.000,0.0121280884979913,0.03507105584434874,0.6696428571428571,-,0.6666666666666666
RNA-dependent_RNA_polymerase_NS5,781,S:S:4,negative,1.0,1.178,S,"S:802,?:10",0.000,0.003933814279301728,0.01873244894905585,0.6696428571428571,-,0.6666666666666666
RNA-dependent_RNA_polymerase_NS5,782,A:A:1,neutral,1.0,0.290,A,"A:802,?:10",0.000,0.1660651360466846,0.23752562514636544,0.6696428571428571,-,0.6666666666666666
RNA-dependent_RNA_polymerase_NS5,783,"V:V:4,I:V:1",neutral,1.0,1.217,V,"V:804,?:6,I:2",0.195,0.06296653068436853,0.11266377259628564,0.6696428571428571,-,0.6666666666666666
RNA-dependent_RNA_polymerase_NS5,784,P:P:3,negative,1.0,0.881,P,"P:806,?:6",0.000,0.008613114028517943,0.02925208537987226,0.6696428571428571,-,0.6666666666666666
RNA-dependent_RNA_polymerase_NS5,785,"A:V:4,V:V:4,I:V:1",neutral,1.0,0.630,V,"V:795,A:10,I:1,?:6",0.393,0.5837474842053172,0.7033102219341172,0.6696428571428571,-,0.59785095122349
RNA-dependent_RNA_polymerase_NS5,786,"H:H:7,H:Q:1",negative,1.0,1.183,H,"H:804,Q:1,?:7",0.000,0.002345639116868581,0.01406158239332821,0.6696428571428571,-,0.6666666666666666
RNA-dependent_RNA_polymerase_NS5,787,NA,neutral,1.0,0.153,W,"W:806,?:6",0.000,1.0,1.0,0.6696428571428571,-,0.6666666666666666
RNA-dependent_RNA_polymerase_NS5,788,"V:V:7,I:V:2",neutral,1.0,1.127,V,"V:761,I:44,?:7",0.195,0.04835866884530171,0.09143445790078054,0.6696428571428571,-,0.4191292027662088
RNA-dependent_RNA_polymerase_NS5,789,P:P:16,negative,1.0,2.520,P,"P:803,?:9",0.000,9.286263698005115e-07,0.00027858791094015345,0.6696428571428571,-,0.6666666666666666
RNA-dependent_RNA_polymerase_NS5,790,"T:T:4,I:T:2,T:V:1,A:T:1",neutral,1.0,1.121,T,"T:794,I:2,?:7,V:1,A:8",0.179,0.06271725373362991,0.11244129155431658,0.6696428571428571,-,0.6666666666666666
RNA-dependent_RNA_polymerase_NS5,80,L:L:16,negative,1.0,1.762,L,"L:790,?:22",0.000,0.001057177326952208,0.00864963267506352,0.6696428571428571,-,0.6666666666666666
RNA-dependent_RNA_polymerase_NS5,791,"S:S:6,N:S:1",negative,1.0,1.029,S,"S:804,N:1,?:7",0.000,0.01045566186347024,0.031898629413977,0.6696428571428571,-,0.6666666666666666
RNA-dependent_RNA_polymerase_NS5,792,R:R:3,neutral,1.0,1.037,R,"R:805,?:7",0.000,0.02515900711233354,0.0577991721353007,0.6696428571428571,-,0.6666666666666666
RNA-dependent_RNA_polymerase_NS5,793,T:T:4,negative,1.0,0.937,T,"T:805,?:7",0.000,0.009795626022713111,0.0309335558611993,0.6696428571428571,-,0.6666666666666666
RNA-dependent_RNA_polymerase_NS5,794,T:T:6,negative,1.0,1.745,T,"T:805,?:7",0.000,0.0007044068585293495,0.006773788668742278,0.6696428571428571,-,0.6666666666666666
RNA-dependent_RNA_polymerase_NS5,795,NA,neutral,1.0,0.153,W,"W:805,?:7",0.000,1.0,1.0,0.6696428571428571,-,0.6666666666666666
RNA-dependent_RNA_polymerase_NS5,796,S:S:11,negative,1.0,1.457,S,"S:805,?:7",0.000,0.0002148250418184672,0.003280771827647977,0.6696428571428571,-,0.6666666666666666
RNA-dependent_RNA_polymerase_NS5,797,I:I:7,negative,1.0,0.981,I,"I:807,?:5",0.000,0.005242041469515346,0.022164499690228736,0.6696428571428571,-,0.6666666666666666
RNA-dependent_RNA_polymerase_NS5,798,H:H:12,negative,1.0,2.048,H,"H:806,?:6",0.000,6.760228875990482e-05,0.0018436987843610405,0.6696428571428571,-,0.6666666666666666
RNA-dependent_RNA_polymerase_NS5,799,A:A:8,negative,1.0,1.022,A,"A:807,?:5",0.000,0.003558259779726902,0.017595790119528637,0.6696428571428571,-,0.6666666666666666
RNA-dependent_RNA_polymerase_NS5,800,"H:H:5,D:H:1,H:K:1",negative,1.0,0.949,H,"H:804,D:1,?:6,K:1",0.000,0.007695793679768137,0.027079962831149565,0.6696428571428571,-,0.6666666666666666
RNA-dependent_RNA_polymerase_NS5,9,L:L:13,negative,1.0,1.692,L,"L:810,?:2",0.000,0.001491206362481456,0.010911266066937483,0.6696428571428571,-,0.6666666666666666
RNA-dependent_RNA_polymerase_NS5,81,G:G:8,negative,1.0,1.321,G,"G:791,?:21",0.000,0.005762843220374014,0.023316837054356502,0.6696428571428571,-,0.6666666666666666
RNA-dependent_RNA_polymerase_NS5,801,H:H:8,negative,1.0,1.251,H,"H:806,?:6",0.000,0.001483592647104071,0.010911266066937483,0.6696428571428571,-,0.6666666666666666
RNA-dependent_RNA_polymerase_NS5,802,"Q:Q:2,E:Q:1",neutral,1.0,0.792,Q,"Q:805,?:6,E:1",0.000,0.1048290360138396,0.1658104260324352,0.6696428571428571,-,0.6666666666666666
RNA-dependent_RNA_polymerase_NS5,803,NA,neutral,1.0,0.153,W,"W:806,?:6",0.000,1.0,1.0,0.6696428571428571,-,0.6666666666666666
RNA-dependent_RNA_polymerase_NS5,804,NA,neutral,1.0,0.153,M,"M:806,?:6",0.000,0.9999999370871746,1.0,0.6696428571428571,-,0.6666666666666666
RNA-dependent_RNA_polymerase_NS5,805,T:T:15,negative,1.0,2.245,T,"T:806,?:6",0.000,2.420070101050165e-05,0.0009900286777023402,0.6696428571428571,-,0.6666666666666666
RNA-dependent_RNA_polymerase_NS5,806,"T:T:1,I:T:1,A:T:1",neutral,1.0,0.288,T,"T:804,?:6,I:1,A:1",0.000,0.1655400665172511,0.23752562514636544,0.6696428571428571,-,0.6666666666666666
RNA-dependent_RNA_polymerase_NS5,807,"E:E:1,D:E:2",neutral,1.0,0.354,E,"E:803,D:2,?:7",0.000,0.2075593700220555,0.2810681074780063,0.6696428571428571,-,0.6666666666666666
RNA-dependent_RNA_polymerase_NS5,808,D:D:7,negative,1.0,1.320,D,"D:807,?:5",0.000,0.00712171059267952,0.026043322887435088,0.6696428571428571,-,0.6666666666666666
RNA-dependent_RNA_polymerase_NS5,809,NA,neutral,1.0,0.153,M,"M:808,?:4",0.000,0.9999999370871746,1.0,0.6696428571428571,-,0.6666666666666666
RNA-dependent_RNA_polymerase_NS5,810,L:L:10,negative,1.0,1.283,L,"L:805,?:7",0.000,0.0004262132936302399,0.005047262687726525,0.6696428571428571,-,0.6666666666666666
RNA-dependent_RNA_polymerase_NS5,82,C:C:3,neutral,1.0,0.457,C,"C:795,?:17",0.000,0.0646841408087171,0.11505084333566282,0.6696428571428571,-,0.6666666666666666
RNA-dependent_RNA_polymerase_NS5,811,"A:T:3,T:T:6,I:T:1",negative,1.0,0.768,T,"T:803,A:3,?:5,I:1",0.000,0.01122448938199472,0.03378608844078678,0.6696428571428571,-,0.6666666666666666
RNA-dependent_RNA_polymerase_NS5,812,V:V:9,negative,1.0,1.194,V,"V:807,?:5",0.000,0.002583674553703563,0.014624572945491864,0.6696428571428571,-,0.6666666666666666
RNA-dependent_RNA_polymerase_NS5,813,NA,neutral,1.0,0.153,W,"W:807,?:5",0.000,1.0,1.0,0.6696428571428571,-,0.6666666666666666
RNA-dependent_RNA_polymerase_NS5,814,N:N:2,neutral,1.0,0.363,N,"N:807,?:5",0.000,0.1521649021491559,0.22574568885676763,0.6696428571428571,-,0.6666666666666666
RNA-dependent_RNA_polymerase_NS5,815,R:R:4,negative,1.0,0.991,R,"R:807,?:5",0.000,0.02002679495230031,0.04911203121817514,0.6696428571428571,-,0.6666666666666666
RNA-dependent_RNA_polymerase_NS5,816,V:V:4,negative,1.0,0.963,V,"V:806,?:6",0.000,0.01132125219718527,0.03385092019091941,0.6696428571428571,-,0.6666666666666666
RNA-dependent_RNA_polymerase_NS5,817,NA,neutral,1.0,0.153,W,"W:807,?:5",0.000,1.0,1.0,0.6696428571428571,-,0.6666666666666666
RNA-dependent_RNA_polymerase_NS5,818,"I:I:12,I:V:1",negative,1.0,3.631,I,"I:805,?:6,V:1",0.000,8.786494153367741e-07,0.00027858791094015345,0.6696428571428571,-,0.6666666666666666
RNA-dependent_RNA_polymerase_NS5,819,"E:E:1,E:Q:1",neutral,1.0,0.527,E,"E:806,?:5,Q:1",0.000,0.1133441443067011,0.1769353229575364,0.6696428571428571,-,0.6666666666666666
RNA-dependent_RNA_polymerase_NS5,820,"D:D:9,D:E:1",neutral,1.0,1.703,D,"D:804,?:5,E:3",0.272,0.03108189823835239,0.06613169837947318,0.6696428571428571,-,0.6666666666666666
RNA-dependent_RNA_polymerase_NS5,83,NA,neutral,1.0,0.000,G,"G:793,?:19",0.000,0.9999999468289579,1.0,0.6696428571428571,-,0.6666666666666666
RNA-dependent_RNA_polymerase_NS5,821,N:N:4,neutral,1.0,0.603,N,"N:807,?:5",0.000,0.05447933311759168,0.10022014004486633,0.6696428571428571,-,0.6666666666666666
RNA-dependent_RNA_polymerase_NS5,822,"P:S:3,P:P:1",neutral,1.0,0.291,P,"P:778,S:29,?:5",0.411,0.7590769774382314,0.8895433329354274,0.6696428571428571,-,0.3949646764355506
RNA-dependent_RNA_polymerase_NS5,823,NA,neutral,1.0,0.153,W,"W:806,?:6",0.000,1.0,1.0,0.6696428571428571,-,0.6666666666666666
RNA-dependent_RNA_polymerase_NS5,824,NA,neutral,1.0,0.153,M,"M:806,?:6",0.000,0.9999999370871746,1.0,0.6696428571428571,-,0.6666666666666666
RNA-dependent_RNA_polymerase_NS5,825,E:E:2,neutral,1.0,0.757,E,"E:806,?:6",0.000,0.06795632523033934,0.11775298973840656,0.6696428571428571,-,0.6666666666666666
RNA-dependent_RNA_polymerase_NS5,826,D:D:4,neutral,1.0,0.737,D,"D:805,?:7",0.000,0.04272394978218519,0.08286973018096265,0.6696428571428571,-,0.6666666666666666
RNA-dependent_RNA_polymerase_NS5,827,K:K:3,neutral,1.0,1.151,K,"K:806,?:6",0.000,0.02558631949450307,0.0581038519371106,0.6696428571428571,-,0.6666666666666666
RNA-dependent_RNA_polymerase_NS5,828,"T:T:6,S:T:1",negative,1.0,0.767,T,"T:805,S:1,?:6",0.000,0.01129700644374076,0.03385092019091941,0.6696428571428571,-,0.6666666666666666
RNA-dependent_RNA_polymerase_NS5,829,"P:P:2,L:P:2",neutral,1.0,0.581,P,"P:802,?:7,L:3",0.136,0.2169849771542466,0.29147235737137606,0.6696428571428571,-,0.242289563227014
RNA-dependent_RNA_polymerase_NS5,830,"I:V:11,V:V:10,I:I:7",neutral,1.0,2.883,I,"I:405,V:399,?:8",1.002,0.02889889895498809,0.06390419916336433,0.6696428571428571,-,0.3647513637040055
RNA-dependent_RNA_polymerase_NS5,84,R:R:1,neutral,1.0,0.343,R,"R:793,?:19",0.000,0.1977265617302207,0.27243495086044106,0.6696428571428571,-,0.6666666666666666
RNA-dependent_RNA_polymerase_NS5,831,"I:T:3,T:T:1,A:T:1,E:T:1",neutral,1.0,0.291,T,"T:799,I:3,?:6,A:3,E:1",0.179,0.7325985614784352,0.866410913706428,0.6696428571428571,-,0.6226206789866777
RNA-dependent_RNA_polymerase_NS5,832,"T:T:17,A:T:1,S:T:2",negative,1.0,2.757,T,"T:803,A:2,?:5,S:2",0.179,9.436270608498276e-05,0.002234906196749592,0.6696428571428571,-,0.6666666666666666
RNA-dependent_RNA_polymerase_NS5,833,NA,neutral,1.0,0.153,W,"W:807,?:5",0.000,1.0,1.0,0.6696428571428571,-,0.6666666666666666
RNA-dependent_RNA_polymerase_NS5,834,E:E:4,negative,1.0,1.557,E,"E:807,?:5",0.000,0.009431684903058124,0.03083762092183758,0.6696428571428571,-,0.6666666666666666
RNA-dependent_RNA_polymerase_NS5,835,"D:N:3,D:E:1,N:N:2",neutral,1.0,0.298,N,"N:517,D:289,E:1,?:5",0.258,0.9048057113496818,1.0,0.6696428571428571,-,0.6554321052892295
RNA-dependent_RNA_polymerase_NS5,836,"V:V:3,I:V:4",neutral,1.0,0.645,V,"V:777,I:30,?:5",0.393,0.542727546162505,0.6556440154983282,0.6696428571428571,-,0.6666666666666666
RNA-dependent_RNA_polymerase_NS5,837,NA,neutral,1.0,0.000,P,"P:807,?:5",0.000,0.9999999417540417,1.0,0.6696428571428571,-,0.6666666666666666
RNA-dependent_RNA_polymerase_NS5,838,Y:Y:10,negative,1.0,1.781,Y,"Y:805,?:7",0.000,0.0007826984112634383,0.0071880466340519845,0.6696428571428571,-,0.6666666666666666
RNA-dependent_RNA_polymerase_NS5,839,"L:L:5,L:S:1",neutral,1.0,0.645,L,"L:805,S:1,?:6",0.000,0.04350930396917796,0.08331568845161737,0.6696428571428571,-,0.6666666666666666
RNA-dependent_RNA_polymerase_NS5,840,"G:G:11,G:R:1",negative,1.0,2.650,G,"G:804,R:1,?:7",0.000,0.000184130712494901,0.0031383411505512744,0.6696428571428571,-,0.6666666666666666
RNA-dependent_RNA_polymerase_NS5,85,G:G:2,neutral,1.0,0.599,G,"G:793,?:19",0.000,0.08864444115568515,0.14585008599655694,0.6696428571428571,-,0.6666666666666666
RNA-dependent_RNA_polymerase_NS5,841,"K:N:1,K:K:6",negative,1.0,1.625,K,"K:804,N:1,?:7",0.000,0.005960629497870573,0.023528800649489107,0.6696428571428571,-,0.6666666666666666
RNA-dependent_RNA_polymerase_NS5,842,"R:R:5,P:R:1",negative,1.0,1.898,R,"R:805,P:1,?:6",0.000,0.002352711883005898,0.01406158239332821,0.6696428571428571,-,0.6666666666666666
RNA-dependent_RNA_polymerase_NS5,843,E:E:6,negative,1.0,2.268,E,"E:806,?:6",0.000,0.001706088938889461,0.011717148450481937,0.6696428571428571,-,0.6666666666666666
RNA-dependent_RNA_polymerase_NS5,844,D:D:2,neutral,1.0,0.348,D,"D:806,?:6",0.000,0.1583769238511054,0.2309426453462656,0.6696428571428571,-,0.6666666666666666
RNA-dependent_RNA_polymerase_NS5,845,Q:Q:4,neutral,1.0,1.548,Q,"Q:805,?:7",0.000,0.02664968156972347,0.059294600325086044,0.6696428571428571,-,0.6666666666666666
RNA-dependent_RNA_polymerase_NS5,846,NA,neutral,1.0,0.153,W,"W:804,?:8",0.000,1.0,1.0,0.6696428571428571,-,0.6666666666666666
RNA-dependent_RNA_polymerase_NS5,847,C:C:15,negative,1.0,2.918,C,"C:799,?:13",0.000,8.735896995459846e-06,0.000714755208719442,0.6696428571428571,-,0.6666666666666666
RNA-dependent_RNA_polymerase_NS5,848,G:G:1,neutral,1.0,0.298,G,"G:802,?:10",0.000,0.227323289756743,0.3044508344956379,0.6696428571428571,-,0.6666666666666666
RNA-dependent_RNA_polymerase_NS5,849,S:S:1,neutral,1.0,0.291,S,"S:801,?:11",0.000,0.1494103257984244,0.22300048626630506,0.6696428571428571,-,0.6666666666666666
RNA-dependent_RNA_polymerase_NS5,850,L:L:10,negative,1.0,1.483,L,"L:803,?:9",0.000,0.0001814772208036386,0.0031383411505512744,0.6696428571428571,-,0.6666666666666666
RNA-dependent_RNA_polymerase_NS5,86,G:G:1,neutral,1.0,0.157,G,"G:793,?:19",0.000,0.3357102357577112,0.421393601369512,0.6696428571428571,-,0.6666666666666666
RNA-dependent_RNA_polymerase_NS5,851,"I:V:1,I:I:8",negative,1.0,1.126,I,"I:799,V:1,?:12",0.000,0.002833846324507339,0.015520437251456656,0.6696428571428571,-,0.6666666666666666
RNA-dependent_RNA_polymerase_NS5,852,"D:G:1,G:G:4",neutral,1.0,0.517,G,"G:801,D:1,?:10",0.000,0.07491203275914615,0.12578413039508826,0.6696428571428571,-,0.6666666666666666
RNA-dependent_RNA_polymerase_NS5,853,L:L:5,negative,1.0,0.821,L,"L:802,?:10",0.000,0.005834539249543469,0.023338156998173872,0.6696428571428571,-,0.6666666666666666
RNA-dependent_RNA_polymerase_NS5,854,"T:T:4,I:T:1",neutral,1.0,0.528,T,"T:804,I:1,?:7",0.000,0.03579854601833854,0.07355865620206549,0.6696428571428571,-,0.6666666666666666
RNA-dependent_RNA_polymerase_NS5,855,S:S:4,neutral,1.0,0.470,S,"S:805,?:7",0.000,0.03872804689046105,0.07681796517165443,0.6696428571428571,-,0.6666666666666666
RNA-dependent_RNA_polymerase_NS5,856,R:R:1,neutral,1.0,0.344,R,"R:804,?:8",0.000,0.1961351907822408,0.27243495086044106,0.6696428571428571,-,0.6666666666666666
RNA-dependent_RNA_polymerase_NS5,857,"A:S:1,A:A:2",neutral,1.0,0.593,A,"A:802,S:1,?:9",0.000,0.04905985101383936,0.09242984588609947,0.6696428571428571,-,0.6666666666666666
RNA-dependent_RNA_polymerase_NS5,858,T:T:7,negative,1.0,1.140,T,"T:800,?:12",0.000,0.002770133388974361,0.015295215031146779,0.6696428571428571,-,0.6666666666666666
RNA-dependent_RNA_polymerase_NS5,859,NA,neutral,1.0,0.153,W,"W:799,?:13",0.000,1.0,1.0,0.6696428571428571,-,0.6666666666666666
RNA-dependent_RNA_polymerase_NS5,860,"A:A:8,A:S:1",negative,1.0,1.315,A,"A:802,S:2,?:8",0.181,0.01996320365053905,0.04911203121817514,0.6696428571428571,-,0.6666666666666666
RNA-dependent_RNA_polymerase_NS5,87,NA,neutral,1.0,0.153,W,"W:792,?:20",0.000,1.0,1.0,0.6696428571428571,-,0.6666666666666666
RNA-dependent_RNA_polymerase_NS5,861,"Q:Q:3,K:Q:1",neutral,1.0,0.807,Q,"Q:804,?:7,K:1",0.000,0.1032951226745955,0.1642501950656112,0.6696428571428571,-,0.6666666666666666
RNA-dependent_RNA_polymerase_NS5,862,N:N:2,neutral,1.0,0.362,N,"N:806,?:6",0.000,0.1531482374653167,0.22574568885676763,0.6696428571428571,-,0.6666666666666666
RNA-dependent_RNA_polymerase_NS5,863,"I:V:1,I:I:1",neutral,1.0,1.327,I,"I:806,V:1,?:5",0.000,0.03409087960641355,0.07085864121425449,0.6696428571428571,-,0.6666666666666666
RNA-dependent_RNA_polymerase_NS5,864,"P:S:6,P:P:1,L:P:2,L:L:4,P:Q:1,S:S:1",neutral,1.0,1.057,S,"P:136,S:384,L:285,?:6,Q:1",0.599,0.3777928774911549,0.4680473611495911,0.6696428571428571,-,0.5335482335128214
RNA-dependent_RNA_polymerase_NS5,865,"T:T:6,A:T:1",negative,1.0,1.661,T,"T:805,?:6,A:1",0.000,0.000903917393055953,0.007898307317964638,0.6696428571428571,-,0.6666666666666666
RNA-dependent_RNA_polymerase_NS5,866,A:A:1,neutral,1.0,0.291,A,"A:807,?:5",0.000,0.1662679376024558,0.23752562514636544,0.6696428571428571,-,0.6666666666666666
RNA-dependent_RNA_polymerase_NS5,867,I:I:8,negative,1.0,1.251,I,"I:807,?:5",0.000,0.002018605063973333,0.013070104730762587,0.6696428571428571,-,0.6666666666666666
RNA-dependent_RNA_polymerase_NS5,868,"N:Q:1,K:Q:1",neutral,1.0,0.000,Q,"Q:805,?:5,N:1,K:1",0.000,1.0,1.0,0.6696428571428571,-,0.6666666666666666
RNA-dependent_RNA_polymerase_NS5,869,Q:Q:4,neutral,1.0,1.067,Q,"Q:807,?:5",0.000,0.06099970801508914,0.10958031379956132,0.6696428571428571,-,0.6666666666666666
RNA-dependent_RNA_polymerase_NS5,870,V:V:3,neutral,1.0,0.749,V,"V:806,?:6",0.000,0.02659239011639014,0.059294600325086044,0.6696428571428571,-,0.6666666666666666
RNA-dependent_RNA_polymerase_NS5,88,NA,neutral,1.0,0.000,S,"S:792,?:20",0.000,0.9999999417540417,1.0,0.6696428571428571,-,0.6666666666666666
RNA-dependent_RNA_polymerase_NS5,871,R:R:3,neutral,1.0,1.033,R,"R:806,?:6",0.000,0.02567431487944727,0.0581038519371106,0.6696428571428571,-,0.6666666666666666
RNA-dependent_RNA_polymerase_NS5,872,"R:S:1,S:S:5,S:T:1,N:S:1,C:S:1",neutral,1.0,0.936,S,"S:800,R:1,?:7,T:2,N:1,C:1",0.242,0.1643310163228618,0.2370275894081047,0.6696428571428571,-,0.635749856150283
RNA-dependent_RNA_polymerase_NS5,873,"L:L:11,F:L:1",negative,1.0,1.436,L,"L:805,F:1,?:6",0.000,0.0001861777875663551,0.0031383411505512744,0.6696428571428571,-,0.6666666666666666
RNA-dependent_RNA_polymerase_NS5,874,"I:I:1,I:V:1,I:M:1,I:L:2",neutral,1.0,1.229,I,"I:801,V:3,?:5,M:1,L:2",0.158,0.1788856030781837,0.2531400043559203,0.6696428571428571,-,0.6666666666666666
RNA-dependent_RNA_polymerase_NS5,875,G:G:3,neutral,1.0,0.476,G,"G:807,?:5",0.000,0.09472781214956372,0.15306109683053384,0.6696428571428571,-,0.6666666666666666
RNA-dependent_RNA_polymerase_NS5,876,"I:N:1,D:N:3,D:G:1,K:N:2",positive,1.0,0.000,N,"N:614,I:1,D:178,?:5,G:1,K:13",1.335,0.001429606709100306,0.010704727036444492,0.6647117087391962,-,0.001477137130531547
RNA-dependent_RNA_polymerase_NS5,877,E:E:3,neutral,1.0,1.159,E,"E:807,?:5",0.000,0.02510179113486988,0.0577991721353007,0.6696428571428571,-,0.6666666666666666
RNA-dependent_RNA_polymerase_NS5,878,"E:N:1,E:E:5",negative,1.0,1.459,E,"E:806,N:1,?:5",0.000,0.009551740645905471,0.03083762092183758,0.6696428571428571,-,0.6666666666666666
RNA-dependent_RNA_polymerase_NS5,879,"F:Y:7,F:F:3",neutral,1.0,0.453,F,"F:799,Y:8,?:5",0.152,0.3149635435463701,0.3986880298055317,0.6696428571428571,-,0.6666666666666666
RNA-dependent_RNA_polymerase_NS5,880,"L:L:6,L:Q:1,L:T:1",neutral,1.0,0.622,L,"L:805,?:5,Q:1,T:1",0.000,0.04681012383412275,0.08887998196352422,0.6696428571428571,-,0.6666666666666666
RNA-dependent_RNA_polymerase_NS5,89,Y:Y:6,negative,1.0,0.939,Y,"Y:790,?:22",0.000,0.01306937597400326,0.0361837968312584,0.6696428571428571,-,0.6666666666666666
RNA-dependent_RNA_polymerase_NS5,881,D:D:8,negative,1.0,1.486,D,"D:807,?:5",0.000,0.004270754538557409,0.019610607575008508,0.6696428571428571,-,0.6666666666666666
RNA-dependent_RNA_polymerase_NS5,882,"Y:Y:7,E:Y:1",negative,1.0,1.332,Y,"Y:806,E:1,?:5",0.000,0.004008731940472576,0.0187909309709652,0.6696428571428571,-,0.6666666666666666
RNA-dependent_RNA_polymerase_NS5,883,M:V:1,neutral,1.0,0.000,M,"M:805,V:1,?:6",0.000,1.0,1.0,0.6696428571428571,-,0.6666666666666666
RNA-dependent_RNA_polymerase_NS5,884,"P:T:1,P:P:6",negative,1.0,0.913,P,"P:805,T:1,?:6",0.000,0.002241650746807267,0.013818395014565344,0.6696428571428571,-,0.6666666666666666
RNA-dependent_RNA_polymerase_NS5,885,"S:S:8,L:S:1,S:T:1",negative,1.0,2.295,S,"S:805,L:1,?:5,T:1",0.000,4.261669406779856e-05,0.0013225870572765072,0.6696428571428571,-,0.6666666666666666
RNA-dependent_RNA_polymerase_NS5,886,I:M:1,neutral,1.0,0.034,M,"M:806,I:1,?:5",0.000,1.0,1.0,0.6696428571428571,-,0.6666666666666666
RNA-dependent_RNA_polymerase_NS5,887,K:K:2,neutral,1.0,0.528,K,"K:807,?:5",0.000,0.1153737754565641,0.17810702900670272,0.6696428571428571,-,0.6666666666666666
RNA-dependent_RNA_polymerase_NS5,888,NA,neutral,1.0,0.000,R,"R:807,?:5",0.000,0.9999999663716803,1.0,0.6696428571428571,-,0.6666666666666666
RNA-dependent_RNA_polymerase_NS5,889,F:F:6,negative,1.0,1.087,F,"F:807,?:5",0.000,0.002196271538401184,0.013726697115007399,0.6696428571428571,-,0.6666666666666666
RNA-dependent_RNA_polymerase_NS5,890,"R:R:11,K:R:3",negative,1.0,3.197,R,"R:803,K:4,?:5",0.260,0.0009277686784484596,0.00802876740965013,0.6696428571428571,-,0.6666666666666666
RNA-dependent_RNA_polymerase_NS5,90,Y:Y:8,negative,1.0,1.423,Y,"Y:792,?:20",0.000,0.002992072677275748,0.01584038476204808,0.6696428571428571,-,0.6666666666666666
RNA-dependent_RNA_polymerase_NS5,891,"K:K:6,K:R:1",negative,1.0,1.669,K,"K:806,?:5,R:1",0.000,0.005619858310486503,0.023095308125286998,0.6696428571428571,-,0.6666666666666666
RNA-dependent_RNA_polymerase_NS5,892,"D:E:2,D:N:1,E:G:1,E:E:9",negative,1.0,2.439,E,"E:777,N:1,D:28,?:5,G:1",0.306,0.01211955800456888,0.03507105584434874,0.6696428571428571,-,0.6666666666666666
RNA-dependent_RNA_polymerase_NS5,893,"E:G:1,E:E:2,D:E:1",neutral,1.0,0.799,E,"E:804,G:1,?:5,D:2",0.305,0.3748913368198767,0.465382349155709,0.6696428571428571,-,0.6197202116213479
RNA-dependent_RNA_polymerase_NS5,894,"E:V:1,E:E:6,D:E:1",negative,1.0,1.653,E,"E:805,V:1,?:5,D:1",0.000,0.005605787642396831,0.023095308125286998,0.6696428571428571,-,0.6666666666666666
RNA-dependent_RNA_polymerase_NS5,895,"S:S:6,L:S:5,P:S:3",neutral,1.0,1.547,S,"S:790,L:8,P:8,?:6",0.326,0.03911454093895705,0.07736942163749745,0.6696428571428571,-,0.575467368613952
RNA-dependent_RNA_polymerase_NS5,896,E:E:4,neutral,1.0,1.071,E,"E:808,?:4",0.000,0.02488429013278204,0.0577991721353007,0.6696428571428571,-,0.6666666666666666
RNA-dependent_RNA_polymerase_NS5,897,G:G:2,neutral,1.0,0.583,G,"G:808,?:4",0.000,0.09096741536370556,0.14778099968833033,0.6696428571428571,-,0.6666666666666666
RNA-dependent_RNA_polymerase_NS5,898,"A:A:2,A:V:2",neutral,1.0,0.310,A,"A:806,?:4,V:2",0.000,0.116234131781019,0.17912794281321423,0.6696428571428571,-,0.6666666666666666
RNA-dependent_RNA_polymerase_NS5,899,"I:I:6,I:L:1",negative,1.0,0.856,I,"I:806,?:5,L:1",0.000,0.009563543199033853,0.03083762092183758,0.6696428571428571,-,0.6666666666666666
RNA-dependent_RNA_polymerase_NS5,900,NA,neutral,1.0,0.153,W,"W:808,?:4",0.000,1.0,1.0,0.6696428571428571,-,0.6666666666666666
RNA-dependent_RNA_polymerase_NS5,10,G:R:1,neutral,1.0,0.000,G,"G:811,R:1",0.000,1.0,1.0,0.6696428571428571,-,0.6666666666666666
RNA-dependent_RNA_polymerase_NS5,91,C:C:3,neutral,1.0,0.477,C,"C:791,?:21",0.000,0.06092682112656111,0.10958031379956132,0.6696428571428571,-,0.6666666666666666
RNA-dependent_RNA_polymerase_NS5,92,A:A:2,neutral,1.0,0.583,A,"A:793,?:19",0.000,0.05055854207680133,0.09460018268008565,0.6696428571428571,-,0.6666666666666666
RNA-dependent_RNA_polymerase_NS5,93,NA,neutral,1.0,0.000,G,"G:793,?:19",0.000,0.9999999468289579,1.0,0.6696428571428571,-,0.6666666666666666
RNA-dependent_RNA_polymerase_NS5,94,L:L:8,neutral,1.0,0.738,L,"L:793,?:19",0.000,0.03045561507923145,0.06573154333647076,0.6696428571428571,-,0.6666666666666666
RNA-dependent_RNA_polymerase_NS5,95,"K:K:4,K:R:1",negative,1.0,1.587,K,"K:792,R:1,?:19",0.000,0.009403939338841982,0.03083762092183758,0.6696428571428571,-,0.6666666666666666
RNA-dependent_RNA_polymerase_NS5,96,"K:K:1,K:R:1",neutral,1.0,0.381,K,"K:792,?:19,R:1",0.000,0.1984441091122984,0.27243495086044106,0.6696428571428571,-,0.6666666666666666
RNA-dependent_RNA_polymerase_NS5,97,V:V:12,negative,1.0,1.808,V,"V:793,?:19",0.000,0.0002522486709043426,0.003439754603241036,0.6696428571428571,-,0.6666666666666666
RNA-dependent_RNA_polymerase_NS5,98,"S:T:1,T:T:1",neutral,1.0,0.291,T,"T:790,S:2,?:20",0.180,0.7349721002799574,0.8680772837952253,0.6696428571428571,-,0.1937576264161183
RNA-dependent_RNA_polymerase_NS5,99,E:E:1,neutral,1.0,0.382,E,"E:793,?:19",0.000,0.1962913308571178,0.27243495086044106,0.6696428571428571,-,0.6666666666666666
RNA-dependent_RNA_polymerase_NS5,100,V:V:2,neutral,1.0,0.466,V,"V:792,?:20",0.000,0.07638822516935884,0.12765681814094326,0.6696428571428571,-,0.6666666666666666
envelope_protein_E,1,"I:M:2,M:R:1",neutral,1.0,0.000,M,"M:3111,I:2,?:16,R:1",0.000,1.0,1.0,1.0,-,1.0
envelope_protein_E,2,R:R:12,negative,1.0,1.153,R,"R:3113,?:17",0.000,2.683170244366373e-05,7.189146361264249e-05,0.6680216802168021,-,0.6666666666666666
envelope_protein_E,11,"F:F:20,F:S:2,F:H:1",negative,1.0,0.974,F,"F:3126,S:2,?:1,H:1",0.000,1.52945540121685e-07,1.0189479902701446e-06,0.6680216802168021,-,0.6666666666666666
envelope_protein_E,101,"R:W:1,L:W:1",neutral,1.0,0.012,W,"W:3051,?:77,R:1,L:1",0.000,1.0,1.0,0.6680216802168021,-,0.6666666666666666
envelope_protein_E,102,"G:G:7,E:G:1",negative,1.0,0.538,G,"G:3049,?:80,E:1",0.000,0.003920619404413017,0.005399065269205635,0.6680216802168021,-,0.6666666666666666
envelope_protein_E,103,"N:N:30,N:T:1",negative,1.0,1.649,N,"N:3072,?:57,T:1",0.000,9.517473531506226e-08,7.003155897063537e-07,0.6680216802168021,-,0.6666666666666666
envelope_protein_E,104,"G:G:22,D:G:1,G:R:1",negative,1.0,0.926,G,"G:3075,?:53,D:1,R:1",0.000,4.662192886695227e-05,0.00011103676778457714,0.6680216802168021,-,0.6666666666666666
envelope_protein_E,105,"C:W:1,C:C:2",neutral,1.0,0.095,C,"C:3075,?:54,W:1",0.000,0.1466791782127127,0.163603698775718,0.6680216802168021,-,0.6666666666666666
envelope_protein_E,106,G:G:32,negative,1.0,1.250,G,"G:3073,?:57",0.000,1.801767032572066e-06,7.617627392156869e-06,0.6680216802168021,-,0.6666666666666666
envelope_protein_E,107,L:L:21,negative,1.0,0.805,L,"L:3071,?:59",0.000,5.108524472630105e-05,0.00011823955704256534,0.6680216802168021,-,0.6666666666666666
envelope_protein_E,108,F:F:8,negative,1.0,0.383,F,"F:3072,?:58",0.000,0.000939212412436774,0.0015343098598450552,0.6680216802168021,-,0.6666666666666666
envelope_protein_E,109,"C:G:2,G:G:16",negative,1.0,0.790,G,"G:3119,C:2,?:9",0.000,0.0002164305446525905,0.0004011287914049892,0.6680216802168021,-,0.6666666666666666
envelope_protein_E,110,"K:K:18,K:R:1,K:Y:1,F:Y:1",negative,1.0,1.650,K,"K:3119,?:8,R:1,Y:1,F:1",0.201,0.0002753062040904419,0.0004989924949139259,0.3903527214431586,-,0.003293623042376459
envelope_protein_E,12,"V:V:10,L:V:1",negative,1.0,0.708,V,"V:3127,L:1,?:2",0.000,0.0001067869130610966,0.00021400791926471798,0.6680216802168021,-,0.6666666666666666
envelope_protein_E,111,"G:V:1,G:G:2,F:G:1",neutral,0.005195398246294669,0.222,G,"G:3123,V:1,?:4,F:2",0.218,0.9845191433273209,1.0,8.163047199150066e-05,overall,1.655790506926991e-07
envelope_protein_E,112,"S:S:10,I:S:1,F:S:1",negative,1.0,0.522,S,"S:3123,?:5,I:1,F:1",0.000,0.00148290164374687,0.0022704053116994003,0.6680216802168021,-,0.6666666666666666
envelope_protein_E,113,"L:L:25,L:M:1",negative,1.0,0.956,L,"L:3126,M:1,?:3",0.000,1.011562792552212e-05,3.1364808599260405e-05,0.6680216802168021,-,0.6666666666666666
envelope_protein_E,114,"V:V:16,I:V:1,A:V:1",negative,1.0,1.262,V,"V:3124,?:4,I:1,A:1",0.000,3.729752073855508e-07,2.150512790658847e-06,0.6680216802168021,-,0.6666666666666666
envelope_protein_E,115,T:T:13,negative,1.0,1.057,T,"T:3128,?:2",0.000,1.528271850959051e-06,6.765565971748483e-06,0.6680216802168021,-,0.6666666666666666
envelope_protein_E,116,"C:C:23,C:W:1",negative,1.0,1.168,C,"C:3126,W:1,?:3",0.000,5.550103873153134e-07,3.0068145158950495e-06,0.6680216802168021,-,0.6666666666666666
envelope_protein_E,117,"A:A:26,A:E:1,A:T:1,A:V:2",negative,1.0,1.891,A,"A:3120,E:1,?:6,T:1,V:2",0.000,7.40599803705777e-11,1.73864620584261e-09,0.6680216802168021,-,0.6666666666666666
envelope_protein_E,118,K:K:6,negative,1.0,0.632,K,"K:3128,?:2",0.000,0.00323721551070888,0.00458605530683758,0.6680216802168021,-,0.6666666666666666
envelope_protein_E,119,"F:F:12,F:I:1",negative,1.0,0.577,F,"F:3127,?:2,I:1",0.000,5.01434696138503e-05,0.00011660721943220848,0.6680216802168021,-,0.6666666666666666
envelope_protein_E,120,"Q:Q:9,H:Q:4",negative,1.0,0.968,Q,"Q:3123,?:2,H:5",0.146,0.02343832850619387,0.028601722657310834,0.6680216802168021,-,0.6666666666666666
envelope_protein_E,13,E:E:2,neutral,1.0,0.210,E,"E:3129,?:1",0.000,0.09096130980014616,0.10332701781445174,0.6680216802168021,-,0.6666666666666666
envelope_protein_E,121,C:C:16,negative,1.0,0.798,C,"C:3126,?:4",0.000,3.174957678986345e-05,8.189298803893144e-05,0.6680216802168021,-,0.6666666666666666
envelope_protein_E,122,"L:L:33,L:S:1",negative,1.0,1.036,L,"L:3126,?:3,S:1",0.000,4.419230732355395e-06,1.5902779204753354e-05,0.6680216802168021,-,0.6666666666666666
envelope_protein_E,123,"E:Q:2,E:E:2,E:G:2,D:E:1,E:K:1",neutral,1.0,0.210,E,"E:3123,Q:2,?:1,G:2,D:1,K:1",0.000,0.09093865163667736,0.10332701781445174,0.6680216802168021,-,0.6666666666666666
envelope_protein_E,124,"L:L:2,L:P:11,P:T:2,P:P:4,P:S:18,L:S:20,F:L:3,L:V:1,F:S:2,S:S:5,A:S:2,P:Q:1",positive,1.0,0.725,P,"L:598,P:1876,T:2,?:11,S:604,F:34,V:1,A:3,Q:1",1.663,0.01418363192417638,0.017747539438119176,0.6680216802168021,-,0.008530282063791805
envelope_protein_E,125,"I:V:4,I:I:3,I:M:3,I:T:3,I:R:1,G:R:1",negative,1.0,1.027,I,"I:3109,V:9,?:4,M:3,T:3,R:1,G:1",0.152,0.02835967327513667,0.03393524010835529,0.6680216802168021,-,0.6666666666666666
envelope_protein_E,126,"E:E:5,E:G:1",negative,1.0,0.433,E,"E:3125,?:4,G:1",0.000,0.01324964625147307,0.016791968128473583,0.6680216802168021,-,0.6666666666666666
envelope_protein_E,127,G:G:5,negative,1.0,0.404,G,"G:3127,?:3",0.000,0.01377966232870997,0.017374356849243006,0.6680216802168021,-,0.6666666666666666
envelope_protein_E,128,"K:K:6,K:R:2",neutral,1.0,0.634,K,"K:3121,?:4,R:5",0.198,0.1265163563669104,0.14207873277650757,0.6680216802168021,-,0.6378348385833381
envelope_protein_E,129,"V:V:21,?:V:1,I:V:1,A:V:4,G:V:1,M:V:5",negative,1.0,1.603,V,"V:3065,?:6,I:2,A:44,G:1,M:12",0.327,0.0002493392948800244,0.0004586726581188508,0.6680216802168021,-,0.6666666666666666
envelope_protein_E,130,"V:V:8,E:V:1,L:V:1,A:V:1,I:V:1",negative,1.0,0.526,V,"V:3119,E:1,?:4,L:1,A:1,I:4",0.063,0.011086217648963,0.014270248827516343,0.6680216802168021,-,0.6666666666666666
envelope_protein_E,14,"G:G:26,G:V:1,G:S:1,G:R:1",negative,1.0,1.064,G,"G:3125,?:2,V:1,S:1,R:1",0.000,1.13201396075846e-05,3.466353308409446e-05,0.6680216802168021,-,0.6666666666666666
envelope_protein_E,131,"Q:Q:14,P:Q:1,H:Q:2",negative,1.0,1.387,Q,"Q:3122,?:5,P:1,H:2",0.000,0.0001705558837780119,0.0003209314912311445,0.6680216802168021,-,0.6666666666666666
envelope_protein_E,132,"H:Y:33,C:Y:1,H:H:4,H:Q:1,H:L:1,H:T:1,Y:Y:2",positive,1.0,0.286,Y,"Y:1887,H:1227,?:12,C:1,Q:1,L:1,T:1",0.939,0.01214335951658685,0.015509523942169217,0.6680216802168021,-,0.01009415301385896
envelope_protein_E,133,"E:E:9,E:V:1,D:E:1",negative,1.0,0.782,E,"E:3126,?:2,V:1,D:1",0.000,0.0008763786854271149,0.0014498479594482136,0.6680216802168021,-,0.6666666666666666
envelope_protein_E,134,"N:N:8,N:S:1",negative,1.0,0.416,N,"N:3127,?:2,S:1",0.000,0.007064304392179199,0.009262505492937088,0.6680216802168021,-,0.6666666666666666
envelope_protein_E,135,"L:L:22,I:L:2",negative,1.0,0.972,L,"L:3122,?:6,I:2",0.000,1.004098338919235e-07,7.279712957164454e-07,0.6680216802168021,-,0.6666666666666666
envelope_protein_E,136,"E:K:1,I:K:1,K:K:12,K:R:2",negative,1.0,1.353,K,"K:3125,E:1,?:1,I:1,R:2",0.000,1.787330202118742e-05,5.183257586144352e-05,0.6680216802168021,-,0.6666666666666666
envelope_protein_E,137,"Y:Y:22,F:Y:1,H:Y:3",negative,1.0,1.115,Y,"Y:3124,?:1,F:1,H:4",0.083,0.0001429376872549293,0.0002720783004505025,0.6680216802168021,-,0.6666666666666666
envelope_protein_E,138,"T:T:30,I:T:2,P:T:1",negative,1.0,1.287,T,"T:3123,?:4,I:2,P:1",0.000,6.480397329866605e-09,7.429850892149386e-08,0.6680216802168021,-,0.6666666666666666
envelope_protein_E,139,"V:V:33,I:V:9,S:V:1",negative,1.0,1.499,V,"V:3103,?:3,I:23,S:1",0.253,3.2916155892182e-05,8.364016070814802e-05,0.6680216802168021,-,0.6666666666666666
envelope_protein_E,140,"I:T:16,I:I:21,F:I:2,I:V:4,I:S:1,S:S:1,P:T:1,A:T:1",negative,1.0,1.047,I,"I:2855,T:179,?:6,F:2,V:5,S:77,P:1,A:5",0.365,0.01351567565951428,0.017085200256770613,0.6680216802168021,-,0.5993762213734148
envelope_protein_E,15,"L:Q:1,L:L:30",negative,1.0,0.869,L,"L:3124,Q:1,?:5",0.000,2.563300162305993e-05,6.943444945147552e-05,0.6680216802168021,-,0.6666666666666666
envelope_protein_E,141,"I:I:50,F:I:1,I:T:2,I:V:1",negative,1.0,2.327,I,"I:3118,F:2,?:7,T:2,V:1",0.060,3.575473250805317e-12,1.9629800007692208e-10,0.6680216802168021,-,0.6666666666666666
envelope_protein_E,142,"T:T:7,P:T:1",negative,1.0,0.567,T,"T:3128,?:1,P:1",0.000,0.0004207358847698739,0.0007355418127359852,0.6680216802168021,-,0.6666666666666666
envelope_protein_E,143,"M:V:1,V:V:10",negative,1.0,0.715,V,"V:3128,?:1,M:1",0.000,0.0001013750049144724,0.0002073770847420535,0.6680216802168021,-,0.6666666666666666
envelope_protein_E,144,H:H:31,negative,1.0,1.591,H,"H:3129,?:1",0.000,1.917186964739415e-09,2.487297825306662e-08,0.6680216802168021,-,0.6666666666666666
envelope_protein_E,145,"P:T:2,T:T:6,A:T:2,R:T:1",negative,1.0,0.486,T,"T:3124,P:2,?:1,A:2,R:1",0.000,0.001091727534243803,0.0017306163163414627,0.6680216802168021,-,0.6666666666666666
envelope_protein_E,146,"G:G:4,E:G:1",negative,1.0,0.323,G,"G:3128,?:1,E:1",0.000,0.02763428655522693,0.03322854456518751,0.6680216802168021,-,0.6666666666666666
envelope_protein_E,147,"D:D:20,A:D:2,D:N:1,D:T:1,D:G:2",negative,1.0,1.104,D,"D:3123,?:1,A:2,N:1,T:1,G:2",0.000,1.359016364155252e-05,4.085335777613044e-05,0.6680216802168021,-,0.6666666666666666
envelope_protein_E,148,"H:Q:1,P:Q:2,Q:Q:7,Q:R:1,E:Q:1,L:Q:1",negative,1.0,0.741,Q,"Q:3123,H:1,P:2,?:1,R:1,E:1,L:1",0.000,0.006246669833222751,0.008391303072966802,0.6680216802168021,-,0.6666666666666666
envelope_protein_E,149,"H:P:2,H:H:13",negative,1.0,0.730,H,"H:3127,P:2,?:1",0.000,4.739552657173629e-05,0.00011206167608697668,0.6680216802168021,-,0.6666666666666666
envelope_protein_E,150,"P:Q:1,Q:Q:12,L:Q:1",negative,1.0,1.050,Q,"Q:3127,P:1,?:1,L:1",0.000,0.0009721316234535538,0.001571347181516728,0.6680216802168021,-,0.6666666666666666
envelope_protein_E,16,"P:S:2,S:S:14",negative,1.0,1.089,S,"S:3121,P:2,?:7",0.000,6.087386937858597e-07,3.1926401706003066e-06,0.6680216802168021,-,0.6666666666666666
envelope_protein_E,151,"V:V:16,A:V:1,M:V:1,G:V:1,L:V:1",negative,1.0,1.140,V,"V:3125,?:1,A:1,M:1,G:1,L:1",0.000,9.343570642750265e-07,4.61578451556921e-06,0.6680216802168021,-,0.6666666666666666
envelope_protein_E,152,"G:G:6,G:V:1,E:G:1,G:R:1",negative,1.0,0.485,G,"G:3126,?:1,V:1,E:1,R:1",0.000,0.006990632440942779,0.00921053088310707,0.6680216802168021,-,0.6666666666666666
envelope_protein_E,153,"I:N:2,N:S:2,N:N:7",negative,1.0,0.334,N,"N:3125,I:2,?:1,S:2",0.000,0.01263900633706416,0.016100853034037806,0.6680216802168021,-,0.6666666666666666
envelope_protein_E,154,"E:E:7,E:G:2,D:E:2,E:K:2,D:D:4,A:E:1",negative,1.0,0.957,E,"E:2319,G:3,D:801,?:4,K:2,A:1",0.200,0.01755974666709026,0.02169662934054009,0.6680216802168021,-,0.6666666666666666
envelope_protein_E,155,"M:T:6,T:T:14,A:T:1,P:T:1",negative,1.0,1.004,T,"T:3121,M:6,?:1,A:1,P:1",0.000,1.726135905988357e-06,7.399869579584869e-06,0.6680216802168021,-,0.6666666666666666
envelope_protein_E,156,"H:Q:5,Q:Q:15,L:Q:1,K:Q:1",negative,1.0,1.387,Q,"Q:3116,H:6,?:4,L:3,K:1",0.334,0.0249178410373867,0.030332087978843562,0.6680216802168021,-,0.0343082402323418
envelope_protein_E,157,"G:G:7,A:G:1",negative,1.0,0.562,G,"G:3128,?:1,A:1",0.000,0.003591861308151145,0.00498813415470004,0.6680216802168021,-,0.6666666666666666
envelope_protein_E,158,"I:V:14,I:I:4,V:V:17,A:V:4,L:V:1",neutral,1.0,0.902,V,"V:2670,I:450,?:3,A:6,L:1",0.380,0.048584545058031,0.05689354088743298,0.6680216802168021,-,0.2254838940564968
envelope_protein_E,159,"K:T:1,T:T:22,I:T:1,M:T:9,S:T:1",negative,1.0,1.589,T,"T:3114,K:1,I:1,?:3,M:10,S:1",0.056,7.386430045386305e-08,5.899886245162453e-07,0.6680216802168021,-,0.6666666666666666
envelope_protein_E,160,"A:V:16,A:D:2,A:A:7,V:V:5",neutral,1.0,0.464,A,"A:2460,V:657,?:8,D:5",0.293,0.375539004853827,0.4033567089170735,0.6680216802168021,-,0.6647090271297532
envelope_protein_E,17,G:G:2,neutral,1.0,0.161,G,"G:3129,?:1",0.000,0.1195135619192352,0.13452097266251817,0.6680216802168021,-,0.6666666666666666
envelope_protein_E,161,"E:E:11,D:E:2,E:G:1",negative,1.0,0.977,E,"E:3123,?:2,D:2,G:3",0.102,0.003766677504207561,0.005216213510040246,0.6680216802168021,-,0.6666666666666666
envelope_protein_E,162,"I:M:1,I:I:1,I:K:1",negative,1.0,0.347,I,"I:3127,?:1,M:1,K:1",0.000,0.04224355348765152,0.04959274695755864,0.6680216802168021,-,0.6666666666666666
envelope_protein_E,163,"T:T:23,A:T:1,P:T:1",negative,1.0,1.820,T,"T:3123,?:5,A:1,P:1",0.000,2.437318125103616e-10,4.71274223491956e-09,0.6680216802168021,-,0.6666666666666666
envelope_protein_E,164,"P:P:38,P:S:1",negative,1.0,1.646,P,"P:3122,?:6,S:2",0.045,6.391831508523182e-11,1.6585120703694362e-09,0.6680216802168021,-,0.6666666666666666
envelope_protein_E,165,"Q:Q:17,H:Q:2",negative,1.0,1.490,Q,"Q:3126,H:2,?:2",0.000,8.6755231170077e-05,0.00018200139985892748,0.6680216802168021,-,0.6666666666666666
envelope_protein_E,166,"A:A:10,A:V:1,A:S:1",negative,1.0,0.808,A,"A:3125,?:3,V:1,S:1",0.000,2.72929279007128e-05,7.273196462189952e-05,0.6680216802168021,-,0.6666666666666666
envelope_protein_E,167,"S:S:11,A:S:1,P:S:2",negative,1.0,0.870,S,"S:3125,?:2,A:1,P:2",0.000,7.177213668496663e-06,2.407051930999221e-05,0.6680216802168021,-,0.6666666666666666
envelope_protein_E,168,"T:T:30,I:T:10,A:T:3,N:T:1",negative,1.0,1.310,T,"T:3104,I:15,?:7,A:3,N:1",0.169,1.305501629822459e-05,3.948541739278971e-05,0.6680216802168021,-,0.6666666666666666
envelope_protein_E,169,"T:T:3,T:V:1,A:T:2,I:T:1,A:V:9,V:V:14,F:V:1,I:V:3,V:Y:1,H:T:1",neutral,1.0,0.755,V,"T:1464,V:1631,A:20,?:7,I:5,F:1,Y:1,H:1",0.508,0.3389351176611306,0.3648362729409113,0.6680216802168021,-,0.6666666666666666
envelope_protein_E,170,"E:K:2,E:E:6",negative,1.0,0.626,E,"E:3124,K:2,?:4",0.000,0.003519825876096783,0.004937176585754508,0.6680216802168021,-,0.6666666666666666
envelope_protein_E,18,"A:A:58,A:D:1,A:S:1,A:T:2,A:V:1",negative,1.0,2.346,A,"A:3123,D:1,S:1,T:2,V:1,?:2",0.000,4.996003610813204e-15,8.210099267103032e-13,0.6680216802168021,-,0.6666666666666666
envelope_protein_E,171,"A:A:36,A:V:9,A:T:2,A:P:1",negative,1.0,1.582,A,"A:3107,?:5,V:15,T:2,P:1",0.229,3.917296007682758e-06,1.4484972672710549e-05,0.6680216802168021,-,0.6666666666666666
envelope_protein_E,172,"I:I:15,I:V:11,I:T:10,V:V:3,A:V:1,I:L:1,F:I:1",neutral,1.0,0.896,I,"I:2550,V:524,?:9,T:41,A:4,L:1,F:1",0.672,0.4464447306323577,0.4764009787916717,0.6680216802168021,-,0.6666666666666666
envelope_protein_E,173,"L:L:33,F:L:2,L:W:1",negative,1.0,1.292,L,"L:3122,?:5,F:2,W:1",0.000,3.793593639223047e-07,2.150512790658847e-06,0.6680216802168021,-,0.6666666666666666
envelope_protein_E,174,"P:P:17,L:P:3,P:R:2",negative,1.0,0.694,P,"P:3123,?:2,L:3,R:2",0.000,3.332116346843605e-06,1.26032935143743e-05,0.6680216802168021,-,0.6666666666666666
envelope_protein_E,175,"E:E:14,D:E:2,E:S:1",negative,1.0,1.519,E,"E:3119,?:8,D:2,S:1",0.000,5.746997906230789e-06,1.9539792881184682e-05,0.6680216802168021,-,0.6666666666666666
envelope_protein_E,176,Y:Y:11,negative,1.0,0.525,Y,"Y:3128,?:2",0.000,0.001539235438007824,0.002320621012042377,0.6680216802168021,-,0.6666666666666666
envelope_protein_E,177,"G:G:4,E:G:1",negative,1.0,0.323,G,"G:3127,?:2,E:1",0.000,0.02771461557960675,0.03324405226458912,0.6680216802168021,-,0.6666666666666666
envelope_protein_E,178,"N:T:2,T:T:15,S:T:1,I:T:4,A:T:1",negative,1.0,0.658,T,"T:3119,N:2,?:3,S:1,I:4,A:1",0.000,3.334897696594119e-05,8.364016070814802e-05,0.6680216802168021,-,0.6666666666666666
envelope_protein_E,179,"L:P:1,L:L:10,F:L:1",negative,1.0,0.421,L,"L:3126,P:1,?:2,F:1",0.000,0.0003610038947502447,0.000642508736865959,0.6680216802168021,-,0.6666666666666666
envelope_protein_E,180,"G:G:16,G:V:1",negative,1.0,1.127,G,"G:3128,?:1,V:1",0.000,1.878338475969077e-05,5.38384225960904e-05,0.6680216802168021,-,0.6666666666666666
envelope_protein_E,19,T:T:20,negative,1.0,1.460,T,"T:3128,?:2",0.000,9.028388370246887e-09,9.891101036737145e-08,0.6680216802168021,-,0.6666666666666666
envelope_protein_E,181,L:L:28,negative,1.0,0.825,L,"L:3129,?:1",0.000,4.210154154160595e-05,0.00010171915571072087,0.6680216802168021,-,0.6666666666666666
envelope_protein_E,182,"E:E:8,E:K:2,E:Q:1",negative,1.0,0.841,E,"E:3124,?:3,K:2,Q:1",0.000,0.0007304859849236456,0.0012207782731096857,0.6680216802168021,-,0.6666666666666666
envelope_protein_E,183,C:C:16,negative,1.0,0.836,C,"C:3127,?:3",0.000,2.530835497505102e-05,6.893380664475223e-05,0.6680216802168021,-,0.6666666666666666
envelope_protein_E,184,"S:S:7,L:S:1",negative,1.0,0.715,S,"S:3128,?:1,L:1",0.000,5.697749493926985e-05,0.00012768138638663654,0.6680216802168021,-,0.6666666666666666
envelope_protein_E,185,"H:P:1,P:T:1,P:P:2",negative,1.0,0.224,P,"P:3123,?:5,H:1,T:1",0.000,0.01969203280115872,0.024209905663269946,0.6680216802168021,-,0.6666666666666666
envelope_protein_E,186,"R:R:16,G:R:1",negative,1.0,0.992,R,"R:3122,?:7,G:1",0.000,4.701498125148085e-06,1.6795931707956562e-05,0.6680216802168021,-,0.6666666666666666
envelope_protein_E,187,"T:T:7,A:T:2",negative,1.0,0.558,T,"T:3122,?:6,A:2",0.000,0.0004480833853633959,0.0007805834239722763,0.6680216802168021,-,0.6666666666666666
envelope_protein_E,188,G:G:23,negative,1.0,0.906,G,"G:3118,?:12",0.000,4.773418251169392e-05,0.00011206167608697668,0.6680216802168021,-,0.6666666666666666
envelope_protein_E,189,"L:L:37,L:M:1",negative,1.0,1.391,L,"L:3119,?:10,M:1",0.000,1.086315147835748e-07,7.761643012797446e-07,0.6680216802168021,-,0.6666666666666666
envelope_protein_E,190,"D:D:27,D:N:2",negative,1.0,1.325,D,"D:3124,?:4,N:2",0.000,1.029674309149797e-06,4.976759160890686e-06,0.6680216802168021,-,0.6666666666666666
envelope_protein_E,20,"R:W:1,N:W:1",neutral,1.0,0.054,W,"W:3127,R:1,N:1,?:1",0.000,1.0,1.0,0.6680216802168021,-,0.6666666666666666
envelope_protein_E,191,"F:F:19,F:S:1,F:L:1",negative,1.0,1.017,F,"F:3124,?:4,S:1,L:1",0.000,1.703138350350741e-07,1.1047989562143622e-06,0.6680216802168021,-,0.6666666666666666
envelope_protein_E,192,"M:N:1,N:N:10,D:N:1,N:T:1",negative,1.0,0.479,N,"N:3122,?:4,M:1,D:1,T:2",0.084,0.03921579940619224,0.046363043422668525,0.6680216802168021,-,0.6666666666666666
envelope_protein_E,193,"E:K:1,E:E:5",negative,1.0,0.528,E,"E:3125,?:4,K:1",0.000,0.007462481918552144,0.009732813719169859,0.6680216802168021,-,0.6666666666666666
envelope_protein_E,194,"I:M:1,M:V:1",neutral,1.0,0.094,M,"M:3124,?:4,I:1,V:1",0.000,1.0,1.0,0.6680216802168021,-,0.6666666666666666
envelope_protein_E,195,"I:I:25,I:V:8",negative,1.0,1.148,I,"I:3101,?:8,V:21",0.120,3.068449142107355e-05,8.046518229036841e-05,0.6680216802168021,-,0.6666666666666666
envelope_protein_E,196,"L:L:26,F:L:1,L:S:1",negative,1.0,1.023,L,"L:3122,?:6,F:1,S:1",0.000,6.787154762322167e-06,2.2918269163183756e-05,0.6680216802168021,-,0.6666666666666666
envelope_protein_E,197,"L:L:23,L:S:1",negative,1.0,0.848,L,"L:3122,?:7,S:1",0.000,3.152374763881749e-05,8.179582939966855e-05,0.6680216802168021,-,0.6666666666666666
envelope_protein_E,198,"A:T:3,I:T:4,T:T:4,K:T:1",neutral,1.0,0.324,T,"T:3115,A:3,I:7,?:4,K:1",0.056,0.07553938569660101,0.08701148866454277,0.6680216802168021,-,0.6666666666666666
envelope_protein_E,199,NA,neutral,1.0,0.153,M,"M:3126,?:4",0.000,0.9999999370871746,1.0,0.6680216802168021,-,0.6666666666666666
envelope_protein_E,200,"K:R:1,K:K:12",negative,1.0,1.054,K,"K:3125,R:1,?:4",0.000,0.0001061433461881922,0.00021400791926471798,0.6680216802168021,-,0.6666666666666666
envelope_protein_E,3,"C:C:19,C:S:3,C:W:1,C:G:1,C:R:1",negative,1.0,0.937,C,"C:3101,S:4,W:1,?:21,G:2,R:1",0.138,0.001078265867371919,0.0017203400408231588,0.6680216802168021,-,0.6666666666666666
envelope_protein_E,21,"V:V:8,I:V:10,D:V:1",neutral,1.0,0.307,V,"V:3054,?:58,I:17,D:1",0.126,0.2274918329336215,0.24757941200060793,0.6680216802168021,-,0.642466861440532
envelope_protein_E,201,"N:T:2,N:N:15,K:N:3,D:N:2,N:S:1",negative,1.0,0.823,N,"N:3111,T:2,?:6,K:4,D:6,S:1",0.181,0.01590749978449235,0.01985417061710058,0.6680216802168021,-,0.6476223254605145
envelope_protein_E,202,K:K:11,negative,1.0,1.165,K,"K:3125,?:5",0.000,6.538183326409985e-05,0.00014199666871894814,0.6680216802168021,-,0.6666666666666666
envelope_protein_E,203,"A:T:1,A:S:2,A:A:11",negative,1.0,0.793,A,"A:3117,T:1,?:9,S:3",0.057,0.0004771143201183214,0.0008167269438136543,0.6680216802168021,-,0.6666666666666666
envelope_protein_E,204,C:W:1,neutral,1.0,0.000,W,"W:3125,C:1,?:4",0.000,1.0,1.0,0.6680216802168021,-,0.6666666666666666
envelope_protein_E,205,"L:M:2,I:M:3",neutral,1.0,0.027,M,"M:3121,L:2,I:3,?:4",0.000,1.0,1.0,0.6680216802168021,-,0.6666666666666666
envelope_protein_E,206,"A:V:1,V:V:17,L:V:1,G:V:1",negative,1.0,1.371,V,"V:3122,A:1,?:5,L:1,G:1",0.000,1.320767372137155e-07,9.043587700883574e-07,0.6680216802168021,-,0.6666666666666666
envelope_protein_E,207,H:H:34,negative,1.0,1.692,H,"H:3124,?:6",0.000,2.747801985947262e-10,5.017282885451852e-09,0.6680216802168021,-,0.6666666666666666
envelope_protein_E,208,"K:R:4,R:R:6",negative,1.0,0.563,R,"R:3117,?:7,K:6",0.088,0.03827683006546245,0.04547102945126021,0.6680216802168021,-,0.6666666666666666
envelope_protein_E,209,"P:Q:1,Q:Q:9,L:Q:1",negative,1.0,0.952,Q,"Q:3124,P:1,?:4,L:1",0.000,0.00193618272106455,0.0028664807251796488,0.6680216802168021,-,0.6666666666666666
envelope_protein_E,210,"W:Y:1,C:W:1,M:W:1",neutral,1.0,0.000,W,"W:3123,?:4,Y:1,C:1,M:1",0.000,1.0,1.0,0.6680216802168021,-,0.6666666666666666
envelope_protein_E,22,"D:E:3,D:Y:1,D:D:16",negative,1.0,0.845,D,"D:3066,E:4,?:59,Y:1",0.091,0.002743504585008827,0.003954818012892841,0.6680216802168021,-,0.6666666666666666
envelope_protein_E,211,"F:F:21,F:L:3",negative,1.0,1.047,F,"F:3113,?:14,L:3",0.000,6.446569644769085e-08,5.386709889612133e-07,0.6680216802168021,-,0.6666666666666666
envelope_protein_E,212,"F:F:11,F:L:6,F:Y:1,F:V:1",negative,1.0,0.527,F,"F:3113,?:4,L:11,Y:1,V:1",0.146,0.03028124647358732,0.036146863223919,0.6680216802168021,-,0.6195525438623313
envelope_protein_E,213,"D:G:1,D:D:16",negative,1.0,0.886,D,"D:3125,G:1,?:4",0.000,0.0001009053521487946,0.00020727641087231558,0.6680216802168021,-,0.6666666666666666
envelope_protein_E,214,"I:L:2,L:L:25",negative,1.0,0.739,L,"L:3123,I:2,?:5",0.000,0.0001065533731301471,0.00021400791926471798,0.6680216802168021,-,0.6666666666666666
envelope_protein_E,215,"P:P:23,H:P:1,P:R:1",negative,1.0,0.918,P,"P:3120,H:1,?:8,R:1",0.000,6.654428741370566e-08,5.467722282492815e-07,0.6680216802168021,-,0.6666666666666666
envelope_protein_E,216,"L:L:36,I:L:2,F:L:1,L:T:1",negative,1.0,1.152,L,"L:3120,I:2,?:6,F:1,T:1",0.000,1.391461764699287e-06,6.471609905629703e-06,0.6680216802168021,-,0.6666666666666666
envelope_protein_E,217,"P:S:1,P:P:5",negative,1.0,0.404,P,"P:3128,?:1,S:1",0.000,0.001334855713748584,0.0020629588303387207,0.6680216802168021,-,0.6666666666666666
envelope_protein_E,218,C:W:1,neutral,1.0,0.056,W,"W:3127,?:2,C:1",0.000,1.0,1.0,0.6680216802168021,-,0.6666666666666666
envelope_protein_E,219,"A:T:16,T:T:6",neutral,1.0,0.484,T,"T:3016,?:2,A:112",0.397,0.7242368594340325,0.7678468208623184,0.6680216802168021,-,0.6327322042838921
envelope_protein_E,220,"S:S:4,L:S:2,S:T:1,P:S:3",negative,1.0,0.323,S,"S:3122,?:2,L:2,T:1,P:3",0.000,0.006397080634638619,0.008500702837942962,0.6680216802168021,-,0.6666666666666666
envelope_protein_E,23,"L:V:1,V:V:7,G:V:1",negative,1.0,0.497,V,"V:3070,L:1,?:58,G:1",0.000,0.001167089710968239,0.0018270104194982445,0.6680216802168021,-,0.6666666666666666
envelope_protein_E,221,"G:G:1,G:W:1",neutral,1.0,0.077,G,"G:3126,?:3,W:1",0.000,0.2744866091696734,0.2974107655398879,0.6680216802168021,-,0.6666666666666666
envelope_protein_E,222,"A:A:67,A:T:7,A:V:9,A:G:1,A:S:1",negative,1.0,2.742,A,"A:3100,?:8,T:11,V:9,G:1,S:1",0.114,6.328271240363392e-14,5.199729535831921e-12,0.6680216802168021,-,0.6666666666666666
envelope_protein_E,223,"A:T:7,T:T:21,I:T:12,I:M:1,P:T:1,S:T:1",negative,1.0,1.724,T,"T:2998,A:22,?:3,I:103,M:1,P:1,S:2",0.568,0.002787830898724919,0.004006998930237275,0.6680216802168021,-,0.442000400526309
envelope_protein_E,224,"A:T:8,T:T:7,S:T:1,I:T:4",negative,1.0,0.555,T,"T:3108,?:3,A:14,S:1,I:4",0.113,0.02742611978516174,0.03313989474040377,0.6680216802168021,-,0.6666666666666666
envelope_protein_E,225,"E:K:4,E:E:7,E:G:3,E:Q:1,E:R:1",negative,1.0,0.810,E,"E:3115,?:6,K:4,G:3,Q:1,R:1",0.000,0.0008753070814059294,0.0014498479594482136,0.6680216802168021,-,0.6666666666666666
envelope_protein_E,226,"I:T:4,T:T:7,A:T:3,T:V:1,R:T:1",neutral,1.0,0.569,T,"T:3105,?:4,I:15,A:3,V:2,R:1",0.226,0.131226075169505,0.14703285240583175,0.6680216802168021,-,0.3182871510632072
envelope_protein_E,227,"L:P:5,P:S:4,P:P:5",negative,1.0,0.404,P,"P:3117,?:3,L:6,S:4",0.045,0.01627763498356971,0.020264833451767342,0.6680216802168021,-,0.6666666666666666
envelope_protein_E,228,"T:T:26,P:T:1,I:T:21,A:T:3",negative,1.0,1.134,T,"T:3069,P:1,I:54,?:3,A:3",0.342,0.003334542670525575,0.0047103998182495945,0.6680216802168021,-,0.3905479538659994
envelope_protein_E,229,R:W:1,neutral,1.0,0.016,W,"W:3103,?:26,R:1",0.000,1.0,1.0,0.6680216802168021,-,0.6666666666666666
envelope_protein_E,230,"N:N:42,N:S:2,D:N:1,N:T:1",negative,1.0,2.308,N,"N:3100,?:26,S:2,D:1,T:1",0.000,2.485421868314575e-10,4.71274223491956e-09,0.6680216802168021,-,0.6666666666666666
envelope_protein_E,24,"A:V:1,G:V:1,V:V:4,E:V:1",negative,1.0,0.283,V,"V:3072,?:55,A:1,G:1,E:1",0.000,0.01415520769345024,0.017747539438119176,0.6680216802168021,-,0.6666666666666666
envelope_protein_E,231,"R:S:1,K:R:11,R:R:7,K:K:1",neutral,1.0,0.748,R,"R:2246,?:28,S:1,K:855",0.356,0.2012899060604597,0.22052427486179252,0.6680216802168021,-,0.6666666666666666
envelope_protein_E,232,K:K:8,negative,1.0,0.779,K,"K:3065,?:65",0.000,0.0009711408820676226,0.001571347181516728,0.6680216802168021,-,0.6666666666666666
envelope_protein_E,233,"E:G:2,E:E:12,D:E:2",negative,1.0,1.051,E,"E:3098,?:28,G:2,D:2",0.000,0.000117406703636691,0.00022919425136446803,0.6680216802168021,-,0.6666666666666666
envelope_protein_E,234,"L:L:12,L:R:2,F:L:1,L:P:1",negative,1.0,0.475,L,"L:3062,?:63,R:3,F:1,P:1",0.049,0.002945225177436672,0.0041844265489229945,0.6680216802168021,-,0.6666666666666666
envelope_protein_E,235,"L:L:17,F:L:2",negative,1.0,0.692,L,"L:3101,?:27,F:2",0.000,4.783485881620919e-06,1.6965888774382108e-05,0.6680216802168021,-,0.6666666666666666
envelope_protein_E,236,"G:V:2,V:V:15,T:V:1",negative,1.0,1.163,V,"V:3096,G:2,?:31,T:1",0.000,7.848725500636533e-07,4.030647574806053e-06,0.6680216802168021,-,0.6666666666666666
envelope_protein_E,237,"T:T:16,I:T:5,A:T:1",negative,1.0,1.306,T,"T:3097,?:27,I:5,A:1",0.000,9.422002278380859e-08,7.003155897063537e-07,0.6680216802168021,-,0.6666666666666666
envelope_protein_E,238,F:F:26,negative,1.0,1.369,F,"F:3102,?:28",0.000,1.16910947589588e-09,1.760974571886637e-08,0.6680216802168021,-,0.6666666666666666
envelope_protein_E,239,"K:K:13,K:N:1,K:R:1",negative,1.0,1.383,K,"K:3101,?:27,N:1,R:1",0.000,1.400989542055253e-05,4.160770145983372e-05,0.6680216802168021,-,0.6666666666666666
envelope_protein_E,240,"N:N:33,N:Y:1",negative,1.0,1.694,N,"N:3101,?:28,Y:1",0.000,3.780142088238847e-08,3.628139776285688e-07,0.6680216802168021,-,0.6666666666666666
envelope_protein_E,25,"L:L:23,I:L:1",negative,1.0,0.916,L,"L:3065,?:64,I:1",0.000,3.904497619666714e-07,2.1874060528360113e-06,0.6680216802168021,-,0.6666666666666666
envelope_protein_E,241,"A:T:1,A:A:14",negative,1.0,1.217,A,"A:3101,?:28,T:1",0.000,2.776666531145722e-07,1.7097518945719254e-06,0.6680216802168021,-,0.6666666666666666
envelope_protein_E,242,"H:L:1,H:H:14,H:Q:1,H:R:1",negative,1.0,0.730,H,"H:3096,L:1,?:31,Q:1,R:1",0.000,3.241132806186542e-05,8.279163074870286e-05,0.6680216802168021,-,0.6666666666666666
envelope_protein_E,243,"A:V:1,A:A:15,A:D:1,A:T:1",negative,1.0,1.230,A,"A:3089,V:1,?:38,D:1,T:1",0.000,1.98424789155105e-07,1.2541464237623944e-06,0.6680216802168021,-,0.6666666666666666
envelope_protein_E,244,"K:R:1,I:K:1,K:K:13,K:N:1,K:M:1",negative,1.0,1.440,K,"K:3092,R:1,?:34,I:1,N:1,M:1",0.000,9.14255602635361e-06,2.907922658704729e-05,0.6680216802168021,-,0.6666666666666666
envelope_protein_E,245,"K:K:21,K:R:1",negative,1.0,2.152,K,"K:3089,?:40,R:1",0.000,5.46823631930593e-08,4.729544746347059e-07,0.6680216802168021,-,0.6666666666666666
envelope_protein_E,246,"E:Q:2,Q:Q:6,K:Q:1",negative,1.0,0.634,Q,"Q:3094,E:2,?:33,K:1",0.000,0.01135443594479812,0.014539576417624605,0.6680216802168021,-,0.6666666666666666
envelope_protein_E,247,"E:G:2,E:E:6",negative,1.0,0.632,E,"E:3100,G:2,?:28",0.000,0.003435776068697716,0.004839536005337069,0.6680216802168021,-,0.6666666666666666
envelope_protein_E,248,"V:V:24,L:V:1,A:V:2",negative,1.0,1.945,V,"V:3099,?:27,L:1,A:3",0.063,1.504843638588937e-08,1.5455998204673874e-07,0.6680216802168021,-,0.6666666666666666
envelope_protein_E,249,"L:V:1,V:V:27,A:V:2",negative,1.0,1.274,V,"V:3098,?:29,L:1,A:2",0.000,4.513703133479652e-08,4.0459193541917604e-07,0.6680216802168021,-,0.6666666666666666
envelope_protein_E,250,"V:V:19,L:V:1",negative,1.0,0.839,V,"V:3102,?:27,L:1",0.000,7.437606550420028e-06,2.42830465520336e-05,0.6680216802168021,-,0.6666666666666666
envelope_protein_E,26,"E:E:14,E:K:2",negative,1.0,1.276,E,"E:3071,?:57,K:2",0.000,2.416275783290178e-05,6.6548824645925e-05,0.6680216802168021,-,0.6666666666666666
envelope_protein_E,251,"L:L:8,H:L:1",negative,1.0,0.306,L,"L:3101,?:28,H:1",0.000,0.002297421620936602,0.0033509729559814934,0.6680216802168021,-,0.6666666666666666
envelope_protein_E,252,G:G:3,neutral,1.0,0.242,G,"G:3102,?:28",0.000,0.0562915248128979,0.06514488669661658,0.6680216802168021,-,0.6666666666666666
envelope_protein_E,253,"S:S:17,L:S:1,P:S:1",negative,1.0,1.223,S,"S:3099,?:29,L:1,P:1",0.000,5.410939285521721e-08,4.729544746347059e-07,0.6680216802168021,-,0.6666666666666666
envelope_protein_E,254,"L:Q:1,F:Q:1,Q:Q:6",negative,1.0,0.782,Q,"Q:3100,L:1,?:28,F:1",0.000,0.00541813627945309,0.007338299960907619,0.6680216802168021,-,0.6666666666666666
envelope_protein_E,255,"E:E:28,E:G:1",negative,1.0,2.562,E,"E:3101,?:28,G:1",0.000,2.097628515329575e-09,2.585327145143701e-08,0.6680216802168021,-,0.6666666666666666
envelope_protein_E,256,"G:G:4,G:V:1,G:R:1",negative,1.0,0.323,G,"G:3100,?:28,V:1,R:1",0.000,0.02755925078261245,0.03321934140789227,0.6680216802168021,-,0.6666666666666666
envelope_protein_E,257,A:A:7,negative,1.0,0.564,A,"A:3103,?:27",0.000,0.0004522802419842931,0.0007823654712219527,0.6680216802168021,-,0.6666666666666666
envelope_protein_E,258,"M:W:1,L:M:2,I:M:1",neutral,1.0,0.000,M,"M:3098,W:1,?:28,L:2,I:1",0.000,1.0,1.0,0.6680216802168021,-,0.6666666666666666
envelope_protein_E,259,"H:H:25,H:L:1,H:Q:3",negative,1.0,1.312,H,"H:3093,L:1,?:33,Q:3",0.000,3.90019975204936e-08,3.628139776285688e-07,0.6680216802168021,-,0.6666666666666666
envelope_protein_E,260,"T:T:25,S:T:1",negative,1.0,1.530,T,"T:3095,?:34,S:1",0.000,1.537820537578227e-09,2.1661300715030454e-08,0.6680216802168021,-,0.6666666666666666
envelope_protein_E,27,"H:H:19,D:H:1",negative,1.0,0.997,H,"H:3075,?:54,D:1",0.000,1.926748874669926e-06,7.915726626768947e-06,0.6680216802168021,-,0.6666666666666666
envelope_protein_E,261,"A:A:9,A:V:1",negative,1.0,0.709,A,"A:3094,?:35,V:1",0.000,7.927932685847239e-05,0.00016846856957425382,0.6680216802168021,-,0.6666666666666666
envelope_protein_E,262,"L:L:35,L:M:2",negative,1.0,1.042,L,"L:3097,?:31,M:2",0.000,3.937091963779338e-06,1.4484972672710549e-05,0.6680216802168021,-,0.6666666666666666
envelope_protein_E,263,T:T:6,negative,1.0,0.481,T,"T:3100,?:30",0.000,0.00113119775907855,0.0017817268218074287,0.6680216802168021,-,0.6666666666666666
envelope_protein_E,264,G:G:9,negative,1.0,0.732,G,"G:3100,?:30",0.000,0.000930959163117806,0.0015298762247235947,0.6680216802168021,-,0.6666666666666666
envelope_protein_E,265,"A:P:1,A:A:39,A:T:1,A:S:1",negative,1.0,1.637,A,"A:3093,?:34,P:1,T:1,S:1",0.000,6.762967963425126e-11,1.6670716029842935e-09,0.6680216802168021,-,0.6666666666666666
envelope_protein_E,266,"T:T:11,A:T:1,I:T:4,P:T:1",negative,1.0,0.895,T,"T:3094,?:30,A:1,I:4,P:1",0.000,9.659685883178781e-06,3.0140665445614806e-05,0.6680216802168021,-,0.6666666666666666
envelope_protein_E,267,"E:E:8,E:Q:1,E:G:1",negative,1.0,0.754,E,"E:3096,?:32,Q:1,G:1",0.000,0.001200962880381073,0.0018736541140122436,0.6680216802168021,-,0.6666666666666666
envelope_protein_E,268,"I:I:19,I:N:2,I:V:2,D:I:1",negative,1.0,0.881,I,"I:3092,?:33,N:2,V:2,D:1",0.000,3.252621684435297e-06,1.2430561941291483e-05,0.6680216802168021,-,0.6666666666666666
envelope_protein_E,269,"Q:Q:6,H:Q:1",negative,1.0,0.636,Q,"Q:3100,?:29,H:1",0.000,0.01121736653007799,0.014401462758667835,0.6680216802168021,-,0.6666666666666666
envelope_protein_E,270,"N:T:3,N:N:17,I:N:1,N:S:2,T:T:5,A:T:1,I:T:1",negative,1.0,1.138,N,"N:2245,T:848,?:31,I:3,S:2,A:1",0.224,0.001381909771407952,0.002129004741575376,0.6680216802168021,-,0.6666666666666666
envelope_protein_E,28,G:G:17,negative,1.0,0.812,G,"G:3073,?:57",0.000,0.0001534681299530938,0.0002909991848725971,0.6680216802168021,-,0.6666666666666666
envelope_protein_E,271,"S:T:2,S:S:5,L:S:5,P:T:1",neutral,1.0,0.405,S,"T:183,S:2912,?:29,L:5,P:1",0.106,0.08759534951200376,0.10019607264366091,0.6680216802168021,-,0.6362549134593215
envelope_protein_E,272,"G:R:3,E:G:2,G:G:3",neutral,1.0,0.244,G,"G:3094,?:30,R:4,E:2",0.097,0.3946408961853647,0.42295209091170605,0.6680216802168021,-,0.6430616825898228
envelope_protein_E,273,"G:G:29,C:G:1,G:S:3",negative,1.0,1.269,G,"G:3092,?:34,C:1,S:3",0.000,1.879186146136469e-06,7.851176017332874e-06,0.6680216802168021,-,0.6666666666666666
envelope_protein_E,274,"A:T:1,T:T:12,P:T:1",negative,1.0,0.970,T,"T:3098,A:1,?:30,P:1",0.000,3.971302568905877e-06,1.4502608640522943e-05,0.6680216802168021,-,0.6666666666666666
envelope_protein_E,275,"N:S:3,S:S:25,S:T:2,R:S:1,G:S:2",negative,1.0,1.290,S,"S:3086,N:7,?:31,T:3,R:1,G:2",0.156,0.0001229139157876702,0.00023670531438797424,0.6680216802168021,-,0.6666666666666666
envelope_protein_E,276,"I:I:23,I:N:1,I:V:2",negative,1.0,0.986,I,"I:3097,N:1,?:30,V:2",0.000,5.917154332069074e-07,3.1708229192500585e-06,0.6680216802168021,-,0.6666666666666666
envelope_protein_E,277,"F:F:16,F:L:1,F:Y:1",negative,1.0,0.770,F,"F:3100,L:1,?:28,Y:1",0.000,2.845690321162664e-06,1.1223402626665546e-05,0.6680216802168021,-,0.6666666666666666
envelope_protein_E,278,"A:A:32,A:V:2,A:S:4",negative,1.0,2.319,A,"A:3089,?:32,V:2,S:7",0.057,3.005895532481873e-11,9.261915609459772e-10,0.6680216802168021,-,0.6666666666666666
envelope_protein_E,279,G:G:9,negative,1.0,0.649,G,"G:3102,?:28",0.000,0.001221508474850141,0.0018996961454293992,0.6680216802168021,-,0.6666666666666666
envelope_protein_E,280,"H:H:21,H:P:1",negative,1.0,1.103,H,"H:3102,?:27,P:1",0.000,5.461086747260424e-07,2.991461962665988e-06,0.6680216802168021,-,0.6666666666666666
envelope_protein_E,29,"G:G:14,E:G:1",negative,1.0,0.997,G,"G:3074,?:55,E:1",0.000,5.751591899338937e-05,0.00012772679307991423,0.6680216802168021,-,0.6666666666666666
envelope_protein_E,281,L:L:29,negative,1.0,1.167,L,"L:3097,?:33",0.000,1.532846738649951e-06,6.765565971748483e-06,0.6680216802168021,-,0.6666666666666666
envelope_protein_E,282,K:K:13,negative,1.0,1.321,K,"K:3097,?:33",0.000,1.95180111873805e-05,5.562069084033864e-05,0.6680216802168021,-,0.6666666666666666
envelope_protein_E,283,"C:C:24,C:W:1,C:S:1",negative,1.0,1.213,C,"C:3097,?:31,W:1,S:1",0.000,3.163458783816964e-07,1.879018289664775e-06,0.6680216802168021,-,0.6666666666666666
envelope_protein_E,284,"I:R:1,R:R:9,K:R:1",negative,1.0,0.874,R,"R:3098,?:30,I:1,K:1",0.000,0.0002649120253391812,0.00048192482838456207,0.6680216802168021,-,0.6666666666666666
envelope_protein_E,285,"L:L:39,L:P:1,L:T:1,F:L:1",negative,1.0,1.611,L,"L:3095,?:32,P:1,T:1,F:1",0.000,5.114686452145634e-12,2.0985855788178645e-10,0.6680216802168021,-,0.6666666666666666
envelope_protein_E,286,"K:K:12,K:R:1,K:T:1",negative,1.0,1.046,K,"K:3101,?:27,R:1,T:1",0.000,0.0001096731459804268,0.00021627544387340164,0.6680216802168021,-,0.6666666666666666
envelope_protein_E,287,"K:M:1,M:V:1",neutral,1.0,0.095,M,"M:3099,?:29,K:1,V:1",0.000,1.0,1.0,0.6680216802168021,-,0.6666666666666666
envelope_protein_E,288,"D:D:19,A:D:1",negative,1.0,1.000,D,"D:3101,?:28,A:1",0.000,3.581858090295764e-05,8.829280192579058e-05,0.6680216802168021,-,0.6666666666666666
envelope_protein_E,289,"K:K:4,K:R:2",neutral,1.0,0.423,K,"K:3099,?:27,R:4",0.099,0.1461114235865351,0.16333998146975462,0.6680216802168021,-,0.6559391356321636
envelope_protein_E,290,L:L:31,negative,1.0,1.188,L,"L:3100,?:30",0.000,9.167339648508133e-07,4.6117331088923565e-06,0.6680216802168021,-,0.6666666666666666
envelope_protein_E,30,C:C:19,negative,1.0,0.917,C,"C:3074,?:56",0.000,7.263288098635634e-06,2.4194601571806538e-05,0.6680216802168021,-,0.6666666666666666
envelope_protein_E,291,"E:K:4,E:E:4,E:G:1",negative,1.0,0.423,E,"E:3099,?:26,K:4,G:1",0.000,0.01665437479834886,0.020633814612712225,0.6680216802168021,-,0.6666666666666666
envelope_protein_E,292,"L:P:1,L:L:33",negative,1.0,1.474,L,"L:3098,P:1,?:31",0.000,6.245171046970199e-11,1.6585120703694362e-09,0.6680216802168021,-,0.6666666666666666
envelope_protein_E,293,"K:K:25,E:K:1,K:R:4,K:N:1",negative,1.0,2.234,K,"K:3098,E:1,?:26,R:4,N:1",0.000,1.876847122161962e-08,1.8883380229098925e-07,0.6680216802168021,-,0.6666666666666666
envelope_protein_E,294,G:G:14,negative,1.0,1.002,G,"G:3103,?:27",0.000,5.625275422904696e-05,0.00012710635167184346,0.6680216802168021,-,0.6666666666666666
envelope_protein_E,295,"K:M:1,L:M:1",neutral,1.0,0.000,M,"M:3097,?:28,K:1,L:4",0.046,0.9724068389302828,1.0,0.6680216802168021,-,0.6558333094485058
envelope_protein_E,296,"S:S:17,D:S:1",negative,1.0,0.892,S,"S:3099,?:30,D:1",0.000,3.342213318358045e-05,8.364016070814802e-05,0.6680216802168021,-,0.6666666666666666
envelope_protein_E,297,"Y:Y:15,L:Y:1,F:Y:1",negative,1.0,0.723,Y,"Y:3100,?:28,L:1,F:1",0.000,0.0002074655267272352,0.00038596416859066777,0.6680216802168021,-,0.6666666666666666
envelope_protein_E,298,"A:A:8,A:V:4,A:T:1",negative,1.0,0.650,A,"A:3095,?:29,V:5,T:1",0.057,0.002831761192242155,0.004058308917951693,0.6680216802168021,-,0.6666666666666666
envelope_protein_E,299,I:M:1,neutral,1.0,0.071,M,"M:3100,?:29,I:1",0.000,1.0,1.0,0.6680216802168021,-,0.6666666666666666
envelope_protein_E,300,"C:C:11,C:G:1",negative,1.0,0.577,C,"C:3100,?:29,G:1",0.000,0.000473226450943387,0.0008128942171257484,0.6680216802168021,-,0.6666666666666666
envelope_protein_E,4,"V:V:17,G:V:1,A:V:1",negative,1.0,1.287,V,"V:3113,G:1,?:15,A:1",0.000,1.883820331949337e-07,1.2061343164299e-06,0.6680216802168021,-,0.6666666666666666
envelope_protein_E,31,"G:V:1,V:V:12",negative,1.0,0.856,V,"V:3073,?:56,G:1",0.000,2.106382321831468e-05,5.96808324518916e-05,0.6680216802168021,-,0.6666666666666666
envelope_protein_E,301,"M:T:1,A:T:2,L:T:1,L:L:13,L:S:9,S:S:2,L:Q:1,T:T:2",neutral,1.0,1.121,T,"T:1445,?:31,M:3,A:2,S:573,L:1070,Q:6",0.508,0.04891575955658856,0.057145662230801336,0.6680216802168021,-,0.1589401543409895
envelope_protein_E,302,"N:N:42,N:S:11,A:N:1,K:N:1,K:Q:1,G:N:1,D:N:1,D:D:1",negative,1.0,2.324,N,"N:3038,?:53,S:30,A:1,K:3,Q:1,G:2,D:2",0.516,3.492228723445123e-05,8.695296771002251e-05,0.6680216802168021,-,0.6190654184281538
envelope_protein_E,303,"T:T:11,A:T:16,I:T:2,A:V:4,A:A:6,V:V:1,S:T:1",neutral,1.0,0.802,T,"T:2246,?:34,A:825,I:3,V:21,S:1",0.456,0.1739104036969739,0.191807223764224,0.6680216802168021,-,0.6666666666666666
envelope_protein_E,304,"F:S:2,F:F:15",negative,1.0,0.765,F,"F:3087,S:2,?:41",0.000,3.083492485789208e-06,1.1969777917276218e-05,0.6680216802168021,-,0.6666666666666666
envelope_protein_E,305,"V:V:7,G:V:1",negative,1.0,0.497,V,"V:3087,?:42,G:1",0.000,0.001167359598665207,0.0018270104194982445,0.6680216802168021,-,0.6666666666666666
envelope_protein_E,306,L:L:30,negative,1.0,1.160,L,"L:3085,?:45",0.000,1.267517151792852e-06,6.0085188060949625e-06,0.6680216802168021,-,0.6666666666666666
envelope_protein_E,307,"K:K:15,K:R:4",negative,1.0,1.314,K,"K:3076,?:48,R:6",0.100,0.0003513628592448637,0.0006276155420569486,0.6680216802168021,-,0.6666666666666666
envelope_protein_E,308,"K:K:10,K:R:2,I:K:1",negative,1.0,1.063,K,"K:3076,?:50,R:3,I:1",0.099,0.002516104851253087,0.003637653054744199,0.6680216802168021,-,0.6666666666666666
envelope_protein_E,309,E:E:4,negative,1.0,0.423,E,"E:3081,?:49",0.000,0.01665772457577985,0.020633814612712225,0.6680216802168021,-,0.6666666666666666
envelope_protein_E,310,"V:V:21,I:V:5",negative,1.0,0.934,V,"V:3062,?:62,I:6",0.063,6.683775539373382e-05,0.00014389088824939201,0.6680216802168021,-,0.6666666666666666
envelope_protein_E,32,T:T:35,negative,1.0,1.478,T,"T:3073,?:57",0.000,4.779917572861336e-10,8.41606915507371e-09,0.6680216802168021,-,0.6666666666666666
envelope_protein_E,311,"L:S:1,S:S:24,C:S:1,A:S:1,?:S:1,F:S:1,S:T:1",negative,1.0,1.376,S,"S:3091,L:1,?:34,C:1,A:1,F:1,T:1",0.000,1.224997103754788e-09,1.7762458004444426e-08,0.6680216802168021,-,0.6666666666666666
envelope_protein_E,312,"E:K:2,E:E:7,E:G:1",negative,1.0,0.738,E,"E:3099,K:2,?:28,G:1",0.000,0.001559318629837714,0.002336608159604842,0.6680216802168021,-,0.6666666666666666
envelope_protein_E,313,"T:T:20,P:T:1",negative,1.0,1.472,T,"T:3105,?:24,P:1",0.000,8.140064289285931e-09,9.120572033222646e-08,0.6680216802168021,-,0.6666666666666666
envelope_protein_E,314,"Q:Q:18,H:Q:1",negative,1.0,1.682,Q,"Q:3104,?:25,H:1",0.000,3.310008063883707e-05,8.364016070814802e-05,0.6680216802168021,-,0.6666666666666666
envelope_protein_E,315,"H:L:1,H:H:16,?:H:1,H:Q:1",negative,1.0,0.771,H,"H:3105,?:23,L:1,Q:1",0.000,1.785689286171177e-05,5.183257586144352e-05,0.6680216802168021,-,0.6666666666666666
envelope_protein_E,316,"G:G:10,E:G:1,D:G:1",negative,1.0,0.775,G,"G:3105,?:23,E:1,D:1",0.000,0.0004028331398021612,0.0007092740640088052,0.6680216802168021,-,0.6666666666666666
envelope_protein_E,317,"T:T:9,P:T:2",negative,1.0,0.729,T,"T:3105,?:23,P:2",0.000,6.343670999764406e-05,0.0001389968801281712,0.6680216802168021,-,0.6666666666666666
envelope_protein_E,318,I:V:6,neutral,1.0,0.000,I,"I:3102,V:6,?:22",0.000,1.0,1.0,0.6680216802168021,-,0.6666666666666666
envelope_protein_E,319,"L:P:1,L:L:13,H:L:1",negative,1.0,0.574,L,"L:3104,?:24,P:1,H:1",0.000,4.152790583877852e-05,0.00010085348560846212,0.6680216802168021,-,0.6666666666666666
envelope_protein_E,320,"I:I:61,I:V:3",negative,1.0,2.714,I,"I:3097,?:28,V:5",0.178,3.981703855515661e-12,1.9629800007692208e-10,0.6680216802168021,-,0.6666666666666666
envelope_protein_E,33,"I:T:4,S:T:1,T:T:12",negative,1.0,0.533,T,"T:3065,?:57,I:7,S:1",0.057,0.003565578541286585,0.004968506390590033,0.6680216802168021,-,0.6666666666666666
envelope_protein_E,321,"K:K:16,K:R:2",negative,1.0,1.401,K,"K:3099,?:25,R:6",0.101,0.000191834915201583,0.0003582371711908349,0.6680216802168021,-,0.6666666666666666
envelope_protein_E,322,"V:V:33,I:V:4,L:V:1",negative,1.0,1.414,V,"V:3100,?:25,I:4,L:1",0.000,5.844263961662932e-09,7.027371056341038e-08,0.6680216802168021,-,0.6666666666666666
envelope_protein_E,323,"E:E:12,D:E:2,E:Q:1,E:G:1",negative,1.0,1.050,E,"E:3101,?:22,D:5,Q:1,G:1",0.102,0.002268088901448806,0.003318005425561606,0.6680216802168021,-,0.6666666666666666
envelope_protein_E,324,Y:Y:12,negative,1.0,0.629,Y,"Y:3109,?:21",0.000,0.0005981753100920972,0.001013403532217883,0.6680216802168021,-,0.6666666666666666
envelope_protein_E,325,"K:R:6,K:K:5",neutral,1.0,0.527,K,"K:3076,R:33,?:21",0.198,0.2184992836984766,0.2383189089897101,0.6680216802168021,-,0.6415205596904651
envelope_protein_E,326,G:G:13,negative,1.0,0.926,G,"G:3108,?:22",0.000,0.0001063554548826895,0.00021400791926471798,0.6680216802168021,-,0.6666666666666666
envelope_protein_E,327,"E:Q:1,D:E:2,E:E:2",neutral,1.0,0.211,E,"E:3106,?:21,Q:1,D:2",0.000,0.09049806883567368,0.10327673133330352,0.6680216802168021,-,0.6666666666666666
envelope_protein_E,328,D:D:28,negative,1.0,1.404,D,"D:3107,?:23",0.000,5.420939039879613e-07,2.991461962665988e-06,0.6680216802168021,-,0.6666666666666666
envelope_protein_E,329,"A:A:9,A:S:1,A:T:4,A:V:20,V:V:3",neutral,1.0,0.978,A,"A:2734,S:1,?:22,T:4,V:369",0.522,0.1545252489096811,0.17080929980375065,0.6680216802168021,-,0.3615420824091145
envelope_protein_E,330,"P:S:1,P:P:29",negative,1.0,1.136,P,"P:3106,?:23,S:1",0.000,1.776067071190823e-09,2.3664893678299345e-08,0.6680216802168021,-,0.6666666666666666
envelope_protein_E,34,"I:M:5,L:M:2",neutral,1.0,16.065,M,"M:3066,I:5,?:57,L:2",0.000,0.8508554465848278,0.9001539381251504,0.6680216802168021,-,0.6666666666666666
envelope_protein_E,331,C:C:9,negative,1.0,0.470,C,"C:3108,?:22",0.000,0.001573953651232474,0.0023513913638109384,0.6680216802168021,-,0.6666666666666666
envelope_protein_E,332,"K:K:13,K:R:4",negative,1.0,1.136,K,"K:3103,?:23,R:4",0.000,5.64630649414477e-05,0.00012710635167184346,0.6680216802168021,-,0.6666666666666666
envelope_protein_E,333,"I:I:21,I:V:2",negative,1.0,0.887,I,"I:3101,?:22,V:7",0.059,5.831738491512972e-05,0.00012892587786169935,0.6680216802168021,-,0.6666666666666666
envelope_protein_E,334,"P:P:43,L:P:1",negative,1.0,1.760,P,"P:3101,L:1,?:28",0.000,1.051381204320023e-13,7.40472762471102e-12,0.6680216802168021,-,0.6666666666666666
envelope_protein_E,335,"F:F:21,F:S:1,F:L:2",negative,1.0,1.109,F,"F:3102,?:25,S:1,L:2",0.000,4.44348016159779e-08,4.0459193541917604e-07,0.6680216802168021,-,0.6666666666666666
envelope_protein_E,336,"S:S:20,S:T:1,F:S:4",negative,1.0,0.911,S,"S:3044,?:44,T:1,F:41",0.099,8.394353341489857e-05,0.00017739903886186835,0.6680216802168021,-,0.6666666666666666
envelope_protein_E,337,"I:T:4,T:T:13,M:T:1",negative,1.0,1.013,T,"T:3080,?:45,I:4,M:1",0.000,2.104977857797508e-06,8.437025072310338e-06,0.6680216802168021,-,0.6666666666666666
envelope_protein_E,338,"E:E:14,D:E:2,E:V:1",negative,1.0,1.236,E,"E:3084,?:43,D:2,V:1",0.000,3.044082892611488e-05,8.025309444157559e-05,0.6680216802168021,-,0.6666666666666666
envelope_protein_E,339,D:D:3,neutral,1.0,0.143,D,"D:3089,?:41",0.000,0.1048374632176949,0.11854327836312749,0.6680216802168021,-,0.6666666666666666
envelope_protein_E,340,"G:G:7,G:R:1,E:G:14,A:G:2,G:V:2",neutral,1.0,0.735,G,"G:3030,?:42,R:1,E:51,A:4,V:2",0.582,0.6574054760677344,0.700001943199553,0.6680216802168021,-,0.6610302053657652
envelope_protein_E,35,"A:A:37,A:G:1,A:S:1,A:T:1",negative,1.0,1.456,A,"A:3067,?:60,G:1,S:1,T:1",0.000,5.58473933764958e-10,9.494056874004286e-09,0.6680216802168021,-,0.6666666666666666
envelope_protein_E,341,"Q:Q:6,Q:R:1,H:Q:2",neutral,1.0,0.632,Q,"Q:3055,?:39,R:1,H:35",0.149,0.1167135506253096,0.13166997816539505,0.6680216802168021,-,0.6603630569227543
envelope_protein_E,342,"G:G:17,G:R:1",negative,1.0,1.221,G,"G:3090,?:39,R:1",0.000,8.848655307591713e-06,2.832718874443321e-05,0.6680216802168021,-,0.6666666666666666
envelope_protein_E,343,"K:R:4,K:K:5,K:N:2",neutral,1.0,0.530,K,"K:3071,R:17,?:38,N:4",0.498,0.9227186153247946,0.9720091396477003,0.6680216802168021,-,0.6503203611760663
envelope_protein_E,344,"A:A:29,A:P:1,A:T:6,A:S:3,A:V:8",negative,1.0,1.198,A,"A:3066,P:1,?:41,T:7,S:3,V:12",0.172,4.566659244953364e-05,0.000109289466396214,0.6680216802168021,-,0.6666666666666666
envelope_protein_E,345,"H:Y:10,H:H:22",negative,1.0,1.169,H,"H:3035,Y:56,?:39",0.259,0.001309796807880015,0.002030596938002665,0.6680216802168021,-,0.6620455245340215
envelope_protein_E,346,"N:S:6,K:N:1,N:N:7",neutral,1.0,0.335,N,"N:3078,S:12,?:39,K:1",0.256,0.6936810906875714,0.7370361588555446,0.6680216802168021,-,0.6559984603182614
envelope_protein_E,347,"G:G:17,G:S:2",negative,1.0,0.735,G,"G:3088,?:40,S:2",0.000,0.0002781677082706047,0.0005023321618220078,0.6680216802168021,-,0.6666666666666666
envelope_protein_E,348,"G:R:1,K:R:4,R:R:5",neutral,1.0,0.486,R,"R:3085,G:1,?:38,K:6",0.177,0.2028708647755637,0.22176349519812175,0.6680216802168021,-,0.6400259717541651
envelope_protein_E,349,"L:L:30,L:V:1",negative,1.0,0.896,L,"L:3088,?:41,V:1",0.000,1.799880175057389e-05,5.189128223995864e-05,0.6680216802168021,-,0.6666666666666666
envelope_protein_E,350,"I:I:21,F:I:2,I:V:1,I:T:1",negative,1.0,0.981,I,"I:3086,F:2,?:40,V:1,T:1",0.000,9.362646076205294e-07,4.61578451556921e-06,0.6680216802168021,-,0.6666666666666666
envelope_protein_E,36,"K:N:2,K:K:3,E:K:1,K:R:2",neutral,1.0,0.260,K,"K:3069,N:2,?:56,E:1,R:2",0.000,0.05324057699732887,0.06190472749925267,0.6680216802168021,-,0.6666666666666666
envelope_protein_E,351,T:T:10,negative,1.0,0.816,T,"T:3090,?:40",0.000,2.40629161909478e-05,6.6548824645925e-05,0.6680216802168021,-,0.6666666666666666
envelope_protein_E,352,"A:P:1,A:T:1,A:A:30,A:V:2",negative,1.0,1.254,A,"A:3083,P:1,T:1,?:43,V:2",0.000,1.177012931563581e-08,1.234611436725203e-07,0.6680216802168021,-,0.6666666666666666
envelope_protein_E,353,"N:N:11,H:N:1",negative,1.0,0.579,N,"N:3085,?:44,H:1",0.000,0.001507996598543504,0.0022945750712405786,0.6680216802168021,-,0.6666666666666666
envelope_protein_E,354,"?:P:1,P:P:7,P:R:1",negative,1.0,0.560,P,"P:3084,?:45,R:1",0.000,0.000154071304615977,0.00029102357538573435,0.6680216802168021,-,0.6666666666666666
envelope_protein_E,355,"V:V:13,M:V:3,I:V:1,L:V:2",negative,1.0,1.006,V,"V:3038,?:45,M:3,I:42,L:2",0.067,0.0001892973490139616,0.00035484255917826263,0.6680216802168021,-,0.05183968319278631
envelope_protein_E,356,"E:V:1,V:V:10",negative,1.0,0.719,V,"V:3083,?:46,E:1",0.000,9.785136296258656e-05,0.00020184402485587939,0.6680216802168021,-,0.6666666666666666
envelope_protein_E,357,"T:T:27,N:T:2,I:T:9,A:T:3,T:V:1,S:T:1",negative,1.0,1.144,T,"T:3066,N:2,I:10,?:47,A:3,V:1,S:1",0.057,1.537004845508783e-06,6.765565971748483e-06,0.6680216802168021,-,0.6666666666666666
envelope_protein_E,358,"K:T:1,K:K:13,E:K:1,K:N:1",negative,1.0,1.141,K,"K:3076,?:44,T:1,E:1,N:8",0.100,0.001124121103198372,0.0017762554611435815,0.6680216802168021,-,0.6666666666666666
envelope_protein_E,359,"K:K:7,K:R:6,K:M:1,K:N:1",neutral,1.0,0.612,K,"K:3048,?:44,R:36,M:1,N:1",0.302,0.2874143635136117,0.31073526581625127,0.6680216802168021,-,0.6270017910583703
envelope_protein_E,360,"E:Q:1,E:E:16,D:E:1,E:G:1,E:L:1",negative,1.0,1.510,E,"E:3062,Q:1,?:47,D:18,G:1,L:1",0.102,0.0001110615809079007,0.00021814087405416351,0.6680216802168021,-,0.6666666666666666
envelope_protein_E,37,"N:N:18,N:T:1,N:S:2",negative,1.0,0.952,N,"N:3004,?:57,T:1,S:68",0.090,0.001087627753904696,0.0017296789763710163,0.6680216802168021,-,0.6666666666666666
envelope_protein_E,361,"E:E:23,D:E:5,E:F:1",negative,1.0,2.111,E,"E:3075,?:48,D:6,F:1",0.102,2.000919580691374e-06,8.085683223613504e-06,0.6680216802168021,-,0.6666666666666666
envelope_protein_E,362,"P:P:24,P:S:5,L:P:13,F:L:3,L:V:1",negative,1.0,0.945,P,"P:2773,?:47,S:9,L:297,F:3,V:1",0.318,0.006129777591375229,0.008256776919530022,0.6680216802168021,-,0.2810633750464967
envelope_protein_E,363,"V:V:25,I:V:9,F:V:1",negative,1.0,1.110,V,"V:3042,I:39,?:48,F:1",0.277,0.002413855998798842,0.0035000911982583207,0.6680216802168021,-,0.623037400831903
envelope_protein_E,364,"N:T:1,N:N:29,N:S:1",negative,1.0,1.454,N,"N:3080,T:1,?:48,S:1",0.000,3.59327582355462e-07,2.1089106916814615e-06,0.6680216802168021,-,0.6666666666666666
envelope_protein_E,365,"I:I:15,I:V:1",negative,1.0,0.639,I,"I:3082,?:47,V:1",0.000,5.499931177721518e-05,0.00012517272970215002,0.6680216802168021,-,0.6666666666666666
envelope_protein_E,366,"E:E:12,E:V:1",negative,1.0,1.050,E,"E:3079,?:50,V:1",0.000,0.0001188513702913285,0.00023068395887253918,0.6680216802168021,-,0.6666666666666666
envelope_protein_E,367,"A:G:1,A:A:11,A:V:1,A:T:1,A:D:2",negative,1.0,0.513,A,"A:3075,?:50,G:1,V:1,T:1,D:2",0.000,0.0002927239269717719,0.00052668940144921,0.6680216802168021,-,0.6666666666666666
envelope_protein_E,368,"E:L:1,E:E:7",negative,1.0,0.744,E,"E:3081,L:1,?:48",0.000,0.001518013508970184,0.0023027097228378486,0.6680216802168021,-,0.6666666666666666
envelope_protein_E,369,"L:P:1,P:P:22",negative,1.0,0.833,P,"P:3078,L:1,?:51",0.000,2.632344686670507e-07,1.6427163677576707e-06,0.6680216802168021,-,0.6666666666666666
envelope_protein_E,370,"L:P:1,P:P:11,P:R:2",negative,1.0,0.423,P,"P:3078,L:1,?:49,R:2",0.000,0.0002246530701407456,0.00041480885235725684,0.6680216802168021,-,0.6666666666666666
envelope_protein_E,38,"K:K:7,K:R:2",negative,1.0,0.608,K,"K:3067,?:57,R:6",0.100,0.03995254902766343,0.04712106859004323,0.6680216802168021,-,0.6666666666666666
envelope_protein_E,371,F:F:6,negative,1.0,0.287,F,"F:3079,?:51",0.000,0.004139703554351226,0.005669094034153207,0.6680216802168021,-,0.6666666666666666
envelope_protein_E,372,"G:W:1,G:G:13,A:G:1",negative,1.0,0.931,G,"G:3078,?:50,W:1,A:1",0.000,0.0001035268796620858,0.00021090393253474506,0.6680216802168021,-,0.6666666666666666
envelope_protein_E,373,E:E:13,negative,1.0,1.391,E,"E:3080,?:50",0.000,1.507113998977516e-05,4.449144919137218e-05,0.6680216802168021,-,0.6666666666666666
envelope_protein_E,374,"N:S:1,S:S:47,G:S:1,C:S:1,I:S:1",negative,1.0,2.419,S,"S:3074,N:1,?:52,G:1,C:1,I:1",0.000,4.70146144238015e-12,2.0985855788178645e-10,0.6680216802168021,-,0.6666666666666666
envelope_protein_E,375,"N:N:33,I:N:1,N:Y:1,N:P:1,N:T:4,H:N:2",negative,1.0,1.702,N,"N:3072,I:1,?:49,Y:1,P:1,T:4,H:2",0.000,3.900434242254391e-08,3.628139776285688e-07,0.6680216802168021,-,0.6666666666666666
envelope_protein_E,376,"I:M:4,I:T:1,I:L:1,I:I:3,I:V:2",negative,1.0,1.028,I,"I:3075,M:4,?:47,T:1,L:1,V:2",0.000,0.0004626881121819748,0.0007975707668031943,0.6680216802168021,-,0.6666666666666666
envelope_protein_E,377,"V:V:19,I:V:3,L:V:1,M:V:2,I:L:1",negative,1.0,1.750,V,"V:2472,I:605,?:49,L:2,M:2",0.181,5.716938718203224e-06,1.9539792881184682e-05,0.6680216802168021,-,0.6666666666666666
envelope_protein_E,378,"I:V:2,I:L:2,I:T:1,I:I:10,F:I:1",negative,1.0,0.467,I,"I:3075,?:48,V:3,L:2,T:1,F:1",0.059,0.00941811674037063,0.012154794641368379,0.6680216802168021,-,0.6666666666666666
envelope_protein_E,379,"G:G:9,G:R:1",negative,1.0,0.734,G,"G:3081,?:48,R:1",0.000,0.0009271495824948461,0.001528711518963074,0.6680216802168021,-,0.6666666666666666
envelope_protein_E,380,"I:T:32,I:I:10,I:V:3,I:S:2,I:M:1,T:T:1,A:T:1",neutral,1.0,0.467,I,"T:596,I:2472,?:50,V:8,S:2,M:1,A:1",0.830,0.1531028041426629,0.16961726391535462,0.6680216802168021,-,0.1161513579659273
envelope_protein_E,39,P:P:34,negative,1.0,1.545,P,"P:3063,?:67",0.000,6.465716850811987e-12,2.2768560053216495e-10,0.6680216802168021,-,0.6666666666666666
envelope_protein_E,381,G:G:4,negative,1.0,0.324,G,"G:3081,?:49",0.000,0.02738952467818434,0.03313989474040377,0.6680216802168021,-,0.6666666666666666
envelope_protein_E,382,"D:D:14,D:E:2,D:G:3,D:N:4",negative,1.0,0.736,D,"D:3070,?:49,E:3,G:4,N:4",0.185,0.03204137966413012,0.0381555559768506,0.6680216802168021,-,0.6481855190141576
envelope_protein_E,383,"K:N:2,N:N:11,N:T:1,N:S:1,K:R:1,K:K:2",negative,1.0,1.008,K,"N:1434,?:53,K:1639,T:1,S:1,R:2",0.190,0.008049346113593314,0.010470521461745394,0.6680216802168021,-,0.6666666666666666
envelope_protein_E,384,"A:A:20,A:P:1,A:T:1,A:S:1",negative,1.0,0.883,A,"A:3075,?:52,P:1,T:1,S:1",0.000,1.807834492661975e-06,7.617627392156869e-06,0.6680216802168021,-,0.6666666666666666
envelope_protein_E,385,"L:L:21,L:W:1,L:S:1",negative,1.0,0.811,L,"L:3078,W:1,?:50,S:1",0.000,4.757500536445303e-05,0.00011206167608697668,0.6680216802168021,-,0.6666666666666666
envelope_protein_E,386,"K:K:7,K:R:10,K:N:1",neutral,1.0,0.741,K,"K:2933,?:51,R:145,N:1",0.396,0.3085144488750337,0.3328175564450583,0.6680216802168021,-,0.6666666666666666
envelope_protein_E,387,"I:I:25,I:N:1,I:V:1",negative,1.0,1.205,I,"I:3073,?:55,N:1,V:1",0.000,5.810643188830511e-08,4.939046710505934e-07,0.6680216802168021,-,0.6666666666666666
envelope_protein_E,388,N:N:19,negative,1.0,0.979,N,"N:3075,?:55",0.000,3.189341522003009e-05,8.189298803893144e-05,0.6680216802168021,-,0.6666666666666666
envelope_protein_E,389,R:W:1,neutral,1.0,0.000,W,"W:3078,?:51,R:1",0.000,1.0,1.0,0.6680216802168021,-,0.6666666666666666
envelope_protein_E,390,"F:Y:1,S:Y:2,Y:Y:23,I:Y:1",negative,1.0,1.213,Y,"Y:3073,F:1,S:2,?:53,I:1",0.000,1.996511219237718e-06,8.085683223613504e-06,0.6680216802168021,-,0.6666666666666666
envelope_protein_E,40,"R:T:1,T:T:11,M:T:1",negative,1.0,0.784,T,"T:3071,R:1,?:57,M:1",0.000,2.302568440915032e-05,6.449808189608584e-05,0.6680216802168021,-,0.6666666666666666
envelope_protein_E,391,"K:K:10,D:K:1,E:K:1,K:R:4,K:N:1",neutral,1.0,0.878,K,"K:3069,?:50,D:1,E:1,R:8,N:1",0.305,0.08329861079242351,0.0957254431717128,0.6680216802168021,-,0.6666666666666666
envelope_protein_E,392,"K:R:5,K:K:26",negative,1.0,2.325,K,"K:3068,?:55,R:7",0.100,3.795022571750906e-07,2.150512790658847e-06,0.6680216802168021,-,0.6666666666666666
envelope_protein_E,393,"G:G:18,A:G:1,G:H:1",negative,1.0,1.529,G,"G:3071,?:57,A:1,H:1",0.000,1.690666339482227e-06,7.376092967829539e-06,0.6680216802168021,-,0.6666666666666666
envelope_protein_E,394,"N:S:1,S:S:12,E:S:1",negative,1.0,0.655,S,"S:3071,N:1,?:57,E:1",0.000,0.0003981274092461629,0.0007035011209977001,0.6680216802168021,-,0.6666666666666666
envelope_protein_E,395,"S:S:27,F:S:1,P:S:2,S:T:2",negative,1.0,1.524,S,"S:3067,?:58,F:1,P:2,T:2",0.000,2.062098269917101e-10,4.235893529454711e-09,0.6680216802168021,-,0.6666666666666666
envelope_protein_E,396,"I:I:15,I:N:1",negative,1.0,0.637,I,"I:3069,?:60,N:1",0.000,5.74871984844183e-05,0.00012772679307991423,0.6680216802168021,-,0.6666666666666666
envelope_protein_E,397,"G:G:18,E:G:1",negative,1.0,1.291,G,"G:3071,?:58,E:1",0.000,4.884528093551666e-06,1.720051678657837e-05,0.6680216802168021,-,0.6666666666666666
envelope_protein_E,398,"K:K:9,K:T:1,K:R:3",negative,1.0,0.786,K,"K:3065,?:61,T:1,R:3",0.000,0.0008026095072698469,0.0013367786725811978,0.6680216802168021,-,0.6666666666666666
envelope_protein_E,399,"I:M:5,M:V:2",neutral,1.0,0.000,M,"M:3062,I:6,?:60,V:2",0.046,0.9849062982742223,1.0,0.6680216802168021,-,0.6554453575718471
envelope_protein_E,400,"F:F:33,F:L:2",negative,1.0,1.776,F,"F:3066,?:62,L:2",0.000,5.53379564394163e-12,2.0985855788178645e-10,0.6680216802168021,-,0.6666666666666666
envelope_protein_E,5,"G:G:7,A:G:1",negative,1.0,0.568,G,"G:3114,?:15,A:1",0.000,0.003525124053114781,0.004937176585754508,0.6680216802168021,-,0.6666666666666666
envelope_protein_E,41,"L:L:36,L:P:1",negative,1.0,1.065,L,"L:3073,?:56,P:1",0.000,3.125867645170644e-06,1.2039474602102558e-05,0.6680216802168021,-,0.6666666666666666
envelope_protein_E,401,"E:E:8,E:K:3,A:E:1",negative,1.0,0.700,E,"E:3065,K:4,?:60,A:1",0.102,0.02318837412879404,0.028366919219591714,0.6680216802168021,-,0.6666666666666666
envelope_protein_E,402,"A:A:23,A:S:1,A:T:2,A:V:2,A:G:2",negative,1.0,1.026,A,"A:3063,?:60,S:1,T:2,V:2,G:2",0.000,2.809125830838255e-07,1.7097518945719254e-06,0.6680216802168021,-,0.6666666666666666
envelope_protein_E,403,"T:T:19,I:T:1,P:T:1",negative,1.0,0.729,T,"T:3125,?:3,I:1,P:1",0.000,9.265091313048757e-06,2.9157737052043004e-05,0.6680216802168021,-,0.6666666666666666
envelope_protein_E,404,"A:P:1,A:E:2,A:A:16,A:T:2,A:S:1",negative,1.0,0.776,A,"A:3121,P:1,E:2,?:3,T:2,S:1",0.000,8.126528389662546e-06,2.6357753263839706e-05,0.6680216802168021,-,0.6666666666666666
envelope_protein_E,405,"R:R:15,E:R:1,K:R:2,G:R:1",negative,1.0,1.430,R,"R:3122,?:3,E:1,K:2,G:2",0.089,7.225585963743786e-05,0.00015420839307903406,0.6680216802168021,-,0.6666666666666666
envelope_protein_E,406,G:G:25,negative,1.0,0.967,G,G:3130,0.000,2.596632553897305e-05,6.995299721701483e-05,0.6680216802168021,-,0.6666666666666666
envelope_protein_E,407,A:A:12,negative,1.0,0.976,A,A:3130,0.000,4.196196746075742e-06,1.5211213204524565e-05,0.6680216802168021,-,0.6666666666666666
envelope_protein_E,408,R:R:14,negative,1.0,1.137,R,R:3130,0.000,1.381451342874485e-05,4.12760916386134e-05,0.6680216802168021,-,0.6666666666666666
envelope_protein_E,409,R:R:15,negative,1.0,0.666,R,R:3130,0.000,6.642997738559586e-05,0.0001436402581188542,0.6680216802168021,-,0.6666666666666666
envelope_protein_E,410,L:M:1,neutral,1.0,0.000,M,"M:3129,L:1",0.000,1.0,1.0,0.6680216802168021,-,0.6666666666666666
envelope_protein_E,42,"D:D:30,D:H:1,D:G:1",negative,1.0,1.521,D,"D:3064,?:63,H:1,G:2",0.089,8.21685317198284e-06,2.6476526887500266e-05,0.6680216802168021,-,0.6666666666666666
envelope_protein_E,411,A:A:20,negative,1.0,0.886,A,"A:3129,?:1",0.000,1.717433715908712e-06,7.399869579584869e-06,0.6680216802168021,-,0.6666666666666666
envelope_protein_E,412,"I:I:25,I:L:1",negative,1.0,1.191,I,"I:3128,?:1,L:1",0.000,7.419735237323977e-08,5.899886245162453e-07,0.6680216802168021,-,0.6666666666666666
envelope_protein_E,413,L:L:31,negative,1.0,1.156,L,L:3130,0.000,1.198003302782524e-06,5.734132313318295e-06,0.6680216802168021,-,0.6666666666666666
envelope_protein_E,414,"G:G:8,A:G:1",negative,1.0,0.649,G,"G:3129,A:1",0.000,0.001827346286816911,0.0027134991548214975,0.6680216802168021,-,0.6666666666666666
envelope_protein_E,415,"D:N:2,D:E:1,D:D:15",negative,1.0,0.790,D,"D:3124,N:2,E:4",0.092,0.004550589933820959,0.006214517555051891,0.6680216802168021,-,0.6666666666666666
envelope_protein_E,416,"T:T:5,I:T:1",negative,1.0,0.405,T,"T:3129,I:1",0.000,0.00286725737169724,0.004097269229700694,0.6680216802168021,-,0.6666666666666666
envelope_protein_E,417,"A:A:26,A:T:1",negative,1.0,1.100,A,"A:3127,T:1,?:2",0.000,8.614494007019857e-08,6.612271750805477e-07,0.6680216802168021,-,0.6666666666666666
envelope_protein_E,418,"L:W:1,G:W:1",neutral,1.0,0.000,W,"W:3128,L:1,G:1",0.000,1.0,1.0,0.6680216802168021,-,0.6666666666666666
envelope_protein_E,419,"D:D:18,D:E:2,D:V:1",negative,1.0,0.853,D,"D:3127,E:2,V:1",0.000,0.0001376351406666698,0.0002630004819715822,0.6680216802168021,-,0.6666666666666666
envelope_protein_E,420,"F:F:9,F:L:2,C:F:1",negative,1.0,0.430,F,"F:3125,L:2,?:2,C:1",0.000,0.000452246153612057,0.0007823654712219527,0.6680216802168021,-,0.6666666666666666
envelope_protein_E,43,"I:R:1,I:I:2,I:V:1",negative,1.0,0.709,I,"I:3072,?:56,R:1,V:1",0.000,0.003897216146817373,0.005381869917033515,0.6680216802168021,-,0.6666666666666666
envelope_protein_E,421,G:G:7,negative,1.0,0.481,G,"G:3126,?:4",0.000,0.005926402441968071,0.008004702476411668,0.6680216802168021,-,0.6666666666666666
envelope_protein_E,422,"S:S:3,S:W:1",negative,1.0,0.324,S,"S:3126,?:3,W:1",0.000,0.006357945030955436,0.008471532162867649,0.6680216802168021,-,0.6666666666666666
envelope_protein_E,423,"G:V:1,V:V:24,M:V:2,E:V:1",negative,1.0,1.785,V,"V:3123,G:1,?:3,M:2,E:1",0.000,1.122684945009667e-09,1.760974571886637e-08,0.6680216802168021,-,0.6666666666666666
envelope_protein_E,424,"G:G:13,D:G:1",negative,1.0,0.505,G,"G:3127,?:2,D:1",0.000,0.002360249250064506,0.003432456873987615,0.6680216802168021,-,0.6666666666666666
envelope_protein_E,425,"G:G:24,G:V:1",negative,1.0,0.936,G,"G:3125,?:4,V:1",0.000,3.533720053405798e-05,8.754391891100795e-05,0.6680216802168021,-,0.6666666666666666
envelope_protein_E,426,"V:V:25,I:V:3,A:V:2",negative,1.0,0.975,V,"V:3119,?:6,I:3,A:2",0.000,9.993729912505245e-07,4.87812757115355e-06,0.6680216802168021,-,0.6666666666666666
envelope_protein_E,427,"L:L:37,L:M:1,F:L:1",negative,1.0,1.159,L,"L:3124,M:1,?:4,F:1",0.000,1.384829934281129e-06,6.471609905629703e-06,0.6680216802168021,-,0.6666666666666666
envelope_protein_E,428,"N:N:18,K:N:1",negative,1.0,0.898,N,"N:3126,?:3,K:1",0.000,5.509631307376583e-05,0.00012517272970215002,0.6680216802168021,-,0.6666666666666666
envelope_protein_E,429,S:S:3,negative,1.0,0.242,S,"S:3128,?:2",0.000,0.01817611310762035,0.02240205940514208,0.6680216802168021,-,0.6666666666666666
envelope_protein_E,430,"L:L:41,F:L:6,I:L:2",negative,1.0,1.677,L,"L:3086,?:3,F:9,I:32",0.246,2.463337254343667e-05,6.746807035507933e-05,0.6680216802168021,-,0.6666666666666666
envelope_protein_E,44,"E:Q:1,E:E:10,E:K:1,K:K:1",negative,1.0,0.962,E,"E:3069,?:57,Q:1,K:3",0.102,0.004123798571394999,0.005663043720606503,0.6680216802168021,-,0.6666666666666666
envelope_protein_E,431,"G:R:1,G:G:39,A:G:1",negative,1.0,2.271,G,"G:3124,R:1,?:4,A:1",0.000,6.605417324223595e-10,1.0854902469474108e-08,0.6680216802168021,-,0.6666666666666666
envelope_protein_E,432,"K:R:1,K:K:8",negative,1.0,0.843,K,"K:3127,R:1,?:2",0.000,0.0006774989107506402,0.0011360781054424,0.6680216802168021,-,0.6666666666666666
envelope_protein_E,433,"I:M:4,M:V:4,L:M:1,M:R:1,M:T:6,K:M:1",neutral,1.0,0.000,M,"M:3110,I:4,V:4,L:1,?:2,R:1,T:7,K:1",0.046,0.9276235114984874,0.9750925184834847,0.6680216802168021,-,0.6623996265042068
envelope_protein_E,434,"L:V:1,V:V:15,I:V:2,E:V:1,A:V:1",negative,1.0,1.028,V,"V:3122,L:1,?:2,I:3,E:1,A:1",0.063,7.157375354427398e-05,0.00015341678477098726,0.6680216802168021,-,0.6666666666666666
envelope_protein_E,435,"H:H:24,H:R:1",negative,1.0,1.259,H,"H:3127,?:2,R:1",0.000,8.718005350960567e-08,6.612271750805477e-07,0.6680216802168021,-,0.6666666666666666
envelope_protein_E,436,"K:Q:1,P:Q:1,Q:Q:5",negative,1.0,0.606,Q,"Q:3127,?:1,K:1,P:1",0.000,0.01389402253587257,0.017473859974962185,0.6680216802168021,-,0.6666666666666666
envelope_protein_E,437,"I:I:6,I:L:1,I:V:9,I:T:1",negative,1.0,2.332,I,"I:3103,L:1,?:1,V:24,T:1",0.203,0.0001083291740252568,0.00021534791449375645,0.6680216802168021,-,0.6666666666666666
envelope_protein_E,438,F:F:33,negative,1.0,1.671,F,"F:3128,?:2",0.000,1.440125796392522e-11,4.733213450810089e-10,0.6680216802168021,-,0.6666666666666666
envelope_protein_E,439,G:G:9,negative,1.0,0.673,G,"G:3128,?:2",0.000,0.001537753824571553,0.002320621012042377,0.6680216802168021,-,0.6666666666666666
envelope_protein_E,440,"R:S:2,S:S:21,G:S:3",negative,1.0,1.020,S,"S:3117,R:2,?:8,G:3",0.000,5.076179981355899e-06,1.762363894935534e-05,0.6680216802168021,-,0.6666666666666666
envelope_protein_E,45,"L:L:34,F:L:1,L:R:1,L:V:1",negative,1.0,1.388,L,"L:3067,?:60,F:1,R:1,V:1",0.000,1.397889581866707e-10,3.1325434720922115e-09,0.6680216802168021,-,0.6666666666666666
envelope_protein_E,441,"A:A:10,A:G:1,A:T:1",negative,1.0,0.382,A,"A:3125,?:3,G:1,T:1",0.000,0.001386376358268326,0.002129232226250108,0.6680216802168021,-,0.6666666666666666
envelope_protein_E,442,Y:Y:28,negative,1.0,1.491,Y,"Y:3128,?:2",0.000,1.441661690027018e-07,9.736153605250957e-07,0.6680216802168021,-,0.6666666666666666
envelope_protein_E,443,"P:T:1,T:T:10,A:T:3,M:T:1",negative,1.0,0.780,T,"T:3120,?:2,P:1,A:6,M:1",0.057,0.0006264315165588341,0.001054029821377151,0.6680216802168021,-,0.6666666666666666
envelope_protein_E,444,"A:A:22,A:V:7,A:T:3",negative,1.0,0.992,A,"A:3115,?:3,V:9,T:3",0.114,0.0001091382895854753,0.00021608504725156353,0.6680216802168021,-,0.6666666666666666
envelope_protein_E,445,"L:L:51,F:L:1",negative,1.0,1.593,L,"L:3122,?:7,F:1",0.000,1.674193228495824e-09,2.2927146156901145e-08,0.6680216802168021,-,0.6666666666666666
envelope_protein_E,446,"F:S:1,F:F:21,C:F:2,F:V:1",negative,1.0,1.102,F,"F:3123,S:1,C:2,?:3,V:1",0.000,3.247549795748483e-08,3.202084098608004e-07,0.6680216802168021,-,0.6666666666666666
envelope_protein_E,447,"S:T:2,S:S:20,G:S:6",negative,1.0,0.965,S,"S:2941,T:3,?:4,G:182",0.154,0.001682049727643409,0.002505288567154685,0.6680216802168021,-,0.6666666666666666
envelope_protein_E,448,G:G:6,negative,1.0,0.484,G,"G:3128,?:2",0.000,0.007005981909057102,0.00921053088310707,0.6680216802168021,-,0.6666666666666666
envelope_protein_E,449,"V:V:19,L:V:1",negative,1.0,0.841,V,"V:3127,?:2,L:1",0.000,7.380892254715832e-06,2.4258532543832702e-05,0.6680216802168021,-,0.6666666666666666
envelope_protein_E,450,"S:S:16,S:Y:1",negative,1.0,0.738,S,"S:3127,?:2,Y:1",0.000,5.189494904467296e-06,1.789105585945718e-05,0.6680216802168021,-,0.6666666666666666
envelope_protein_E,46,Q:Q:12,negative,1.0,1.050,Q,"Q:3066,?:64",0.000,0.0009785278457454805,0.0015713818500082146,0.6680216802168021,-,0.6666666666666666
envelope_protein_E,451,V:W:1,negative,1.0,10000.000,W,"W:3128,V:1,?:1",0.000,0.0002508491417438918,0.0004597346724153853,0.6680216802168021,-,0.6666666666666666
envelope_protein_E,452,"V:V:9,I:V:5,I:T:2,I:M:3,A:V:1",negative,1.0,1.224,I,"V:1476,?:2,I:1646,T:2,M:3,A:1",0.109,0.000262575067359494,0.00047944262299344644,0.6680216802168021,-,0.6666666666666666
envelope_protein_E,453,M:R:2,neutral,1.0,0.000,M,"M:3128,R:2",0.000,1.0,1.0,0.6680216802168021,-,0.6666666666666666
envelope_protein_E,454,"K:K:9,K:R:1",negative,1.0,0.953,K,"K:3129,R:1",0.000,0.0003050286395961388,0.0005468331611668961,0.6680216802168021,-,0.6666666666666666
envelope_protein_E,455,"I:M:1,I:I:21,I:P:1,I:V:1",negative,1.0,0.898,I,"I:3126,M:1,P:1,V:2",0.059,5.262203888378725e-05,0.00012122740733507997,0.6680216802168021,-,0.6666666666666666
envelope_protein_E,456,"E:G:1,G:R:3,G:G:1",neutral,1.0,0.081,G,"G:3125,E:1,R:4",0.097,0.8976371113287497,0.9476126250215708,0.6680216802168021,-,0.6107761519024439
envelope_protein_E,457,"I:K:1,I:M:2",neutral,1.0,0.000,I,"I:3127,K:1,M:2",0.000,1.0,1.0,0.6680216802168021,-,0.6666666666666666
envelope_protein_E,458,G:G:16,negative,1.0,0.672,G,"G:3129,?:1",0.000,0.0005152907176843025,0.0008790253419320454,0.6680216802168021,-,0.6666666666666666
envelope_protein_E,459,"V:V:28,F:V:3,G:V:1,A:V:15,L:V:2,I:V:6,I:I:1,F:L:2",neutral,1.0,1.280,V,"V:2972,F:15,G:1,A:83,L:9,I:48,?:2",0.832,0.1880878689658835,0.20698062366111733,0.6680216802168021,-,0.6666666666666666
envelope_protein_E,460,"F:L:2,L:V:2,L:L:23",negative,1.0,1.019,L,"L:3125,F:2,V:3",0.048,1.498387403042756e-06,6.765565971748483e-06,0.6680216802168021,-,0.6666666666666666
envelope_protein_E,47,"K:K:14,K:R:4",negative,1.0,1.227,K,"K:3064,?:59,R:7",0.202,0.003567649619206636,0.004968506390590033,0.6680216802168021,-,0.6666666666666666
envelope_protein_E,461,"L:L:31,F:L:1",negative,1.0,1.238,L,"L:3125,F:1,?:4",0.000,7.996586408598461e-07,4.064244432411383e-06,0.6680216802168021,-,0.6666666666666666
envelope_protein_E,462,"T:T:21,N:T:2,I:T:2",negative,1.0,0.854,T,"T:3125,N:2,I:2,?:1",0.000,1.91167312146856e-06,7.915726626768947e-06,0.6680216802168021,-,0.6666666666666666
envelope_protein_E,463,"S:W:1,R:W:1",neutral,1.0,0.000,W,"W:3127,S:1,R:2",0.097,0.9443813721939642,0.9905957797694135,0.6680216802168021,-,0.6559200520583246
envelope_protein_E,464,"I:M:1,I:V:1,I:I:1",negative,1.0,0.347,I,"I:3128,M:1,V:1",0.000,0.04224939903078018,0.04959274695755864,0.6680216802168021,-,0.6666666666666666
envelope_protein_E,465,"G:G:18,G:R:1",negative,1.0,1.287,G,"G:3129,R:1",0.000,4.949696351008726e-06,1.7306385113810653e-05,0.6680216802168021,-,0.6666666666666666
envelope_protein_E,466,"L:L:36,F:L:1,L:W:1",negative,1.0,1.389,L,"L:3127,F:1,W:1,?:1",0.000,1.110034294482531e-07,7.817812959712683e-07,0.6680216802168021,-,0.6666666666666666
envelope_protein_E,467,"N:Y:1,N:N:19",negative,1.0,0.923,N,"N:3129,Y:1",0.000,3.728633796107328e-05,9.100081492479766e-05,0.6680216802168021,-,0.6666666666666666
envelope_protein_E,468,"S:S:5,A:S:1,P:S:1",negative,1.0,0.404,S,"S:3124,A:2,P:1,?:3",0.053,0.02677438137939436,0.03251174881783601,0.6680216802168021,-,0.6666666666666666
envelope_protein_E,469,"K:Q:1,K:R:10,K:T:1,K:K:7",negative,1.0,0.739,K,"K:3115,Q:1,R:12,T:1,?:1",0.100,0.01994272730669877,0.02445712577662312,0.6680216802168021,-,0.6666666666666666
envelope_protein_E,470,"N:T:1,N:N:22,K:N:1",negative,1.0,1.159,N,"N:3123,T:1,?:5,K:1",0.000,7.318103887210547e-06,2.4213592056340935e-05,0.6680216802168021,-,0.6666666666666666
envelope_protein_E,48,"N:T:1,T:T:24,I:T:1",negative,1.0,1.080,T,"T:3068,N:1,?:60,I:1",0.000,1.236015951810998e-07,8.582476961166508e-07,0.6680216802168021,-,0.6666666666666666
envelope_protein_E,471,"T:T:17,I:T:6,A:T:2",negative,1.0,0.844,T,"T:3090,I:34,A:2,?:4",0.226,0.008183024031581887,0.010616396967289133,0.6680216802168021,-,0.6666666666666666
envelope_protein_E,472,"S:T:1,S:W:1,D:S:1,S:S:24,P:S:7",negative,1.0,1.023,S,"S:3112,T:1,W:1,D:1,P:13,?:2",0.149,9.743253751293146e-05,0.0002018245419910723,0.6680216802168021,-,0.6666666666666666
envelope_protein_E,473,"M:V:1,I:M:4",neutral,1.0,0.095,M,"M:3125,V:1,I:4",0.000,1.0,1.0,0.6680216802168021,-,0.6666666666666666
envelope_protein_E,474,"S:T:2,S:S:3,A:S:1",neutral,1.0,0.243,S,"S:3126,T:3,A:1",0.053,0.1489805429983549,0.1657955027047155,0.6680216802168021,-,0.6607928560404022
envelope_protein_E,475,"F:F:20,F:L:6,F:S:1",negative,1.0,0.962,F,"F:3123,L:6,S:1",0.000,1.672663718643719e-07,1.0994976177218046e-06,0.6680216802168021,-,0.6666666666666666
envelope_protein_E,476,"S:S:10,P:S:1,L:S:3",negative,1.0,0.810,S,"S:3124,P:1,L:3,?:2",0.000,1.622323438310591e-05,4.7607467564709606e-05,0.6680216802168021,-,0.6666666666666666
envelope_protein_E,477,"C:V:1,C:F:2,C:C:32,C:S:1,C:W:1",negative,1.0,1.713,C,"C:3124,V:1,F:2,S:1,W:1,?:1",0.000,2.022266576418019e-09,2.5563523645489316e-08,0.6680216802168021,-,0.6666666666666666
envelope_protein_E,478,"I:S:2,I:L:2,I:I:14,I:V:1",negative,1.0,0.587,I,"I:3122,S:3,L:2,?:2,V:1",0.059,0.002192407520939854,0.003216836035188536,0.6680216802168021,-,0.6666666666666666
envelope_protein_E,479,"A:A:12,A:V:30,A:I:1,E:V:1,A:T:3,V:V:6,L:V:1",neutral,1.0,1.391,V,"A:1495,V:1626,I:2,E:1,T:3,L:1,?:2",0.936,0.2518100639015778,0.2734413248975283,0.6680216802168021,-,0.134420657401907
envelope_protein_E,480,"I:I:2,I:T:9,I:M:3,I:V:3,I:K:1",neutral,1.0,0.630,I,"I:3104,?:3,T:16,M:3,V:3,K:1",0.152,0.1508659671750103,0.16751558967855873,0.6680216802168021,-,0.6489273235263249
envelope_protein_E,49,E:E:3,neutral,1.0,0.261,E,"E:3071,?:59",0.000,0.0547557594246324,0.06351668093257358,0.6680216802168021,-,0.6666666666666666
envelope_protein_E,481,"G:G:9,A:G:1,G:R:1",negative,1.0,0.730,G,"G:3128,A:1,R:1",0.000,0.0009398814962945368,0.0015343098598450552,0.6680216802168021,-,0.6666666666666666
envelope_protein_E,482,"I:V:5,I:I:22,I:T:1,I:L:1",negative,1.0,1.048,I,"I:3114,V:11,T:1,L:1,?:3",0.060,1.288307071323214e-05,3.920588803471262e-05,0.6680216802168021,-,0.6666666666666666
envelope_protein_E,483,"I:I:58,I:Y:1,I:N:1,I:T:1,I:V:3",negative,1.0,2.708,I,"I:3124,Y:1,N:1,T:1,V:3",0.000,4.440892098500626e-16,2.1893598045608087e-13,0.6680216802168021,-,0.6666666666666666
envelope_protein_E,484,"T:T:9,A:T:1,N:T:1",negative,1.0,0.804,T,"T:3127,?:1,A:1,N:1",0.000,2.811095321297863e-05,7.450913943009926e-05,0.6680216802168021,-,0.6666666666666666
envelope_protein_E,485,"L:R:1,L:L:12",negative,1.0,0.621,L,"L:3127,?:2,R:1",0.000,2.120766190139012e-05,5.974501324220188e-05,0.6680216802168021,-,0.6666666666666666
envelope_protein_E,486,"F:Y:3,Y:Y:18,C:Y:2,D:Y:1",negative,1.0,0.869,Y,"Y:3124,F:3,C:2,D:1",0.000,4.804523989632159e-05,0.00011225736146391728,0.6680216802168021,-,0.6666666666666666
envelope_protein_E,487,"L:L:39,F:L:1,L:V:2,L:M:2,E:L:1,L:R:1,L:P:1",negative,1.0,1.167,L,"L:3117,?:3,F:1,V:2,M:3,E:2,R:1,P:1",0.252,0.001492157627360102,0.0022775037470233136,0.3903527214431586,-,0.003255726702599326
envelope_protein_E,488,"G:G:11,A:G:2,E:G:1",negative,1.0,0.891,G,"G:3125,A:3,?:1,E:1",0.097,0.004625595530001081,0.00628214489336235,0.6680216802168021,-,0.6666666666666666
envelope_protein_E,489,"I:V:1,A:V:9,A:A:29,A:E:2,D:V:1,A:T:6,A:S:9,A:K:1,V:V:2,T:T:1,N:T:3,S:T:1",negative,1.0,1.450,A,"V:187,I:1,A:2741,E:2,D:1,?:4,T:176,S:11,K:2,N:5",0.597,0.009171208574797807,0.011867206895998213,0.3903527214431586,-,0.003958952550133454
envelope_protein_E,490,"V:V:22,G:V:2,E:V:1,F:V:2,L:V:4,S:V:1,A:V:1",negative,1.0,1.712,V,"V:3113,G:2,E:1,F:3,L:4,?:2,S:1,A:4",0.131,1.519039383723886e-06,6.765565971748483e-06,0.3903527214431586,-,0.003130357851127585
envelope_protein_E,50,"A:A:19,A:V:7",negative,1.0,0.847,A,"A:3047,?:59,V:24",0.115,0.0005751897610690726,0.0009778225938174233,0.6680216802168021,-,0.6666666666666666
envelope_protein_E,491,"L:V:1,A:V:2,V:V:20,E:V:2,G:V:2,R:V:1,I:V:3",negative,1.0,1.686,V,"V:3114,L:1,A:2,E:3,?:2,G:2,R:1,I:5",0.127,1.459106168888447e-06,6.722797581887891e-06,0.6680216802168021,-,0.6666666666666666
envelope_protein_E,492,"Q:Q:11,Q:S:1",negative,1.0,1.244,Q,"Q:3127,?:2,S:1",0.000,0.0004133672511427156,0.0007252315117913125,0.6680216802168021,-,0.6666666666666666
envelope_protein_E,493,"A:T:2,A:A:12,A:G:3,A:R:2,A:V:1,A:F:1,A:S:3",neutral,1.0,0.555,A,"A:3111,?:2,T:3,G:4,R:2,V:1,F:1,S:6",0.229,0.09480764068763015,0.10744865944598082,0.6680216802168021,-,0.01438433773003334
envelope_protein_E,6,"E:V:2,V:V:35,M:V:2,I:V:5,L:V:1,A:V:1",negative,1.0,2.768,V,"V:3097,?:21,E:2,M:2,I:6,L:1,A:1",0.063,3.772537837676282e-12,1.9629800007692208e-10,0.6680216802168021,-,0.6666666666666666
envelope_protein_E,51,"T:T:13,P:T:1,S:T:2",negative,1.0,0.577,T,"T:3044,?:68,P:1,S:17",0.056,0.002078489572541642,0.00306795017743422,0.6680216802168021,-,0.6666666666666666
envelope_protein_E,52,"Q:Q:5,H:Q:1,Q:R:2",neutral,1.0,0.529,Q,"Q:3066,?:58,H:4,R:2",0.150,0.1928140210659416,0.21170893627062184,0.6680216802168021,-,0.6537703744948338
envelope_protein_E,53,"L:L:29,L:P:1",negative,1.0,0.832,L,"L:3071,?:58,P:1",0.000,3.668925893818287e-05,8.998907789315499e-05,0.6680216802168021,-,0.6666666666666666
envelope_protein_E,54,A:A:15,negative,1.0,1.104,A,"A:3072,?:58",0.000,6.570143602502299e-07,3.4095587326669823e-06,0.6680216802168021,-,0.6666666666666666
envelope_protein_E,55,"T:T:12,I:T:6",neutral,1.0,0.533,T,"T:3057,?:57,I:16",0.170,0.05108687712353066,0.059540970264540465,0.6680216802168021,-,0.606903953170486
envelope_protein_E,56,"L:L:25,I:L:1",negative,1.0,0.739,L,"L:3072,?:57,I:1",0.000,0.0001076552036255451,0.00021487455622426613,0.6680216802168021,-,0.6666666666666666
envelope_protein_E,57,R:R:16,negative,1.0,1.323,R,"R:3073,?:57",0.000,3.053705101563331e-06,1.194822710373589e-05,0.6680216802168021,-,0.6666666666666666
envelope_protein_E,58,K:K:7,negative,1.0,0.573,K,"K:3065,?:65",0.000,0.004614840297293088,0.00628214489336235,0.6680216802168021,-,0.6666666666666666
envelope_protein_E,59,L:L:28,negative,1.0,0.887,L,"L:3065,?:65",0.000,2.387575322693181e-05,6.650139175636939e-05,0.6680216802168021,-,0.6666666666666666
envelope_protein_E,60,C:C:23,negative,1.0,1.184,C,"C:3072,?:58",0.000,6.032992767579515e-07,3.1926401706003066e-06,0.6680216802168021,-,0.6666666666666666
envelope_protein_E,7,"G:G:6,E:G:3",negative,1.0,0.486,G,"G:3112,E:3,?:15",0.000,0.006909011099820006,0.009131749255258078,0.6680216802168021,-,0.6666666666666666
envelope_protein_E,61,"I:I:10,I:V:1,F:I:1",neutral,1.0,0.419,I,"I:3065,?:59,V:2,F:4",0.118,0.06497251340527266,0.07501510329929607,0.6680216802168021,-,0.6331903585252957
envelope_protein_E,62,"E:G:5,?:E:1,E:E:7",neutral,1.0,0.695,E,"E:3057,G:13,?:60",0.204,0.08643925071725445,0.0991036060548987,0.6680216802168021,-,0.6666666666666666
envelope_protein_E,63,"G:G:38,A:G:1",negative,1.0,2.963,G,"G:3059,?:69,A:2",0.097,1.178745656638114e-09,1.760974571886637e-08,0.6680216802168021,-,0.6666666666666666
envelope_protein_E,64,"K:K:15,K:R:2",negative,1.0,1.575,K,"K:3068,?:60,R:2",0.000,3.525685798089206e-06,1.3167902261045292e-05,0.6680216802168021,-,0.6666666666666666
envelope_protein_E,65,"I:I:52,I:N:1",negative,1.0,2.446,I,"I:3064,?:65,N:1",0.000,8.215650382226158e-15,1.012578909609374e-12,0.6680216802168021,-,0.6666666666666666
envelope_protein_E,66,"T:T:19,N:T:1",negative,1.0,0.843,T,"T:3068,?:61,N:1",0.000,2.82180679755939e-06,1.1218957670941768e-05,0.6680216802168021,-,0.6666666666666666
envelope_protein_E,67,"N:N:16,N:T:1,N:S:1",negative,1.0,0.843,N,"N:3061,T:1,?:67,S:1",0.000,0.000132172348947357,0.00025354462268889884,0.6680216802168021,-,0.6666666666666666
envelope_protein_E,68,"I:M:2,I:V:8,I:I:1,V:V:5,I:T:1",negative,1.0,1.070,I,"I:2209,?:70,M:2,V:847,T:2",0.327,0.03920113575975193,0.046363043422668525,0.6680216802168021,-,0.6666666666666666
envelope_protein_E,69,"T:T:9,P:T:2,A:T:1",negative,1.0,0.729,T,"T:3058,P:2,?:69,A:1",0.000,6.391280150619405e-05,0.0001394204032856357,0.6680216802168021,-,0.6666666666666666
envelope_protein_E,70,"T:T:20,P:T:1",negative,1.0,0.812,T,"T:3057,?:71,P:2",0.057,9.390639544570867e-05,0.0001961688684522643,0.6680216802168021,-,0.6666666666666666
envelope_protein_E,8,"N:N:19,N:Y:2,N:S:1,K:N:1,G:N:1,N:T:1",negative,1.0,0.997,N,"N:3108,Y:2,?:16,S:1,K:1,G:1,T:1",0.000,3.121494725955021e-05,8.142311639660451e-05,0.6680216802168021,-,0.6666666666666666
envelope_protein_E,71,"D:D:14,D:V:1,D:N:3,D:G:1",negative,1.0,0.737,D,"D:3049,?:73,V:1,N:6,G:1",0.093,0.007096630371732471,0.009280208947650154,0.6680216802168021,-,0.6666666666666666
envelope_protein_E,72,S:S:4,negative,1.0,0.325,S,"S:3057,?:73",0.000,0.006332476102424489,0.008460462651748707,0.6680216802168021,-,0.6666666666666666
envelope_protein_E,73,"R:R:11,K:R:2",negative,1.0,0.965,R,"R:3052,?:76,K:2",0.000,8.420157219812818e-05,0.00017739903886186835,0.6680216802168021,-,0.6666666666666666
envelope_protein_E,74,"C:C:20,C:G:1,C:W:1",negative,1.0,0.999,C,"C:3054,?:74,G:1,W:1",0.000,3.348948175219135e-06,1.26032935143743e-05,0.6680216802168021,-,0.6666666666666666
envelope_protein_E,75,P:P:51,negative,1.0,2.029,P,"P:3053,?:77",0.000,1.998401444325282e-15,4.926059560261821e-13,0.6680216802168021,-,0.6666666666666666
envelope_protein_E,76,"R:T:1,T:T:24,S:T:1",negative,1.0,1.116,T,"T:3054,?:74,R:1,S:1",0.000,7.570603621775973e-08,5.924297754818341e-07,0.6680216802168021,-,0.6666666666666666
envelope_protein_E,77,Q:Q:25,negative,1.0,2.613,Q,"Q:3052,?:78",0.000,3.01511808409316e-07,1.8127478237291804e-06,0.6680216802168021,-,0.6666666666666666
envelope_protein_E,78,G:G:11,negative,1.0,0.783,G,"G:3056,?:74",0.000,0.0003630002805637966,0.0006437379076185314,0.6680216802168021,-,0.6666666666666666
envelope_protein_E,79,"E:E:7,D:E:1",negative,1.0,0.741,E,"E:3055,?:74,D:1",0.000,0.00154806353070791,0.00232681500194817,0.6680216802168021,-,0.6666666666666666
envelope_protein_E,80,"A:A:20,A:V:1",negative,1.0,1.455,A,"A:3052,?:77,V:1",0.000,1.099168045470833e-08,1.1780214052546102e-07,0.6680216802168021,-,0.6666666666666666
envelope_protein_E,9,"K:R:2,R:T:2,R:R:6",negative,1.0,0.654,R,"R:3109,K:2,T:2,?:17",0.000,0.00209545725033855,0.0030837624609459857,0.6680216802168021,-,0.6666666666666666
envelope_protein_E,81,"I:V:5,A:V:4,V:V:11,A:T:1,A:A:1,I:I:10,I:S:1,I:T:17,T:T:4",neutral,1.0,1.051,V,"V:1291,?:78,I:1223,A:45,T:492,S:1",0.790,0.3976019784660169,0.4252012481209248,0.6680216802168021,-,0.6666666666666666
envelope_protein_E,82,"L:L:35,L:V:1,F:L:1,L:P:3,P:S:1,L:S:1",negative,1.0,1.329,L,"L:3046,V:1,?:77,F:1,P:3,S:2",0.081,9.28552680967698e-06,2.9157737052043004e-05,0.6680216802168021,-,0.6666666666666666
envelope_protein_E,83,"P:S:4,P:P:13,L:P:2",negative,1.0,0.500,P,"P:3046,?:78,S:4,L:2",0.000,6.26341767501204e-05,0.0001378511122223632,0.6680216802168021,-,0.6666666666666666
envelope_protein_E,84,E:E:12,negative,1.0,1.052,E,"E:3054,?:76",0.000,0.0001176189565825769,0.00022919425136446803,0.6680216802168021,-,0.6666666666666666
envelope_protein_E,85,E:E:5,negative,1.0,0.436,E,"E:3055,?:75",0.000,0.01303968782912801,0.016568469329278634,0.6680216802168021,-,0.6666666666666666
envelope_protein_E,86,"Q:Q:11,H:Q:1,P:Q:1,Q:R:2,E:Q:1",negative,1.0,1.052,Q,"Q:3050,H:1,?:75,P:1,R:2,E:1",0.000,0.0009773884778920827,0.0015713818500082146,0.6680216802168021,-,0.6666666666666666
envelope_protein_E,87,"D:V:1,D:D:12,D:Y:1,D:G:1,D:N:1",negative,1.0,0.631,D,"D:3050,V:1,?:76,Y:1,G:1,N:1",0.000,0.001030567387178771,0.0016495770190880978,0.6680216802168021,-,0.6666666666666666
envelope_protein_E,88,"Q:Q:8,K:Q:3",negative,1.0,0.711,Q,"Q:3051,?:76,K:3",0.000,0.006699946990678662,0.008879230823668227,0.6680216802168021,-,0.6666666666666666
envelope_protein_E,89,"N:N:12,N:S:2,K:N:1",negative,1.0,0.628,N,"N:3052,?:75,S:2,K:1",0.000,0.0009457653373734498,0.0015388195093237978,0.6680216802168021,-,0.6666666666666666
envelope_protein_E,90,"Y:Y:16,H:Y:4,N:Y:1",negative,1.0,0.797,Y,"Y:3047,?:78,H:4,N:1",0.000,0.0001212984880448742,0.0002345104102200901,0.6680216802168021,-,0.6666666666666666
envelope_protein_E,10,"D:E:1,D:G:1,D:S:1,D:D:19",negative,1.0,0.920,D,"D:3125,?:2,E:1,G:1,S:1",0.000,4.229701200952896e-05,0.00010171915571072087,0.6680216802168021,-,0.6666666666666666
envelope_protein_E,91,"V:V:22,A:V:1",negative,1.0,1.626,V,"V:3049,?:80,A:1",0.000,6.055858148279469e-09,7.108423969289948e-08,0.6680216802168021,-,0.6666666666666666
envelope_protein_E,92,"C:C:41,C:Y:1,C:W:1",negative,1.0,1.994,C,"C:3048,?:80,Y:1,W:1",0.000,4.97623053874463e-11,1.4431068562359426e-09,0.6680216802168021,-,0.6666666666666666
envelope_protein_E,93,"K:M:1,K:R:4,K:K:6,E:K:1",negative,1.0,0.521,K,"K:3044,?:80,M:1,R:4,E:1",0.000,0.006312775617577371,0.008457060813765337,0.6680216802168021,-,0.6666666666666666
envelope_protein_E,94,"H:H:48,H:R:1",negative,1.0,2.569,H,"H:3045,?:84,R:1",0.000,2.131628207280301e-14,2.101785412378377e-12,0.6680216802168021,-,0.6666666666666666
envelope_protein_E,95,"T:T:11,S:T:1,A:T:2",negative,1.0,0.881,T,"T:3048,?:79,S:1,A:2",0.000,1.080175759649027e-05,3.3282915594185644e-05,0.6680216802168021,-,0.6666666666666666
envelope_protein_E,96,"C:Y:1,Y:Y:12",negative,1.0,0.629,Y,"Y:3050,?:79,C:1",0.000,0.0006021923004103646,0.0010167150825421568,0.6680216802168021,-,0.6666666666666666
envelope_protein_E,97,"V:V:27,L:V:2",negative,1.0,1.998,V,"V:3049,?:79,L:2",0.000,1.492727053076237e-10,3.199627987680804e-09,0.6680216802168021,-,0.6666666666666666
envelope_protein_E,98,D:D:17,negative,1.0,0.874,D,"D:3049,?:81",0.000,9.580208345960628e-05,0.0001992845027239911,0.6680216802168021,-,0.6666666666666666
envelope_protein_E,99,"G:R:1,R:R:6",negative,1.0,0.581,R,"R:3052,?:77,G:1",0.000,0.002926093805285523,0.004169260826606251,0.6680216802168021,-,0.6666666666666666
envelope_protein_E,100,"G:G:21,G:R:3",negative,1.0,0.910,G,"G:3048,?:79,R:3",0.000,5.323606571561168e-05,0.00012207153673393748,0.6680216802168021,-,0.6666666666666666
